[2024-11-13 10:07:03.181] [189623] [HailoRT] [info] [vdevice_native_stream.cpp:331] [read_impl] Failed read from stream HAILO_STREAM_NOT_ACTIVATED(72) (device: 0000:01:00.0)
[2024-11-13 10:07:03.181] [159140] [HailoRT] [info] [core_op.cpp:186] [deactivate] Deactivating took 0.459164 ms
[2024-11-13 10:07:03.181] [159140] [HailoRT] [info] [core_op.cpp:186] [deactivate] Deactivating took 0.474758 ms
[2024-11-13 10:07:03.181] [189617] [HailoRT] [info] [queue_elements.cpp:690] [run_in_thread] Shutdown event was signaled in run_pull of queue element PullQEl_hw_read1palm_detection_lite/conv24!
[2024-11-13 10:07:03.181] [189618] [HailoRT] [info] [queue_elements.cpp:811] [run_in_thread] Shutdown event was signaled in dequeue of UserBuffQEl1palm_detection_lite/conv24!
[2024-11-13 10:07:03.181] [189617] [HailoRT] [info] [queue_elements.cpp:54] [operator()] Thread in element PullQEl_hw_read1palm_detection_lite/conv24 is not running anymore, exiting..
[2024-11-13 10:07:03.181] [159140] [HailoRT] [info] [queue_elements.cpp:43] [~BaseQueueElement] Queue element PullQEl_hw_read1palm_detection_lite/conv24 has 0 frames in his Queue on destruction
[2024-11-13 10:07:03.181] [189618] [HailoRT] [info] [queue_elements.cpp:54] [operator()] Thread in element UserBuffQEl1palm_detection_lite/conv24 is not running anymore, exiting..
[2024-11-13 10:07:03.181] [159140] [HailoRT] [info] [queue_elements.cpp:43] [~BaseQueueElement] Queue element UserBuffQEl1palm_detection_lite/conv24 has 0 frames in his Queue on destruction
[2024-11-13 10:07:03.181] [189619] [HailoRT] [info] [queue_elements.cpp:690] [run_in_thread] Shutdown event was signaled in run_pull of queue element PullQEl_hw_read3palm_detection_lite/conv25!
[2024-11-13 10:07:03.181] [189620] [HailoRT] [info] [queue_elements.cpp:811] [run_in_thread] Shutdown event was signaled in dequeue of UserBuffQEl3palm_detection_lite/conv25!
[2024-11-13 10:07:03.181] [189619] [HailoRT] [info] [queue_elements.cpp:54] [operator()] Thread in element PullQEl_hw_read3palm_detection_lite/conv25 is not running anymore, exiting..
[2024-11-13 10:07:03.181] [159140] [HailoRT] [info] [queue_elements.cpp:43] [~BaseQueueElement] Queue element PullQEl_hw_read3palm_detection_lite/conv25 has 0 frames in his Queue on destruction
[2024-11-13 10:07:03.182] [189620] [HailoRT] [info] [queue_elements.cpp:54] [operator()] Thread in element UserBuffQEl3palm_detection_lite/conv25 is not running anymore, exiting..
[2024-11-13 10:07:03.182] [159140] [HailoRT] [info] [queue_elements.cpp:43] [~BaseQueueElement] Queue element UserBuffQEl3palm_detection_lite/conv25 has 0 frames in his Queue on destruction
[2024-11-13 10:07:03.182] [189621] [HailoRT] [info] [queue_elements.cpp:690] [run_in_thread] Shutdown event was signaled in run_pull of queue element PullQEl_hw_read2palm_detection_lite/conv29!
[2024-11-13 10:07:03.182] [189622] [HailoRT] [info] [queue_elements.cpp:811] [run_in_thread] Shutdown event was signaled in dequeue of UserBuffQEl2palm_detection_lite/conv29!
[2024-11-13 10:07:03.182] [189621] [HailoRT] [info] [queue_elements.cpp:54] [operator()] Thread in element PullQEl_hw_read2palm_detection_lite/conv29 is not running anymore, exiting..
[2024-11-13 10:07:03.182] [159140] [HailoRT] [info] [queue_elements.cpp:43] [~BaseQueueElement] Queue element PullQEl_hw_read2palm_detection_lite/conv29 has 0 frames in his Queue on destruction
[2024-11-13 10:07:03.182] [189622] [HailoRT] [info] [queue_elements.cpp:54] [operator()] Thread in element UserBuffQEl2palm_detection_lite/conv29 is not running anymore, exiting..
[2024-11-13 10:07:03.182] [159140] [HailoRT] [info] [queue_elements.cpp:43] [~BaseQueueElement] Queue element UserBuffQEl2palm_detection_lite/conv29 has 0 frames in his Queue on destruction
[2024-11-13 10:07:03.182] [189623] [HailoRT] [info] [queue_elements.cpp:690] [run_in_thread] Shutdown event was signaled in run_pull of queue element PullQEl_hw_read0palm_detection_lite/conv30!
[2024-11-13 10:07:03.182] [189624] [HailoRT] [info] [queue_elements.cpp:811] [run_in_thread] Shutdown event was signaled in dequeue of UserBuffQEl0palm_detection_lite/conv30!
[2024-11-13 10:07:03.182] [189623] [HailoRT] [info] [queue_elements.cpp:54] [operator()] Thread in element PullQEl_hw_read0palm_detection_lite/conv30 is not running anymore, exiting..
[2024-11-13 10:07:03.182] [159140] [HailoRT] [info] [queue_elements.cpp:43] [~BaseQueueElement] Queue element PullQEl_hw_read0palm_detection_lite/conv30 has 0 frames in his Queue on destruction
[2024-11-13 10:07:03.182] [189624] [HailoRT] [info] [queue_elements.cpp:54] [operator()] Thread in element UserBuffQEl0palm_detection_lite/conv30 is not running anymore, exiting..
[2024-11-13 10:07:03.182] [159140] [HailoRT] [info] [queue_elements.cpp:43] [~BaseQueueElement] Queue element UserBuffQEl0palm_detection_lite/conv30 has 0 frames in his Queue on destruction
[2024-11-13 10:07:03.205] [159140] [HailoRT] [info] [edge_elements.cpp:52] [create] Created (HwWriteEl2palm_detection_lite/input_layer1 | hw_frame_size: 110592)
[2024-11-13 10:07:03.205] [159140] [HailoRT] [info] [vstream.cpp:754] [InputVStreamImpl] Creating palm_detection_lite/input_layer1...
[2024-11-13 10:07:03.205] [159140] [HailoRT] [info] [vstream_builder.cpp:102] [create_inputs] Input pipeline 'palm_detection_lite/input_layer1': (HwWriteEl2palm_detection_lite/input_layer1 | hw_frame_size: 110592) >> HW
[2024-11-13 10:07:03.206] [159140] [HailoRT] [info] [edge_elements.cpp:287] [create] Created (HwReadEl1palm_detection_lite/conv24 | hw_frame_size: 1152)
[2024-11-13 10:07:03.206] [159140] [HailoRT] [info] [queue_elements.cpp:613] [create] Created (PullQEl_hw_read1palm_detection_lite/conv24)
[2024-11-13 10:07:03.206] [159140] [HailoRT] [info] [filter_elements.cpp:360] [create] Created (PostInferEl1palm_detection_lite/conv24 | Quantization - src_type: UINT8, dst_type FLOAT32, limvals_min: -25.5854, limvals_max: 4.76007 | Reorder - src_order: FCR, src_shape: (12, 12, 8), dst_order: FCR, dst_shape: (12, 12, 6))
[2024-11-13 10:07:03.206] [159140] [HailoRT] [info] [queue_elements.cpp:756] [create] Created (UserBuffQEl1palm_detection_lite/conv24 | timeout: 10s)
[2024-11-13 10:07:03.206] [159140] [HailoRT] [info] [vstream.cpp:1107] [OutputVStreamImpl] Creating palm_detection_lite/conv24...
[2024-11-13 10:07:03.206] [159140] [HailoRT] [info] [vstream_builder.cpp:225] [create_outputs] Output pipeline 'palm_detection_lite/conv24': HW >> (HwReadEl1palm_detection_lite/conv24 | hw_frame_size: 1152) >> (PullQEl_hw_read1palm_detection_lite/conv24) >> (PostInferEl1palm_detection_lite/conv24 | Quantization - src_type: UINT8, dst_type FLOAT32, limvals_min: -25.5854, limvals_max: 4.76007 | Reorder - src_order: FCR, src_shape: (12, 12, 8), dst_order: FCR, dst_shape: (12, 12, 6)) >> (UserBuffQEl1palm_detection_lite/conv24 | timeout: 10s)
[2024-11-13 10:07:03.206] [159140] [HailoRT] [info] [edge_elements.cpp:287] [create] Created (HwReadEl3palm_detection_lite/conv25 | hw_frame_size: 16128)
[2024-11-13 10:07:03.206] [159140] [HailoRT] [info] [queue_elements.cpp:613] [create] Created (PullQEl_hw_read3palm_detection_lite/conv25)
[2024-11-13 10:07:03.206] [159140] [HailoRT] [info] [filter_elements.cpp:360] [create] Created (PostInferEl3palm_detection_lite/conv25 | Quantization - src_type: UINT8, dst_type FLOAT32, limvals_min: -75.2335, limvals_max: 140.323 | Reorder - src_order: FCR, src_shape: (12, 12, 112), dst_order: FCR, dst_shape: (12, 12, 108))
[2024-11-13 10:07:03.206] [159140] [HailoRT] [info] [queue_elements.cpp:756] [create] Created (UserBuffQEl3palm_detection_lite/conv25 | timeout: 10s)
[2024-11-13 10:07:03.206] [159140] [HailoRT] [info] [vstream.cpp:1107] [OutputVStreamImpl] Creating palm_detection_lite/conv25...
[2024-11-13 10:07:03.206] [159140] [HailoRT] [info] [vstream_builder.cpp:225] [create_outputs] Output pipeline 'palm_detection_lite/conv25': HW >> (HwReadEl3palm_detection_lite/conv25 | hw_frame_size: 16128) >> (PullQEl_hw_read3palm_detection_lite/conv25) >> (PostInferEl3palm_detection_lite/conv25 | Quantization - src_type: UINT8, dst_type FLOAT32, limvals_min: -75.2335, limvals_max: 140.323 | Reorder - src_order: FCR, src_shape: (12, 12, 112), dst_order: FCR, dst_shape: (12, 12, 108)) >> (UserBuffQEl3palm_detection_lite/conv25 | timeout: 10s)
[2024-11-13 10:07:03.206] [159140] [HailoRT] [info] [edge_elements.cpp:287] [create] Created (HwReadEl2palm_detection_lite/conv29 | hw_frame_size: 1152)
[2024-11-13 10:07:03.206] [159140] [HailoRT] [info] [queue_elements.cpp:613] [create] Created (PullQEl_hw_read2palm_detection_lite/conv29)
[2024-11-13 10:07:03.206] [159140] [HailoRT] [info] [filter_elements.cpp:360] [create] Created (PostInferEl2palm_detection_lite/conv29 | Quantization - src_type: UINT8, dst_type FLOAT32, limvals_min: -21.9402, limvals_max: 3.03637)
[2024-11-13 10:07:03.206] [159140] [HailoRT] [info] [queue_elements.cpp:756] [create] Created (UserBuffQEl2palm_detection_lite/conv29 | timeout: 10s)
[2024-11-13 10:07:03.206] [159140] [HailoRT] [info] [vstream.cpp:1107] [OutputVStreamImpl] Creating palm_detection_lite/conv29...
[2024-11-13 10:07:03.206] [159140] [HailoRT] [info] [vstream_builder.cpp:225] [create_outputs] Output pipeline 'palm_detection_lite/conv29': HW >> (HwReadEl2palm_detection_lite/conv29 | hw_frame_size: 1152) >> (PullQEl_hw_read2palm_detection_lite/conv29) >> (PostInferEl2palm_detection_lite/conv29 | Quantization - src_type: UINT8, dst_type FLOAT32, limvals_min: -21.9402, limvals_max: 3.03637) >> (UserBuffQEl2palm_detection_lite/conv29 | timeout: 10s)
[2024-11-13 10:07:03.206] [159140] [HailoRT] [info] [edge_elements.cpp:287] [create] Created (HwReadEl0palm_detection_lite/conv30 | hw_frame_size: 23040)
[2024-11-13 10:07:03.206] [159140] [HailoRT] [info] [queue_elements.cpp:613] [create] Created (PullQEl_hw_read0palm_detection_lite/conv30)
[2024-11-13 10:07:03.206] [159140] [HailoRT] [info] [filter_elements.cpp:360] [create] Created (PostInferEl0palm_detection_lite/conv30 | Quantization - src_type: UINT8, dst_type FLOAT32, limvals_min: -36.3947, limvals_max: 52.8423 | Reorder - src_order: FCR, src_shape: (24, 24, 40), dst_order: FCR, dst_shape: (24, 24, 36))
[2024-11-13 10:07:03.206] [159140] [HailoRT] [info] [queue_elements.cpp:756] [create] Created (UserBuffQEl0palm_detection_lite/conv30 | timeout: 10s)
[2024-11-13 10:07:03.206] [159140] [HailoRT] [info] [vstream.cpp:1107] [OutputVStreamImpl] Creating palm_detection_lite/conv30...
[2024-11-13 10:07:03.206] [159140] [HailoRT] [info] [vstream_builder.cpp:225] [create_outputs] Output pipeline 'palm_detection_lite/conv30': HW >> (HwReadEl0palm_detection_lite/conv30 | hw_frame_size: 23040) >> (PullQEl_hw_read0palm_detection_lite/conv30) >> (PostInferEl0palm_detection_lite/conv30 | Quantization - src_type: UINT8, dst_type FLOAT32, limvals_min: -36.3947, limvals_max: 52.8423 | Reorder - src_order: FCR, src_shape: (24, 24, 40), dst_order: FCR, dst_shape: (24, 24, 36)) >> (UserBuffQEl0palm_detection_lite/conv30 | timeout: 10s)
[2024-11-13 10:07:03.207] [159140] [HailoRT] [info] [core_op.cpp:156] [activate] Activating palm_detection_lite took 0.400276 milliseconds. Note that the function is asynchronous and thus the network is not fully activated yet.
[2024-11-13 10:07:03.207] [159140] [HailoRT] [info] [core_op.cpp:156] [activate] Activating palm_detection_lite took 0.413054 milliseconds. Note that the function is asynchronous and thus the network is not fully activated yet.
[2024-11-13 10:07:03.216] [189632] [HailoRT] [info] [vdevice_native_stream.cpp:331] [read_impl] Failed read from stream HAILO_STREAM_NOT_ACTIVATED(72) (device: 0000:01:00.0)
[2024-11-13 10:07:03.216] [189630] [HailoRT] [info] [vdevice_native_stream.cpp:331] [read_impl] Failed read from stream HAILO_STREAM_NOT_ACTIVATED(72) (device: 0000:01:00.0)
[2024-11-13 10:07:03.216] [189634] [HailoRT] [info] [vdevice_native_stream.cpp:331] [read_impl] Failed read from stream HAILO_STREAM_NOT_ACTIVATED(72) (device: 0000:01:00.0)
[2024-11-13 10:07:03.216] [189636] [HailoRT] [info] [vdevice_native_stream.cpp:331] [read_impl] Failed read from stream HAILO_STREAM_NOT_ACTIVATED(72) (device: 0000:01:00.0)
[2024-11-13 10:07:03.217] [159140] [HailoRT] [info] [core_op.cpp:186] [deactivate] Deactivating took 0.472258 ms
[2024-11-13 10:07:03.217] [159140] [HailoRT] [info] [core_op.cpp:186] [deactivate] Deactivating took 0.48935 ms
[2024-11-13 10:07:03.217] [189630] [HailoRT] [info] [queue_elements.cpp:690] [run_in_thread] Shutdown event was signaled in run_pull of queue element PullQEl_hw_read1palm_detection_lite/conv24!
[2024-11-13 10:07:03.217] [189631] [HailoRT] [info] [queue_elements.cpp:811] [run_in_thread] Shutdown event was signaled in dequeue of UserBuffQEl1palm_detection_lite/conv24!
[2024-11-13 10:07:03.217] [189630] [HailoRT] [info] [queue_elements.cpp:54] [operator()] Thread in element PullQEl_hw_read1palm_detection_lite/conv24 is not running anymore, exiting..
[2024-11-13 10:07:03.217] [159140] [HailoRT] [info] [queue_elements.cpp:43] [~BaseQueueElement] Queue element PullQEl_hw_read1palm_detection_lite/conv24 has 0 frames in his Queue on destruction
[2024-11-13 10:07:03.217] [189631] [HailoRT] [info] [queue_elements.cpp:54] [operator()] Thread in element UserBuffQEl1palm_detection_lite/conv24 is not running anymore, exiting..
[2024-11-13 10:07:03.217] [159140] [HailoRT] [info] [queue_elements.cpp:43] [~BaseQueueElement] Queue element UserBuffQEl1palm_detection_lite/conv24 has 0 frames in his Queue on destruction
[2024-11-13 10:07:03.217] [189632] [HailoRT] [info] [queue_elements.cpp:690] [run_in_thread] Shutdown event was signaled in run_pull of queue element PullQEl_hw_read3palm_detection_lite/conv25!
[2024-11-13 10:07:03.217] [189633] [HailoRT] [info] [queue_elements.cpp:811] [run_in_thread] Shutdown event was signaled in dequeue of UserBuffQEl3palm_detection_lite/conv25!
[2024-11-13 10:07:03.217] [189632] [HailoRT] [info] [queue_elements.cpp:54] [operator()] Thread in element PullQEl_hw_read3palm_detection_lite/conv25 is not running anymore, exiting..
[2024-11-13 10:07:03.217] [159140] [HailoRT] [info] [queue_elements.cpp:43] [~BaseQueueElement] Queue element PullQEl_hw_read3palm_detection_lite/conv25 has 0 frames in his Queue on destruction
[2024-11-13 10:07:03.217] [189633] [HailoRT] [info] [queue_elements.cpp:54] [operator()] Thread in element UserBuffQEl3palm_detection_lite/conv25 is not running anymore, exiting..
[2024-11-13 10:07:03.217] [159140] [HailoRT] [info] [queue_elements.cpp:43] [~BaseQueueElement] Queue element UserBuffQEl3palm_detection_lite/conv25 has 0 frames in his Queue on destruction
[2024-11-13 10:07:03.217] [189634] [HailoRT] [info] [queue_elements.cpp:690] [run_in_thread] Shutdown event was signaled in run_pull of queue element PullQEl_hw_read2palm_detection_lite/conv29!
[2024-11-13 10:07:03.217] [189635] [HailoRT] [info] [queue_elements.cpp:811] [run_in_thread] Shutdown event was signaled in dequeue of UserBuffQEl2palm_detection_lite/conv29!
[2024-11-13 10:07:03.217] [189634] [HailoRT] [info] [queue_elements.cpp:54] [operator()] Thread in element PullQEl_hw_read2palm_detection_lite/conv29 is not running anymore, exiting..
[2024-11-13 10:07:03.217] [159140] [HailoRT] [info] [queue_elements.cpp:43] [~BaseQueueElement] Queue element PullQEl_hw_read2palm_detection_lite/conv29 has 0 frames in his Queue on destruction
[2024-11-13 10:07:03.217] [189635] [HailoRT] [info] [queue_elements.cpp:54] [operator()] Thread in element UserBuffQEl2palm_detection_lite/conv29 is not running anymore, exiting..
[2024-11-13 10:07:03.217] [159140] [HailoRT] [info] [queue_elements.cpp:43] [~BaseQueueElement] Queue element UserBuffQEl2palm_detection_lite/conv29 has 0 frames in his Queue on destruction
[2024-11-13 10:07:03.217] [189636] [HailoRT] [info] [queue_elements.cpp:690] [run_in_thread] Shutdown event was signaled in run_pull of queue element PullQEl_hw_read0palm_detection_lite/conv30!
[2024-11-13 10:07:03.217] [189637] [HailoRT] [info] [queue_elements.cpp:811] [run_in_thread] Shutdown event was signaled in dequeue of UserBuffQEl0palm_detection_lite/conv30!
[2024-11-13 10:07:03.217] [189636] [HailoRT] [info] [queue_elements.cpp:54] [operator()] Thread in element PullQEl_hw_read0palm_detection_lite/conv30 is not running anymore, exiting..
[2024-11-13 10:07:03.217] [159140] [HailoRT] [info] [queue_elements.cpp:43] [~BaseQueueElement] Queue element PullQEl_hw_read0palm_detection_lite/conv30 has 0 frames in his Queue on destruction
[2024-11-13 10:07:03.217] [189637] [HailoRT] [info] [queue_elements.cpp:54] [operator()] Thread in element UserBuffQEl0palm_detection_lite/conv30 is not running anymore, exiting..
[2024-11-13 10:07:03.217] [159140] [HailoRT] [info] [queue_elements.cpp:43] [~BaseQueueElement] Queue element UserBuffQEl0palm_detection_lite/conv30 has 0 frames in his Queue on destruction
[2024-11-13 10:07:03.238] [159140] [HailoRT] [info] [edge_elements.cpp:52] [create] Created (HwWriteEl2palm_detection_lite/input_layer1 | hw_frame_size: 110592)
[2024-11-13 10:07:03.238] [159140] [HailoRT] [info] [vstream.cpp:754] [InputVStreamImpl] Creating palm_detection_lite/input_layer1...
[2024-11-13 10:07:03.238] [159140] [HailoRT] [info] [vstream_builder.cpp:102] [create_inputs] Input pipeline 'palm_detection_lite/input_layer1': (HwWriteEl2palm_detection_lite/input_layer1 | hw_frame_size: 110592) >> HW
[2024-11-13 10:07:03.238] [159140] [HailoRT] [info] [edge_elements.cpp:287] [create] Created (HwReadEl1palm_detection_lite/conv24 | hw_frame_size: 1152)
[2024-11-13 10:07:03.238] [159140] [HailoRT] [info] [queue_elements.cpp:613] [create] Created (PullQEl_hw_read1palm_detection_lite/conv24)
[2024-11-13 10:07:03.238] [159140] [HailoRT] [info] [filter_elements.cpp:360] [create] Created (PostInferEl1palm_detection_lite/conv24 | Quantization - src_type: UINT8, dst_type FLOAT32, limvals_min: -25.5854, limvals_max: 4.76007 | Reorder - src_order: FCR, src_shape: (12, 12, 8), dst_order: FCR, dst_shape: (12, 12, 6))
[2024-11-13 10:07:03.239] [159140] [HailoRT] [info] [queue_elements.cpp:756] [create] Created (UserBuffQEl1palm_detection_lite/conv24 | timeout: 10s)
[2024-11-13 10:07:03.239] [159140] [HailoRT] [info] [vstream.cpp:1107] [OutputVStreamImpl] Creating palm_detection_lite/conv24...
[2024-11-13 10:07:03.239] [159140] [HailoRT] [info] [vstream_builder.cpp:225] [create_outputs] Output pipeline 'palm_detection_lite/conv24': HW >> (HwReadEl1palm_detection_lite/conv24 | hw_frame_size: 1152) >> (PullQEl_hw_read1palm_detection_lite/conv24) >> (PostInferEl1palm_detection_lite/conv24 | Quantization - src_type: UINT8, dst_type FLOAT32, limvals_min: -25.5854, limvals_max: 4.76007 | Reorder - src_order: FCR, src_shape: (12, 12, 8), dst_order: FCR, dst_shape: (12, 12, 6)) >> (UserBuffQEl1palm_detection_lite/conv24 | timeout: 10s)
[2024-11-13 10:07:03.239] [159140] [HailoRT] [info] [edge_elements.cpp:287] [create] Created (HwReadEl3palm_detection_lite/conv25 | hw_frame_size: 16128)
[2024-11-13 10:07:03.239] [159140] [HailoRT] [info] [queue_elements.cpp:613] [create] Created (PullQEl_hw_read3palm_detection_lite/conv25)
[2024-11-13 10:07:03.239] [159140] [HailoRT] [info] [filter_elements.cpp:360] [create] Created (PostInferEl3palm_detection_lite/conv25 | Quantization - src_type: UINT8, dst_type FLOAT32, limvals_min: -75.2335, limvals_max: 140.323 | Reorder - src_order: FCR, src_shape: (12, 12, 112), dst_order: FCR, dst_shape: (12, 12, 108))
[2024-11-13 10:07:03.239] [159140] [HailoRT] [info] [queue_elements.cpp:756] [create] Created (UserBuffQEl3palm_detection_lite/conv25 | timeout: 10s)
[2024-11-13 10:07:03.239] [159140] [HailoRT] [info] [vstream.cpp:1107] [OutputVStreamImpl] Creating palm_detection_lite/conv25...
[2024-11-13 10:07:03.239] [159140] [HailoRT] [info] [vstream_builder.cpp:225] [create_outputs] Output pipeline 'palm_detection_lite/conv25': HW >> (HwReadEl3palm_detection_lite/conv25 | hw_frame_size: 16128) >> (PullQEl_hw_read3palm_detection_lite/conv25) >> (PostInferEl3palm_detection_lite/conv25 | Quantization - src_type: UINT8, dst_type FLOAT32, limvals_min: -75.2335, limvals_max: 140.323 | Reorder - src_order: FCR, src_shape: (12, 12, 112), dst_order: FCR, dst_shape: (12, 12, 108)) >> (UserBuffQEl3palm_detection_lite/conv25 | timeout: 10s)
[2024-11-13 10:07:03.239] [159140] [HailoRT] [info] [edge_elements.cpp:287] [create] Created (HwReadEl2palm_detection_lite/conv29 | hw_frame_size: 1152)
[2024-11-13 10:07:03.239] [159140] [HailoRT] [info] [queue_elements.cpp:613] [create] Created (PullQEl_hw_read2palm_detection_lite/conv29)
[2024-11-13 10:07:03.239] [159140] [HailoRT] [info] [filter_elements.cpp:360] [create] Created (PostInferEl2palm_detection_lite/conv29 | Quantization - src_type: UINT8, dst_type FLOAT32, limvals_min: -21.9402, limvals_max: 3.03637)
[2024-11-13 10:07:03.239] [159140] [HailoRT] [info] [queue_elements.cpp:756] [create] Created (UserBuffQEl2palm_detection_lite/conv29 | timeout: 10s)
[2024-11-13 10:07:03.239] [159140] [HailoRT] [info] [vstream.cpp:1107] [OutputVStreamImpl] Creating palm_detection_lite/conv29...
[2024-11-13 10:07:03.239] [159140] [HailoRT] [info] [vstream_builder.cpp:225] [create_outputs] Output pipeline 'palm_detection_lite/conv29': HW >> (HwReadEl2palm_detection_lite/conv29 | hw_frame_size: 1152) >> (PullQEl_hw_read2palm_detection_lite/conv29) >> (PostInferEl2palm_detection_lite/conv29 | Quantization - src_type: UINT8, dst_type FLOAT32, limvals_min: -21.9402, limvals_max: 3.03637) >> (UserBuffQEl2palm_detection_lite/conv29 | timeout: 10s)
[2024-11-13 10:07:03.239] [159140] [HailoRT] [info] [edge_elements.cpp:287] [create] Created (HwReadEl0palm_detection_lite/conv30 | hw_frame_size: 23040)
[2024-11-13 10:07:03.239] [159140] [HailoRT] [info] [queue_elements.cpp:613] [create] Created (PullQEl_hw_read0palm_detection_lite/conv30)
[2024-11-13 10:07:03.239] [159140] [HailoRT] [info] [filter_elements.cpp:360] [create] Created (PostInferEl0palm_detection_lite/conv30 | Quantization - src_type: UINT8, dst_type FLOAT32, limvals_min: -36.3947, limvals_max: 52.8423 | Reorder - src_order: FCR, src_shape: (24, 24, 40), dst_order: FCR, dst_shape: (24, 24, 36))
[2024-11-13 10:07:03.239] [159140] [HailoRT] [info] [queue_elements.cpp:756] [create] Created (UserBuffQEl0palm_detection_lite/conv30 | timeout: 10s)
[2024-11-13 10:07:03.239] [159140] [HailoRT] [info] [vstream.cpp:1107] [OutputVStreamImpl] Creating palm_detection_lite/conv30...
[2024-11-13 10:07:03.239] [159140] [HailoRT] [info] [vstream_builder.cpp:225] [create_outputs] Output pipeline 'palm_detection_lite/conv30': HW >> (HwReadEl0palm_detection_lite/conv30 | hw_frame_size: 23040) >> (PullQEl_hw_read0palm_detection_lite/conv30) >> (PostInferEl0palm_detection_lite/conv30 | Quantization - src_type: UINT8, dst_type FLOAT32, limvals_min: -36.3947, limvals_max: 52.8423 | Reorder - src_order: FCR, src_shape: (24, 24, 40), dst_order: FCR, dst_shape: (24, 24, 36)) >> (UserBuffQEl0palm_detection_lite/conv30 | timeout: 10s)
[2024-11-13 10:07:03.240] [159140] [HailoRT] [info] [core_op.cpp:156] [activate] Activating palm_detection_lite took 0.411869 milliseconds. Note that the function is asynchronous and thus the network is not fully activated yet.
[2024-11-13 10:07:03.240] [159140] [HailoRT] [info] [core_op.cpp:156] [activate] Activating palm_detection_lite took 0.425128 milliseconds. Note that the function is asynchronous and thus the network is not fully activated yet.
[2024-11-13 10:07:03.249] [189643] [HailoRT] [info] [vdevice_native_stream.cpp:331] [read_impl] Failed read from stream HAILO_STREAM_NOT_ACTIVATED(72) (device: 0000:01:00.0)
[2024-11-13 10:07:03.249] [189647] [HailoRT] [info] [vdevice_native_stream.cpp:331] [read_impl] Failed read from stream HAILO_STREAM_NOT_ACTIVATED(72) (device: 0000:01:00.0)
[2024-11-13 10:07:03.249] [189649] [HailoRT] [info] [vdevice_native_stream.cpp:331] [read_impl] Failed read from stream HAILO_STREAM_NOT_ACTIVATED(72) (device: 0000:01:00.0)
[2024-11-13 10:07:03.249] [189645] [HailoRT] [info] [vdevice_native_stream.cpp:331] [read_impl] Failed read from stream HAILO_STREAM_NOT_ACTIVATED(72) (device: 0000:01:00.0)
[2024-11-13 10:07:03.250] [159140] [HailoRT] [info] [core_op.cpp:186] [deactivate] Deactivating took 0.457702 ms
[2024-11-13 10:07:03.250] [159140] [HailoRT] [info] [core_op.cpp:186] [deactivate] Deactivating took 0.474091 ms
[2024-11-13 10:07:03.250] [189643] [HailoRT] [info] [queue_elements.cpp:690] [run_in_thread] Shutdown event was signaled in run_pull of queue element PullQEl_hw_read1palm_detection_lite/conv24!
[2024-11-13 10:07:03.250] [189644] [HailoRT] [info] [queue_elements.cpp:811] [run_in_thread] Shutdown event was signaled in dequeue of UserBuffQEl1palm_detection_lite/conv24!
[2024-11-13 10:07:03.250] [189643] [HailoRT] [info] [queue_elements.cpp:54] [operator()] Thread in element PullQEl_hw_read1palm_detection_lite/conv24 is not running anymore, exiting..
[2024-11-13 10:07:03.250] [159140] [HailoRT] [info] [queue_elements.cpp:43] [~BaseQueueElement] Queue element PullQEl_hw_read1palm_detection_lite/conv24 has 0 frames in his Queue on destruction
[2024-11-13 10:07:03.250] [189644] [HailoRT] [info] [queue_elements.cpp:54] [operator()] Thread in element UserBuffQEl1palm_detection_lite/conv24 is not running anymore, exiting..
[2024-11-13 10:07:03.250] [159140] [HailoRT] [info] [queue_elements.cpp:43] [~BaseQueueElement] Queue element UserBuffQEl1palm_detection_lite/conv24 has 0 frames in his Queue on destruction
[2024-11-13 10:07:03.250] [189645] [HailoRT] [info] [queue_elements.cpp:690] [run_in_thread] Shutdown event was signaled in run_pull of queue element PullQEl_hw_read3palm_detection_lite/conv25!
[2024-11-13 10:07:03.250] [189646] [HailoRT] [info] [queue_elements.cpp:811] [run_in_thread] Shutdown event was signaled in dequeue of UserBuffQEl3palm_detection_lite/conv25!
[2024-11-13 10:07:03.250] [189645] [HailoRT] [info] [queue_elements.cpp:54] [operator()] Thread in element PullQEl_hw_read3palm_detection_lite/conv25 is not running anymore, exiting..
[2024-11-13 10:07:03.250] [159140] [HailoRT] [info] [queue_elements.cpp:43] [~BaseQueueElement] Queue element PullQEl_hw_read3palm_detection_lite/conv25 has 0 frames in his Queue on destruction
[2024-11-13 10:07:03.250] [189646] [HailoRT] [info] [queue_elements.cpp:54] [operator()] Thread in element UserBuffQEl3palm_detection_lite/conv25 is not running anymore, exiting..
[2024-11-13 10:07:03.250] [159140] [HailoRT] [info] [queue_elements.cpp:43] [~BaseQueueElement] Queue element UserBuffQEl3palm_detection_lite/conv25 has 0 frames in his Queue on destruction
[2024-11-13 10:07:03.250] [189647] [HailoRT] [info] [queue_elements.cpp:690] [run_in_thread] Shutdown event was signaled in run_pull of queue element PullQEl_hw_read2palm_detection_lite/conv29!
[2024-11-13 10:07:03.250] [189648] [HailoRT] [info] [queue_elements.cpp:811] [run_in_thread] Shutdown event was signaled in dequeue of UserBuffQEl2palm_detection_lite/conv29!
[2024-11-13 10:07:03.250] [189647] [HailoRT] [info] [queue_elements.cpp:54] [operator()] Thread in element PullQEl_hw_read2palm_detection_lite/conv29 is not running anymore, exiting..
[2024-11-13 10:07:03.250] [159140] [HailoRT] [info] [queue_elements.cpp:43] [~BaseQueueElement] Queue element PullQEl_hw_read2palm_detection_lite/conv29 has 0 frames in his Queue on destruction
[2024-11-13 10:07:03.250] [189648] [HailoRT] [info] [queue_elements.cpp:54] [operator()] Thread in element UserBuffQEl2palm_detection_lite/conv29 is not running anymore, exiting..
[2024-11-13 10:07:03.250] [159140] [HailoRT] [info] [queue_elements.cpp:43] [~BaseQueueElement] Queue element UserBuffQEl2palm_detection_lite/conv29 has 0 frames in his Queue on destruction
[2024-11-13 10:07:03.250] [189649] [HailoRT] [info] [queue_elements.cpp:690] [run_in_thread] Shutdown event was signaled in run_pull of queue element PullQEl_hw_read0palm_detection_lite/conv30!
[2024-11-13 10:07:03.250] [189650] [HailoRT] [info] [queue_elements.cpp:811] [run_in_thread] Shutdown event was signaled in dequeue of UserBuffQEl0palm_detection_lite/conv30!
[2024-11-13 10:07:03.250] [189649] [HailoRT] [info] [queue_elements.cpp:54] [operator()] Thread in element PullQEl_hw_read0palm_detection_lite/conv30 is not running anymore, exiting..
[2024-11-13 10:07:03.250] [159140] [HailoRT] [info] [queue_elements.cpp:43] [~BaseQueueElement] Queue element PullQEl_hw_read0palm_detection_lite/conv30 has 0 frames in his Queue on destruction
[2024-11-13 10:07:03.250] [189650] [HailoRT] [info] [queue_elements.cpp:54] [operator()] Thread in element UserBuffQEl0palm_detection_lite/conv30 is not running anymore, exiting..
[2024-11-13 10:07:03.250] [159140] [HailoRT] [info] [queue_elements.cpp:43] [~BaseQueueElement] Queue element UserBuffQEl0palm_detection_lite/conv30 has 0 frames in his Queue on destruction
[2024-11-13 10:07:03.270] [159140] [HailoRT] [info] [edge_elements.cpp:52] [create] Created (HwWriteEl2palm_detection_lite/input_layer1 | hw_frame_size: 110592)
[2024-11-13 10:07:03.270] [159140] [HailoRT] [info] [vstream.cpp:754] [InputVStreamImpl] Creating palm_detection_lite/input_layer1...
[2024-11-13 10:07:03.270] [159140] [HailoRT] [info] [vstream_builder.cpp:102] [create_inputs] Input pipeline 'palm_detection_lite/input_layer1': (HwWriteEl2palm_detection_lite/input_layer1 | hw_frame_size: 110592) >> HW
[2024-11-13 10:07:03.270] [159140] [HailoRT] [info] [edge_elements.cpp:287] [create] Created (HwReadEl1palm_detection_lite/conv24 | hw_frame_size: 1152)
[2024-11-13 10:07:03.270] [159140] [HailoRT] [info] [queue_elements.cpp:613] [create] Created (PullQEl_hw_read1palm_detection_lite/conv24)
[2024-11-13 10:07:03.270] [159140] [HailoRT] [info] [filter_elements.cpp:360] [create] Created (PostInferEl1palm_detection_lite/conv24 | Quantization - src_type: UINT8, dst_type FLOAT32, limvals_min: -25.5854, limvals_max: 4.76007 | Reorder - src_order: FCR, src_shape: (12, 12, 8), dst_order: FCR, dst_shape: (12, 12, 6))
[2024-11-13 10:07:03.270] [159140] [HailoRT] [info] [queue_elements.cpp:756] [create] Created (UserBuffQEl1palm_detection_lite/conv24 | timeout: 10s)
[2024-11-13 10:07:03.270] [159140] [HailoRT] [info] [vstream.cpp:1107] [OutputVStreamImpl] Creating palm_detection_lite/conv24...
[2024-11-13 10:07:03.270] [159140] [HailoRT] [info] [vstream_builder.cpp:225] [create_outputs] Output pipeline 'palm_detection_lite/conv24': HW >> (HwReadEl1palm_detection_lite/conv24 | hw_frame_size: 1152) >> (PullQEl_hw_read1palm_detection_lite/conv24) >> (PostInferEl1palm_detection_lite/conv24 | Quantization - src_type: UINT8, dst_type FLOAT32, limvals_min: -25.5854, limvals_max: 4.76007 | Reorder - src_order: FCR, src_shape: (12, 12, 8), dst_order: FCR, dst_shape: (12, 12, 6)) >> (UserBuffQEl1palm_detection_lite/conv24 | timeout: 10s)
[2024-11-13 10:07:03.270] [159140] [HailoRT] [info] [edge_elements.cpp:287] [create] Created (HwReadEl3palm_detection_lite/conv25 | hw_frame_size: 16128)
[2024-11-13 10:07:03.270] [159140] [HailoRT] [info] [queue_elements.cpp:613] [create] Created (PullQEl_hw_read3palm_detection_lite/conv25)
[2024-11-13 10:07:03.270] [159140] [HailoRT] [info] [filter_elements.cpp:360] [create] Created (PostInferEl3palm_detection_lite/conv25 | Quantization - src_type: UINT8, dst_type FLOAT32, limvals_min: -75.2335, limvals_max: 140.323 | Reorder - src_order: FCR, src_shape: (12, 12, 112), dst_order: FCR, dst_shape: (12, 12, 108))
[2024-11-13 10:07:03.270] [159140] [HailoRT] [info] [queue_elements.cpp:756] [create] Created (UserBuffQEl3palm_detection_lite/conv25 | timeout: 10s)
[2024-11-13 10:07:03.270] [159140] [HailoRT] [info] [vstream.cpp:1107] [OutputVStreamImpl] Creating palm_detection_lite/conv25...
[2024-11-13 10:07:03.270] [159140] [HailoRT] [info] [vstream_builder.cpp:225] [create_outputs] Output pipeline 'palm_detection_lite/conv25': HW >> (HwReadEl3palm_detection_lite/conv25 | hw_frame_size: 16128) >> (PullQEl_hw_read3palm_detection_lite/conv25) >> (PostInferEl3palm_detection_lite/conv25 | Quantization - src_type: UINT8, dst_type FLOAT32, limvals_min: -75.2335, limvals_max: 140.323 | Reorder - src_order: FCR, src_shape: (12, 12, 112), dst_order: FCR, dst_shape: (12, 12, 108)) >> (UserBuffQEl3palm_detection_lite/conv25 | timeout: 10s)
[2024-11-13 10:07:03.270] [159140] [HailoRT] [info] [edge_elements.cpp:287] [create] Created (HwReadEl2palm_detection_lite/conv29 | hw_frame_size: 1152)
[2024-11-13 10:07:03.270] [159140] [HailoRT] [info] [queue_elements.cpp:613] [create] Created (PullQEl_hw_read2palm_detection_lite/conv29)
[2024-11-13 10:07:03.270] [159140] [HailoRT] [info] [filter_elements.cpp:360] [create] Created (PostInferEl2palm_detection_lite/conv29 | Quantization - src_type: UINT8, dst_type FLOAT32, limvals_min: -21.9402, limvals_max: 3.03637)
[2024-11-13 10:07:03.271] [159140] [HailoRT] [info] [queue_elements.cpp:756] [create] Created (UserBuffQEl2palm_detection_lite/conv29 | timeout: 10s)
[2024-11-13 10:07:03.271] [159140] [HailoRT] [info] [vstream.cpp:1107] [OutputVStreamImpl] Creating palm_detection_lite/conv29...
[2024-11-13 10:07:03.271] [159140] [HailoRT] [info] [vstream_builder.cpp:225] [create_outputs] Output pipeline 'palm_detection_lite/conv29': HW >> (HwReadEl2palm_detection_lite/conv29 | hw_frame_size: 1152) >> (PullQEl_hw_read2palm_detection_lite/conv29) >> (PostInferEl2palm_detection_lite/conv29 | Quantization - src_type: UINT8, dst_type FLOAT32, limvals_min: -21.9402, limvals_max: 3.03637) >> (UserBuffQEl2palm_detection_lite/conv29 | timeout: 10s)
[2024-11-13 10:07:03.271] [159140] [HailoRT] [info] [edge_elements.cpp:287] [create] Created (HwReadEl0palm_detection_lite/conv30 | hw_frame_size: 23040)
[2024-11-13 10:07:03.271] [159140] [HailoRT] [info] [queue_elements.cpp:613] [create] Created (PullQEl_hw_read0palm_detection_lite/conv30)
[2024-11-13 10:07:03.271] [159140] [HailoRT] [info] [filter_elements.cpp:360] [create] Created (PostInferEl0palm_detection_lite/conv30 | Quantization - src_type: UINT8, dst_type FLOAT32, limvals_min: -36.3947, limvals_max: 52.8423 | Reorder - src_order: FCR, src_shape: (24, 24, 40), dst_order: FCR, dst_shape: (24, 24, 36))
[2024-11-13 10:07:03.271] [159140] [HailoRT] [info] [queue_elements.cpp:756] [create] Created (UserBuffQEl0palm_detection_lite/conv30 | timeout: 10s)
[2024-11-13 10:07:03.271] [159140] [HailoRT] [info] [vstream.cpp:1107] [OutputVStreamImpl] Creating palm_detection_lite/conv30...
[2024-11-13 10:07:03.271] [159140] [HailoRT] [info] [vstream_builder.cpp:225] [create_outputs] Output pipeline 'palm_detection_lite/conv30': HW >> (HwReadEl0palm_detection_lite/conv30 | hw_frame_size: 23040) >> (PullQEl_hw_read0palm_detection_lite/conv30) >> (PostInferEl0palm_detection_lite/conv30 | Quantization - src_type: UINT8, dst_type FLOAT32, limvals_min: -36.3947, limvals_max: 52.8423 | Reorder - src_order: FCR, src_shape: (24, 24, 40), dst_order: FCR, dst_shape: (24, 24, 36)) >> (UserBuffQEl0palm_detection_lite/conv30 | timeout: 10s)
[2024-11-13 10:07:03.271] [159140] [HailoRT] [info] [core_op.cpp:156] [activate] Activating palm_detection_lite took 0.493091 milliseconds. Note that the function is asynchronous and thus the network is not fully activated yet.
[2024-11-13 10:07:03.271] [159140] [HailoRT] [info] [core_op.cpp:156] [activate] Activating palm_detection_lite took 0.511664 milliseconds. Note that the function is asynchronous and thus the network is not fully activated yet.
[2024-11-13 10:07:03.281] [189658] [HailoRT] [info] [vdevice_native_stream.cpp:331] [read_impl] Failed read from stream HAILO_STREAM_NOT_ACTIVATED(72) (device: 0000:01:00.0)
[2024-11-13 10:07:03.281] [189656] [HailoRT] [info] [vdevice_native_stream.cpp:331] [read_impl] Failed read from stream HAILO_STREAM_NOT_ACTIVATED(72) (device: 0000:01:00.0)
[2024-11-13 10:07:03.281] [189660] [HailoRT] [info] [vdevice_native_stream.cpp:331] [read_impl] Failed read from stream HAILO_STREAM_NOT_ACTIVATED(72) (device: 0000:01:00.0)
[2024-11-13 10:07:03.281] [189662] [HailoRT] [info] [vdevice_native_stream.cpp:331] [read_impl] Failed read from stream HAILO_STREAM_NOT_ACTIVATED(72) (device: 0000:01:00.0)
[2024-11-13 10:07:03.281] [159140] [HailoRT] [info] [core_op.cpp:186] [deactivate] Deactivating took 0.453202 ms
[2024-11-13 10:07:03.281] [159140] [HailoRT] [info] [core_op.cpp:186] [deactivate] Deactivating took 0.470202 ms
[2024-11-13 10:07:03.281] [189656] [HailoRT] [info] [queue_elements.cpp:690] [run_in_thread] Shutdown event was signaled in run_pull of queue element PullQEl_hw_read1palm_detection_lite/conv24!
[2024-11-13 10:07:03.281] [189657] [HailoRT] [info] [queue_elements.cpp:811] [run_in_thread] Shutdown event was signaled in dequeue of UserBuffQEl1palm_detection_lite/conv24!
[2024-11-13 10:07:03.281] [189656] [HailoRT] [info] [queue_elements.cpp:54] [operator()] Thread in element PullQEl_hw_read1palm_detection_lite/conv24 is not running anymore, exiting..
[2024-11-13 10:07:03.281] [159140] [HailoRT] [info] [queue_elements.cpp:43] [~BaseQueueElement] Queue element PullQEl_hw_read1palm_detection_lite/conv24 has 0 frames in his Queue on destruction
[2024-11-13 10:07:03.281] [189657] [HailoRT] [info] [queue_elements.cpp:54] [operator()] Thread in element UserBuffQEl1palm_detection_lite/conv24 is not running anymore, exiting..
[2024-11-13 10:07:03.281] [159140] [HailoRT] [info] [queue_elements.cpp:43] [~BaseQueueElement] Queue element UserBuffQEl1palm_detection_lite/conv24 has 0 frames in his Queue on destruction
[2024-11-13 10:07:03.281] [189658] [HailoRT] [info] [queue_elements.cpp:690] [run_in_thread] Shutdown event was signaled in run_pull of queue element PullQEl_hw_read3palm_detection_lite/conv25!
[2024-11-13 10:07:03.281] [189659] [HailoRT] [info] [queue_elements.cpp:811] [run_in_thread] Shutdown event was signaled in dequeue of UserBuffQEl3palm_detection_lite/conv25!
[2024-11-13 10:07:03.281] [189658] [HailoRT] [info] [queue_elements.cpp:54] [operator()] Thread in element PullQEl_hw_read3palm_detection_lite/conv25 is not running anymore, exiting..
[2024-11-13 10:07:03.281] [159140] [HailoRT] [info] [queue_elements.cpp:43] [~BaseQueueElement] Queue element PullQEl_hw_read3palm_detection_lite/conv25 has 0 frames in his Queue on destruction
[2024-11-13 10:07:03.281] [189659] [HailoRT] [info] [queue_elements.cpp:54] [operator()] Thread in element UserBuffQEl3palm_detection_lite/conv25 is not running anymore, exiting..
[2024-11-13 10:07:03.281] [159140] [HailoRT] [info] [queue_elements.cpp:43] [~BaseQueueElement] Queue element UserBuffQEl3palm_detection_lite/conv25 has 0 frames in his Queue on destruction
[2024-11-13 10:07:03.281] [189660] [HailoRT] [info] [queue_elements.cpp:690] [run_in_thread] Shutdown event was signaled in run_pull of queue element PullQEl_hw_read2palm_detection_lite/conv29!
[2024-11-13 10:07:03.281] [189661] [HailoRT] [info] [queue_elements.cpp:811] [run_in_thread] Shutdown event was signaled in dequeue of UserBuffQEl2palm_detection_lite/conv29!
[2024-11-13 10:07:03.281] [189660] [HailoRT] [info] [queue_elements.cpp:54] [operator()] Thread in element PullQEl_hw_read2palm_detection_lite/conv29 is not running anymore, exiting..
[2024-11-13 10:07:03.281] [159140] [HailoRT] [info] [queue_elements.cpp:43] [~BaseQueueElement] Queue element PullQEl_hw_read2palm_detection_lite/conv29 has 0 frames in his Queue on destruction
[2024-11-13 10:07:03.281] [189661] [HailoRT] [info] [queue_elements.cpp:54] [operator()] Thread in element UserBuffQEl2palm_detection_lite/conv29 is not running anymore, exiting..
[2024-11-13 10:07:03.281] [159140] [HailoRT] [info] [queue_elements.cpp:43] [~BaseQueueElement] Queue element UserBuffQEl2palm_detection_lite/conv29 has 0 frames in his Queue on destruction
[2024-11-13 10:07:03.282] [189662] [HailoRT] [info] [queue_elements.cpp:690] [run_in_thread] Shutdown event was signaled in run_pull of queue element PullQEl_hw_read0palm_detection_lite/conv30!
[2024-11-13 10:07:03.282] [189663] [HailoRT] [info] [queue_elements.cpp:811] [run_in_thread] Shutdown event was signaled in dequeue of UserBuffQEl0palm_detection_lite/conv30!
[2024-11-13 10:07:03.282] [189662] [HailoRT] [info] [queue_elements.cpp:54] [operator()] Thread in element PullQEl_hw_read0palm_detection_lite/conv30 is not running anymore, exiting..
[2024-11-13 10:07:03.282] [159140] [HailoRT] [info] [queue_elements.cpp:43] [~BaseQueueElement] Queue element PullQEl_hw_read0palm_detection_lite/conv30 has 0 frames in his Queue on destruction
[2024-11-13 10:07:03.282] [189663] [HailoRT] [info] [queue_elements.cpp:54] [operator()] Thread in element UserBuffQEl0palm_detection_lite/conv30 is not running anymore, exiting..
[2024-11-13 10:07:03.282] [159140] [HailoRT] [info] [queue_elements.cpp:43] [~BaseQueueElement] Queue element UserBuffQEl0palm_detection_lite/conv30 has 0 frames in his Queue on destruction
[2024-11-13 10:07:03.305] [159140] [HailoRT] [info] [edge_elements.cpp:52] [create] Created (HwWriteEl2palm_detection_lite/input_layer1 | hw_frame_size: 110592)
[2024-11-13 10:07:03.305] [159140] [HailoRT] [info] [vstream.cpp:754] [InputVStreamImpl] Creating palm_detection_lite/input_layer1...
[2024-11-13 10:07:03.305] [159140] [HailoRT] [info] [vstream_builder.cpp:102] [create_inputs] Input pipeline 'palm_detection_lite/input_layer1': (HwWriteEl2palm_detection_lite/input_layer1 | hw_frame_size: 110592) >> HW
[2024-11-13 10:07:03.305] [159140] [HailoRT] [info] [edge_elements.cpp:287] [create] Created (HwReadEl1palm_detection_lite/conv24 | hw_frame_size: 1152)
[2024-11-13 10:07:03.305] [159140] [HailoRT] [info] [queue_elements.cpp:613] [create] Created (PullQEl_hw_read1palm_detection_lite/conv24)
[2024-11-13 10:07:03.305] [159140] [HailoRT] [info] [filter_elements.cpp:360] [create] Created (PostInferEl1palm_detection_lite/conv24 | Quantization - src_type: UINT8, dst_type FLOAT32, limvals_min: -25.5854, limvals_max: 4.76007 | Reorder - src_order: FCR, src_shape: (12, 12, 8), dst_order: FCR, dst_shape: (12, 12, 6))
[2024-11-13 10:07:03.305] [159140] [HailoRT] [info] [queue_elements.cpp:756] [create] Created (UserBuffQEl1palm_detection_lite/conv24 | timeout: 10s)
[2024-11-13 10:07:03.305] [159140] [HailoRT] [info] [vstream.cpp:1107] [OutputVStreamImpl] Creating palm_detection_lite/conv24...
[2024-11-13 10:07:03.305] [159140] [HailoRT] [info] [vstream_builder.cpp:225] [create_outputs] Output pipeline 'palm_detection_lite/conv24': HW >> (HwReadEl1palm_detection_lite/conv24 | hw_frame_size: 1152) >> (PullQEl_hw_read1palm_detection_lite/conv24) >> (PostInferEl1palm_detection_lite/conv24 | Quantization - src_type: UINT8, dst_type FLOAT32, limvals_min: -25.5854, limvals_max: 4.76007 | Reorder - src_order: FCR, src_shape: (12, 12, 8), dst_order: FCR, dst_shape: (12, 12, 6)) >> (UserBuffQEl1palm_detection_lite/conv24 | timeout: 10s)
[2024-11-13 10:07:03.305] [159140] [HailoRT] [info] [edge_elements.cpp:287] [create] Created (HwReadEl3palm_detection_lite/conv25 | hw_frame_size: 16128)
[2024-11-13 10:07:03.305] [159140] [HailoRT] [info] [queue_elements.cpp:613] [create] Created (PullQEl_hw_read3palm_detection_lite/conv25)
[2024-11-13 10:07:03.305] [159140] [HailoRT] [info] [filter_elements.cpp:360] [create] Created (PostInferEl3palm_detection_lite/conv25 | Quantization - src_type: UINT8, dst_type FLOAT32, limvals_min: -75.2335, limvals_max: 140.323 | Reorder - src_order: FCR, src_shape: (12, 12, 112), dst_order: FCR, dst_shape: (12, 12, 108))
[2024-11-13 10:07:03.305] [159140] [HailoRT] [info] [queue_elements.cpp:756] [create] Created (UserBuffQEl3palm_detection_lite/conv25 | timeout: 10s)
[2024-11-13 10:07:03.305] [159140] [HailoRT] [info] [vstream.cpp:1107] [OutputVStreamImpl] Creating palm_detection_lite/conv25...
[2024-11-13 10:07:03.305] [159140] [HailoRT] [info] [vstream_builder.cpp:225] [create_outputs] Output pipeline 'palm_detection_lite/conv25': HW >> (HwReadEl3palm_detection_lite/conv25 | hw_frame_size: 16128) >> (PullQEl_hw_read3palm_detection_lite/conv25) >> (PostInferEl3palm_detection_lite/conv25 | Quantization - src_type: UINT8, dst_type FLOAT32, limvals_min: -75.2335, limvals_max: 140.323 | Reorder - src_order: FCR, src_shape: (12, 12, 112), dst_order: FCR, dst_shape: (12, 12, 108)) >> (UserBuffQEl3palm_detection_lite/conv25 | timeout: 10s)
[2024-11-13 10:07:03.305] [159140] [HailoRT] [info] [edge_elements.cpp:287] [create] Created (HwReadEl2palm_detection_lite/conv29 | hw_frame_size: 1152)
[2024-11-13 10:07:03.305] [159140] [HailoRT] [info] [queue_elements.cpp:613] [create] Created (PullQEl_hw_read2palm_detection_lite/conv29)
[2024-11-13 10:07:03.305] [159140] [HailoRT] [info] [filter_elements.cpp:360] [create] Created (PostInferEl2palm_detection_lite/conv29 | Quantization - src_type: UINT8, dst_type FLOAT32, limvals_min: -21.9402, limvals_max: 3.03637)
[2024-11-13 10:07:03.305] [159140] [HailoRT] [info] [queue_elements.cpp:756] [create] Created (UserBuffQEl2palm_detection_lite/conv29 | timeout: 10s)
[2024-11-13 10:07:03.305] [159140] [HailoRT] [info] [vstream.cpp:1107] [OutputVStreamImpl] Creating palm_detection_lite/conv29...
[2024-11-13 10:07:03.305] [159140] [HailoRT] [info] [vstream_builder.cpp:225] [create_outputs] Output pipeline 'palm_detection_lite/conv29': HW >> (HwReadEl2palm_detection_lite/conv29 | hw_frame_size: 1152) >> (PullQEl_hw_read2palm_detection_lite/conv29) >> (PostInferEl2palm_detection_lite/conv29 | Quantization - src_type: UINT8, dst_type FLOAT32, limvals_min: -21.9402, limvals_max: 3.03637) >> (UserBuffQEl2palm_detection_lite/conv29 | timeout: 10s)
[2024-11-13 10:07:03.305] [159140] [HailoRT] [info] [edge_elements.cpp:287] [create] Created (HwReadEl0palm_detection_lite/conv30 | hw_frame_size: 23040)
[2024-11-13 10:07:03.306] [159140] [HailoRT] [info] [queue_elements.cpp:613] [create] Created (PullQEl_hw_read0palm_detection_lite/conv30)
[2024-11-13 10:07:03.306] [159140] [HailoRT] [info] [filter_elements.cpp:360] [create] Created (PostInferEl0palm_detection_lite/conv30 | Quantization - src_type: UINT8, dst_type FLOAT32, limvals_min: -36.3947, limvals_max: 52.8423 | Reorder - src_order: FCR, src_shape: (24, 24, 40), dst_order: FCR, dst_shape: (24, 24, 36))
[2024-11-13 10:07:03.306] [159140] [HailoRT] [info] [queue_elements.cpp:756] [create] Created (UserBuffQEl0palm_detection_lite/conv30 | timeout: 10s)
[2024-11-13 10:07:03.306] [159140] [HailoRT] [info] [vstream.cpp:1107] [OutputVStreamImpl] Creating palm_detection_lite/conv30...
[2024-11-13 10:07:03.306] [159140] [HailoRT] [info] [vstream_builder.cpp:225] [create_outputs] Output pipeline 'palm_detection_lite/conv30': HW >> (HwReadEl0palm_detection_lite/conv30 | hw_frame_size: 23040) >> (PullQEl_hw_read0palm_detection_lite/conv30) >> (PostInferEl0palm_detection_lite/conv30 | Quantization - src_type: UINT8, dst_type FLOAT32, limvals_min: -36.3947, limvals_max: 52.8423 | Reorder - src_order: FCR, src_shape: (24, 24, 40), dst_order: FCR, dst_shape: (24, 24, 36)) >> (UserBuffQEl0palm_detection_lite/conv30 | timeout: 10s)
[2024-11-13 10:07:03.306] [159140] [HailoRT] [info] [core_op.cpp:156] [activate] Activating palm_detection_lite took 0.458313 milliseconds. Note that the function is asynchronous and thus the network is not fully activated yet.
[2024-11-13 10:07:03.306] [159140] [HailoRT] [info] [core_op.cpp:156] [activate] Activating palm_detection_lite took 0.472462 milliseconds. Note that the function is asynchronous and thus the network is not fully activated yet.
[2024-11-13 10:07:03.315] [189671] [HailoRT] [info] [vdevice_native_stream.cpp:331] [read_impl] Failed read from stream HAILO_STREAM_NOT_ACTIVATED(72) (device: 0000:01:00.0)
[2024-11-13 10:07:03.315] [189675] [HailoRT] [info] [vdevice_native_stream.cpp:331] [read_impl] Failed read from stream HAILO_STREAM_NOT_ACTIVATED(72) (device: 0000:01:00.0)
[2024-11-13 10:07:03.315] [189673] [HailoRT] [info] [vdevice_native_stream.cpp:331] [read_impl] Failed read from stream HAILO_STREAM_NOT_ACTIVATED(72) (device: 0000:01:00.0)
[2024-11-13 10:07:03.315] [189669] [HailoRT] [info] [vdevice_native_stream.cpp:331] [read_impl] Failed read from stream HAILO_STREAM_NOT_ACTIVATED(72) (device: 0000:01:00.0)
[2024-11-13 10:07:03.316] [159140] [HailoRT] [info] [core_op.cpp:186] [deactivate] Deactivating took 0.459757 ms
[2024-11-13 10:07:03.316] [159140] [HailoRT] [info] [core_op.cpp:186] [deactivate] Deactivating took 0.476035 ms
[2024-11-13 10:07:03.316] [189669] [HailoRT] [info] [queue_elements.cpp:690] [run_in_thread] Shutdown event was signaled in run_pull of queue element PullQEl_hw_read1palm_detection_lite/conv24!
[2024-11-13 10:07:03.316] [189670] [HailoRT] [info] [queue_elements.cpp:811] [run_in_thread] Shutdown event was signaled in dequeue of UserBuffQEl1palm_detection_lite/conv24!
[2024-11-13 10:07:03.316] [189669] [HailoRT] [info] [queue_elements.cpp:54] [operator()] Thread in element PullQEl_hw_read1palm_detection_lite/conv24 is not running anymore, exiting..
[2024-11-13 10:07:03.316] [159140] [HailoRT] [info] [queue_elements.cpp:43] [~BaseQueueElement] Queue element PullQEl_hw_read1palm_detection_lite/conv24 has 0 frames in his Queue on destruction
[2024-11-13 10:07:03.316] [189670] [HailoRT] [info] [queue_elements.cpp:54] [operator()] Thread in element UserBuffQEl1palm_detection_lite/conv24 is not running anymore, exiting..
[2024-11-13 10:07:03.316] [159140] [HailoRT] [info] [queue_elements.cpp:43] [~BaseQueueElement] Queue element UserBuffQEl1palm_detection_lite/conv24 has 0 frames in his Queue on destruction
[2024-11-13 10:07:03.316] [189671] [HailoRT] [info] [queue_elements.cpp:690] [run_in_thread] Shutdown event was signaled in run_pull of queue element PullQEl_hw_read3palm_detection_lite/conv25!
[2024-11-13 10:07:03.316] [189672] [HailoRT] [info] [queue_elements.cpp:811] [run_in_thread] Shutdown event was signaled in dequeue of UserBuffQEl3palm_detection_lite/conv25!
[2024-11-13 10:07:03.316] [189671] [HailoRT] [info] [queue_elements.cpp:54] [operator()] Thread in element PullQEl_hw_read3palm_detection_lite/conv25 is not running anymore, exiting..
[2024-11-13 10:07:03.316] [159140] [HailoRT] [info] [queue_elements.cpp:43] [~BaseQueueElement] Queue element PullQEl_hw_read3palm_detection_lite/conv25 has 0 frames in his Queue on destruction
[2024-11-13 10:07:03.316] [189672] [HailoRT] [info] [queue_elements.cpp:54] [operator()] Thread in element UserBuffQEl3palm_detection_lite/conv25 is not running anymore, exiting..
[2024-11-13 10:07:03.316] [159140] [HailoRT] [info] [queue_elements.cpp:43] [~BaseQueueElement] Queue element UserBuffQEl3palm_detection_lite/conv25 has 0 frames in his Queue on destruction
[2024-11-13 10:07:03.316] [189673] [HailoRT] [info] [queue_elements.cpp:690] [run_in_thread] Shutdown event was signaled in run_pull of queue element PullQEl_hw_read2palm_detection_lite/conv29!
[2024-11-13 10:07:03.316] [189674] [HailoRT] [info] [queue_elements.cpp:811] [run_in_thread] Shutdown event was signaled in dequeue of UserBuffQEl2palm_detection_lite/conv29!
[2024-11-13 10:07:03.316] [189673] [HailoRT] [info] [queue_elements.cpp:54] [operator()] Thread in element PullQEl_hw_read2palm_detection_lite/conv29 is not running anymore, exiting..
[2024-11-13 10:07:03.316] [159140] [HailoRT] [info] [queue_elements.cpp:43] [~BaseQueueElement] Queue element PullQEl_hw_read2palm_detection_lite/conv29 has 0 frames in his Queue on destruction
[2024-11-13 10:07:03.316] [189674] [HailoRT] [info] [queue_elements.cpp:54] [operator()] Thread in element UserBuffQEl2palm_detection_lite/conv29 is not running anymore, exiting..
[2024-11-13 10:07:03.316] [159140] [HailoRT] [info] [queue_elements.cpp:43] [~BaseQueueElement] Queue element UserBuffQEl2palm_detection_lite/conv29 has 0 frames in his Queue on destruction
[2024-11-13 10:07:03.316] [189675] [HailoRT] [info] [queue_elements.cpp:690] [run_in_thread] Shutdown event was signaled in run_pull of queue element PullQEl_hw_read0palm_detection_lite/conv30!
[2024-11-13 10:07:03.316] [189676] [HailoRT] [info] [queue_elements.cpp:811] [run_in_thread] Shutdown event was signaled in dequeue of UserBuffQEl0palm_detection_lite/conv30!
[2024-11-13 10:07:03.316] [189675] [HailoRT] [info] [queue_elements.cpp:54] [operator()] Thread in element PullQEl_hw_read0palm_detection_lite/conv30 is not running anymore, exiting..
[2024-11-13 10:07:03.316] [159140] [HailoRT] [info] [queue_elements.cpp:43] [~BaseQueueElement] Queue element PullQEl_hw_read0palm_detection_lite/conv30 has 0 frames in his Queue on destruction
[2024-11-13 10:07:03.316] [189676] [HailoRT] [info] [queue_elements.cpp:54] [operator()] Thread in element UserBuffQEl0palm_detection_lite/conv30 is not running anymore, exiting..
[2024-11-13 10:07:03.316] [159140] [HailoRT] [info] [queue_elements.cpp:43] [~BaseQueueElement] Queue element UserBuffQEl0palm_detection_lite/conv30 has 0 frames in his Queue on destruction
[2024-11-13 10:07:03.338] [159140] [HailoRT] [info] [edge_elements.cpp:52] [create] Created (HwWriteEl2palm_detection_lite/input_layer1 | hw_frame_size: 110592)
[2024-11-13 10:07:03.338] [159140] [HailoRT] [info] [vstream.cpp:754] [InputVStreamImpl] Creating palm_detection_lite/input_layer1...
[2024-11-13 10:07:03.338] [159140] [HailoRT] [info] [vstream_builder.cpp:102] [create_inputs] Input pipeline 'palm_detection_lite/input_layer1': (HwWriteEl2palm_detection_lite/input_layer1 | hw_frame_size: 110592) >> HW
[2024-11-13 10:07:03.338] [159140] [HailoRT] [info] [edge_elements.cpp:287] [create] Created (HwReadEl1palm_detection_lite/conv24 | hw_frame_size: 1152)
[2024-11-13 10:07:03.338] [159140] [HailoRT] [info] [queue_elements.cpp:613] [create] Created (PullQEl_hw_read1palm_detection_lite/conv24)
[2024-11-13 10:07:03.338] [159140] [HailoRT] [info] [filter_elements.cpp:360] [create] Created (PostInferEl1palm_detection_lite/conv24 | Quantization - src_type: UINT8, dst_type FLOAT32, limvals_min: -25.5854, limvals_max: 4.76007 | Reorder - src_order: FCR, src_shape: (12, 12, 8), dst_order: FCR, dst_shape: (12, 12, 6))
[2024-11-13 10:07:03.338] [159140] [HailoRT] [info] [queue_elements.cpp:756] [create] Created (UserBuffQEl1palm_detection_lite/conv24 | timeout: 10s)
[2024-11-13 10:07:03.338] [159140] [HailoRT] [info] [vstream.cpp:1107] [OutputVStreamImpl] Creating palm_detection_lite/conv24...
[2024-11-13 10:07:03.339] [159140] [HailoRT] [info] [vstream_builder.cpp:225] [create_outputs] Output pipeline 'palm_detection_lite/conv24': HW >> (HwReadEl1palm_detection_lite/conv24 | hw_frame_size: 1152) >> (PullQEl_hw_read1palm_detection_lite/conv24) >> (PostInferEl1palm_detection_lite/conv24 | Quantization - src_type: UINT8, dst_type FLOAT32, limvals_min: -25.5854, limvals_max: 4.76007 | Reorder - src_order: FCR, src_shape: (12, 12, 8), dst_order: FCR, dst_shape: (12, 12, 6)) >> (UserBuffQEl1palm_detection_lite/conv24 | timeout: 10s)
[2024-11-13 10:07:03.339] [159140] [HailoRT] [info] [edge_elements.cpp:287] [create] Created (HwReadEl3palm_detection_lite/conv25 | hw_frame_size: 16128)
[2024-11-13 10:07:03.339] [159140] [HailoRT] [info] [queue_elements.cpp:613] [create] Created (PullQEl_hw_read3palm_detection_lite/conv25)
[2024-11-13 10:07:03.339] [159140] [HailoRT] [info] [filter_elements.cpp:360] [create] Created (PostInferEl3palm_detection_lite/conv25 | Quantization - src_type: UINT8, dst_type FLOAT32, limvals_min: -75.2335, limvals_max: 140.323 | Reorder - src_order: FCR, src_shape: (12, 12, 112), dst_order: FCR, dst_shape: (12, 12, 108))
[2024-11-13 10:07:03.339] [159140] [HailoRT] [info] [queue_elements.cpp:756] [create] Created (UserBuffQEl3palm_detection_lite/conv25 | timeout: 10s)
[2024-11-13 10:07:03.339] [159140] [HailoRT] [info] [vstream.cpp:1107] [OutputVStreamImpl] Creating palm_detection_lite/conv25...
[2024-11-13 10:07:03.339] [159140] [HailoRT] [info] [vstream_builder.cpp:225] [create_outputs] Output pipeline 'palm_detection_lite/conv25': HW >> (HwReadEl3palm_detection_lite/conv25 | hw_frame_size: 16128) >> (PullQEl_hw_read3palm_detection_lite/conv25) >> (PostInferEl3palm_detection_lite/conv25 | Quantization - src_type: UINT8, dst_type FLOAT32, limvals_min: -75.2335, limvals_max: 140.323 | Reorder - src_order: FCR, src_shape: (12, 12, 112), dst_order: FCR, dst_shape: (12, 12, 108)) >> (UserBuffQEl3palm_detection_lite/conv25 | timeout: 10s)
[2024-11-13 10:07:03.339] [159140] [HailoRT] [info] [edge_elements.cpp:287] [create] Created (HwReadEl2palm_detection_lite/conv29 | hw_frame_size: 1152)
[2024-11-13 10:07:03.339] [159140] [HailoRT] [info] [queue_elements.cpp:613] [create] Created (PullQEl_hw_read2palm_detection_lite/conv29)
[2024-11-13 10:07:03.339] [159140] [HailoRT] [info] [filter_elements.cpp:360] [create] Created (PostInferEl2palm_detection_lite/conv29 | Quantization - src_type: UINT8, dst_type FLOAT32, limvals_min: -21.9402, limvals_max: 3.03637)
[2024-11-13 10:07:03.339] [159140] [HailoRT] [info] [queue_elements.cpp:756] [create] Created (UserBuffQEl2palm_detection_lite/conv29 | timeout: 10s)
[2024-11-13 10:07:03.339] [159140] [HailoRT] [info] [vstream.cpp:1107] [OutputVStreamImpl] Creating palm_detection_lite/conv29...
[2024-11-13 10:07:03.339] [159140] [HailoRT] [info] [vstream_builder.cpp:225] [create_outputs] Output pipeline 'palm_detection_lite/conv29': HW >> (HwReadEl2palm_detection_lite/conv29 | hw_frame_size: 1152) >> (PullQEl_hw_read2palm_detection_lite/conv29) >> (PostInferEl2palm_detection_lite/conv29 | Quantization - src_type: UINT8, dst_type FLOAT32, limvals_min: -21.9402, limvals_max: 3.03637) >> (UserBuffQEl2palm_detection_lite/conv29 | timeout: 10s)
[2024-11-13 10:07:03.339] [159140] [HailoRT] [info] [edge_elements.cpp:287] [create] Created (HwReadEl0palm_detection_lite/conv30 | hw_frame_size: 23040)
[2024-11-13 10:07:03.339] [159140] [HailoRT] [info] [queue_elements.cpp:613] [create] Created (PullQEl_hw_read0palm_detection_lite/conv30)
[2024-11-13 10:07:03.339] [159140] [HailoRT] [info] [filter_elements.cpp:360] [create] Created (PostInferEl0palm_detection_lite/conv30 | Quantization - src_type: UINT8, dst_type FLOAT32, limvals_min: -36.3947, limvals_max: 52.8423 | Reorder - src_order: FCR, src_shape: (24, 24, 40), dst_order: FCR, dst_shape: (24, 24, 36))
[2024-11-13 10:07:03.339] [159140] [HailoRT] [info] [queue_elements.cpp:756] [create] Created (UserBuffQEl0palm_detection_lite/conv30 | timeout: 10s)
[2024-11-13 10:07:03.339] [159140] [HailoRT] [info] [vstream.cpp:1107] [OutputVStreamImpl] Creating palm_detection_lite/conv30...
[2024-11-13 10:07:03.339] [159140] [HailoRT] [info] [vstream_builder.cpp:225] [create_outputs] Output pipeline 'palm_detection_lite/conv30': HW >> (HwReadEl0palm_detection_lite/conv30 | hw_frame_size: 23040) >> (PullQEl_hw_read0palm_detection_lite/conv30) >> (PostInferEl0palm_detection_lite/conv30 | Quantization - src_type: UINT8, dst_type FLOAT32, limvals_min: -36.3947, limvals_max: 52.8423 | Reorder - src_order: FCR, src_shape: (24, 24, 40), dst_order: FCR, dst_shape: (24, 24, 36)) >> (UserBuffQEl0palm_detection_lite/conv30 | timeout: 10s)
[2024-11-13 10:07:03.340] [159140] [HailoRT] [info] [core_op.cpp:156] [activate] Activating palm_detection_lite took 0.415887 milliseconds. Note that the function is asynchronous and thus the network is not fully activated yet.
[2024-11-13 10:07:03.340] [159140] [HailoRT] [info] [core_op.cpp:156] [activate] Activating palm_detection_lite took 0.429036 milliseconds. Note that the function is asynchronous and thus the network is not fully activated yet.
[2024-11-13 10:07:03.349] [189682] [HailoRT] [info] [vdevice_native_stream.cpp:331] [read_impl] Failed read from stream HAILO_STREAM_NOT_ACTIVATED(72) (device: 0000:01:00.0)
[2024-11-13 10:07:03.349] [189686] [HailoRT] [info] [vdevice_native_stream.cpp:331] [read_impl] Failed read from stream HAILO_STREAM_NOT_ACTIVATED(72) (device: 0000:01:00.0)
[2024-11-13 10:07:03.349] [189684] [HailoRT] [info] [vdevice_native_stream.cpp:331] [read_impl] Failed read from stream HAILO_STREAM_NOT_ACTIVATED(72) (device: 0000:01:00.0)
[2024-11-13 10:07:03.349] [189688] [HailoRT] [info] [vdevice_native_stream.cpp:331] [read_impl] Failed read from stream HAILO_STREAM_NOT_ACTIVATED(72) (device: 0000:01:00.0)
[2024-11-13 10:07:03.349] [159140] [HailoRT] [info] [core_op.cpp:186] [deactivate] Deactivating took 0.453702 ms
[2024-11-13 10:07:03.350] [159140] [HailoRT] [info] [core_op.cpp:186] [deactivate] Deactivating took 0.470554 ms
[2024-11-13 10:07:03.350] [189682] [HailoRT] [info] [queue_elements.cpp:690] [run_in_thread] Shutdown event was signaled in run_pull of queue element PullQEl_hw_read1palm_detection_lite/conv24!
[2024-11-13 10:07:03.350] [189683] [HailoRT] [info] [queue_elements.cpp:811] [run_in_thread] Shutdown event was signaled in dequeue of UserBuffQEl1palm_detection_lite/conv24!
[2024-11-13 10:07:03.350] [189682] [HailoRT] [info] [queue_elements.cpp:54] [operator()] Thread in element PullQEl_hw_read1palm_detection_lite/conv24 is not running anymore, exiting..
[2024-11-13 10:07:03.350] [159140] [HailoRT] [info] [queue_elements.cpp:43] [~BaseQueueElement] Queue element PullQEl_hw_read1palm_detection_lite/conv24 has 0 frames in his Queue on destruction
[2024-11-13 10:07:03.350] [189683] [HailoRT] [info] [queue_elements.cpp:54] [operator()] Thread in element UserBuffQEl1palm_detection_lite/conv24 is not running anymore, exiting..
[2024-11-13 10:07:03.350] [159140] [HailoRT] [info] [queue_elements.cpp:43] [~BaseQueueElement] Queue element UserBuffQEl1palm_detection_lite/conv24 has 0 frames in his Queue on destruction
[2024-11-13 10:07:03.350] [189684] [HailoRT] [info] [queue_elements.cpp:690] [run_in_thread] Shutdown event was signaled in run_pull of queue element PullQEl_hw_read3palm_detection_lite/conv25!
[2024-11-13 10:07:03.350] [189685] [HailoRT] [info] [queue_elements.cpp:811] [run_in_thread] Shutdown event was signaled in dequeue of UserBuffQEl3palm_detection_lite/conv25!
[2024-11-13 10:07:03.350] [189684] [HailoRT] [info] [queue_elements.cpp:54] [operator()] Thread in element PullQEl_hw_read3palm_detection_lite/conv25 is not running anymore, exiting..
[2024-11-13 10:07:03.350] [159140] [HailoRT] [info] [queue_elements.cpp:43] [~BaseQueueElement] Queue element PullQEl_hw_read3palm_detection_lite/conv25 has 0 frames in his Queue on destruction
[2024-11-13 10:07:03.350] [189685] [HailoRT] [info] [queue_elements.cpp:54] [operator()] Thread in element UserBuffQEl3palm_detection_lite/conv25 is not running anymore, exiting..
[2024-11-13 10:07:03.350] [159140] [HailoRT] [info] [queue_elements.cpp:43] [~BaseQueueElement] Queue element UserBuffQEl3palm_detection_lite/conv25 has 0 frames in his Queue on destruction
[2024-11-13 10:07:03.350] [189686] [HailoRT] [info] [queue_elements.cpp:690] [run_in_thread] Shutdown event was signaled in run_pull of queue element PullQEl_hw_read2palm_detection_lite/conv29!
[2024-11-13 10:07:03.350] [189687] [HailoRT] [info] [queue_elements.cpp:811] [run_in_thread] Shutdown event was signaled in dequeue of UserBuffQEl2palm_detection_lite/conv29!
[2024-11-13 10:07:03.350] [189686] [HailoRT] [info] [queue_elements.cpp:54] [operator()] Thread in element PullQEl_hw_read2palm_detection_lite/conv29 is not running anymore, exiting..
[2024-11-13 10:07:03.350] [159140] [HailoRT] [info] [queue_elements.cpp:43] [~BaseQueueElement] Queue element PullQEl_hw_read2palm_detection_lite/conv29 has 0 frames in his Queue on destruction
[2024-11-13 10:07:03.350] [189687] [HailoRT] [info] [queue_elements.cpp:54] [operator()] Thread in element UserBuffQEl2palm_detection_lite/conv29 is not running anymore, exiting..
[2024-11-13 10:07:03.350] [159140] [HailoRT] [info] [queue_elements.cpp:43] [~BaseQueueElement] Queue element UserBuffQEl2palm_detection_lite/conv29 has 0 frames in his Queue on destruction
[2024-11-13 10:07:03.350] [189688] [HailoRT] [info] [queue_elements.cpp:690] [run_in_thread] Shutdown event was signaled in run_pull of queue element PullQEl_hw_read0palm_detection_lite/conv30!
[2024-11-13 10:07:03.350] [189689] [HailoRT] [info] [queue_elements.cpp:811] [run_in_thread] Shutdown event was signaled in dequeue of UserBuffQEl0palm_detection_lite/conv30!
[2024-11-13 10:07:03.350] [189688] [HailoRT] [info] [queue_elements.cpp:54] [operator()] Thread in element PullQEl_hw_read0palm_detection_lite/conv30 is not running anymore, exiting..
[2024-11-13 10:07:03.350] [159140] [HailoRT] [info] [queue_elements.cpp:43] [~BaseQueueElement] Queue element PullQEl_hw_read0palm_detection_lite/conv30 has 0 frames in his Queue on destruction
[2024-11-13 10:07:03.350] [189689] [HailoRT] [info] [queue_elements.cpp:54] [operator()] Thread in element UserBuffQEl0palm_detection_lite/conv30 is not running anymore, exiting..
[2024-11-13 10:07:03.350] [159140] [HailoRT] [info] [queue_elements.cpp:43] [~BaseQueueElement] Queue element UserBuffQEl0palm_detection_lite/conv30 has 0 frames in his Queue on destruction
[2024-11-13 10:07:03.370] [159140] [HailoRT] [info] [edge_elements.cpp:52] [create] Created (HwWriteEl2palm_detection_lite/input_layer1 | hw_frame_size: 110592)
[2024-11-13 10:07:03.370] [159140] [HailoRT] [info] [vstream.cpp:754] [InputVStreamImpl] Creating palm_detection_lite/input_layer1...
[2024-11-13 10:07:03.370] [159140] [HailoRT] [info] [vstream_builder.cpp:102] [create_inputs] Input pipeline 'palm_detection_lite/input_layer1': (HwWriteEl2palm_detection_lite/input_layer1 | hw_frame_size: 110592) >> HW
[2024-11-13 10:07:03.370] [159140] [HailoRT] [info] [edge_elements.cpp:287] [create] Created (HwReadEl1palm_detection_lite/conv24 | hw_frame_size: 1152)
[2024-11-13 10:07:03.370] [159140] [HailoRT] [info] [queue_elements.cpp:613] [create] Created (PullQEl_hw_read1palm_detection_lite/conv24)
[2024-11-13 10:07:03.370] [159140] [HailoRT] [info] [filter_elements.cpp:360] [create] Created (PostInferEl1palm_detection_lite/conv24 | Quantization - src_type: UINT8, dst_type FLOAT32, limvals_min: -25.5854, limvals_max: 4.76007 | Reorder - src_order: FCR, src_shape: (12, 12, 8), dst_order: FCR, dst_shape: (12, 12, 6))
[2024-11-13 10:07:03.370] [159140] [HailoRT] [info] [queue_elements.cpp:756] [create] Created (UserBuffQEl1palm_detection_lite/conv24 | timeout: 10s)
[2024-11-13 10:07:03.370] [159140] [HailoRT] [info] [vstream.cpp:1107] [OutputVStreamImpl] Creating palm_detection_lite/conv24...
[2024-11-13 10:07:03.370] [159140] [HailoRT] [info] [vstream_builder.cpp:225] [create_outputs] Output pipeline 'palm_detection_lite/conv24': HW >> (HwReadEl1palm_detection_lite/conv24 | hw_frame_size: 1152) >> (PullQEl_hw_read1palm_detection_lite/conv24) >> (PostInferEl1palm_detection_lite/conv24 | Quantization - src_type: UINT8, dst_type FLOAT32, limvals_min: -25.5854, limvals_max: 4.76007 | Reorder - src_order: FCR, src_shape: (12, 12, 8), dst_order: FCR, dst_shape: (12, 12, 6)) >> (UserBuffQEl1palm_detection_lite/conv24 | timeout: 10s)
[2024-11-13 10:07:03.370] [159140] [HailoRT] [info] [edge_elements.cpp:287] [create] Created (HwReadEl3palm_detection_lite/conv25 | hw_frame_size: 16128)
[2024-11-13 10:07:03.370] [159140] [HailoRT] [info] [queue_elements.cpp:613] [create] Created (PullQEl_hw_read3palm_detection_lite/conv25)
[2024-11-13 10:07:03.370] [159140] [HailoRT] [info] [filter_elements.cpp:360] [create] Created (PostInferEl3palm_detection_lite/conv25 | Quantization - src_type: UINT8, dst_type FLOAT32, limvals_min: -75.2335, limvals_max: 140.323 | Reorder - src_order: FCR, src_shape: (12, 12, 112), dst_order: FCR, dst_shape: (12, 12, 108))
[2024-11-13 10:07:03.370] [159140] [HailoRT] [info] [queue_elements.cpp:756] [create] Created (UserBuffQEl3palm_detection_lite/conv25 | timeout: 10s)
[2024-11-13 10:07:03.370] [159140] [HailoRT] [info] [vstream.cpp:1107] [OutputVStreamImpl] Creating palm_detection_lite/conv25...
[2024-11-13 10:07:03.370] [159140] [HailoRT] [info] [vstream_builder.cpp:225] [create_outputs] Output pipeline 'palm_detection_lite/conv25': HW >> (HwReadEl3palm_detection_lite/conv25 | hw_frame_size: 16128) >> (PullQEl_hw_read3palm_detection_lite/conv25) >> (PostInferEl3palm_detection_lite/conv25 | Quantization - src_type: UINT8, dst_type FLOAT32, limvals_min: -75.2335, limvals_max: 140.323 | Reorder - src_order: FCR, src_shape: (12, 12, 112), dst_order: FCR, dst_shape: (12, 12, 108)) >> (UserBuffQEl3palm_detection_lite/conv25 | timeout: 10s)
[2024-11-13 10:07:03.370] [159140] [HailoRT] [info] [edge_elements.cpp:287] [create] Created (HwReadEl2palm_detection_lite/conv29 | hw_frame_size: 1152)
[2024-11-13 10:07:03.371] [159140] [HailoRT] [info] [queue_elements.cpp:613] [create] Created (PullQEl_hw_read2palm_detection_lite/conv29)
[2024-11-13 10:07:03.371] [159140] [HailoRT] [info] [filter_elements.cpp:360] [create] Created (PostInferEl2palm_detection_lite/conv29 | Quantization - src_type: UINT8, dst_type FLOAT32, limvals_min: -21.9402, limvals_max: 3.03637)
[2024-11-13 10:07:03.371] [159140] [HailoRT] [info] [queue_elements.cpp:756] [create] Created (UserBuffQEl2palm_detection_lite/conv29 | timeout: 10s)
[2024-11-13 10:07:03.371] [159140] [HailoRT] [info] [vstream.cpp:1107] [OutputVStreamImpl] Creating palm_detection_lite/conv29...
[2024-11-13 10:07:03.371] [159140] [HailoRT] [info] [vstream_builder.cpp:225] [create_outputs] Output pipeline 'palm_detection_lite/conv29': HW >> (HwReadEl2palm_detection_lite/conv29 | hw_frame_size: 1152) >> (PullQEl_hw_read2palm_detection_lite/conv29) >> (PostInferEl2palm_detection_lite/conv29 | Quantization - src_type: UINT8, dst_type FLOAT32, limvals_min: -21.9402, limvals_max: 3.03637) >> (UserBuffQEl2palm_detection_lite/conv29 | timeout: 10s)
[2024-11-13 10:07:03.371] [159140] [HailoRT] [info] [edge_elements.cpp:287] [create] Created (HwReadEl0palm_detection_lite/conv30 | hw_frame_size: 23040)
[2024-11-13 10:07:03.371] [159140] [HailoRT] [info] [queue_elements.cpp:613] [create] Created (PullQEl_hw_read0palm_detection_lite/conv30)
[2024-11-13 10:07:03.371] [159140] [HailoRT] [info] [filter_elements.cpp:360] [create] Created (PostInferEl0palm_detection_lite/conv30 | Quantization - src_type: UINT8, dst_type FLOAT32, limvals_min: -36.3947, limvals_max: 52.8423 | Reorder - src_order: FCR, src_shape: (24, 24, 40), dst_order: FCR, dst_shape: (24, 24, 36))
[2024-11-13 10:07:03.371] [159140] [HailoRT] [info] [queue_elements.cpp:756] [create] Created (UserBuffQEl0palm_detection_lite/conv30 | timeout: 10s)
[2024-11-13 10:07:03.371] [159140] [HailoRT] [info] [vstream.cpp:1107] [OutputVStreamImpl] Creating palm_detection_lite/conv30...
[2024-11-13 10:07:03.371] [159140] [HailoRT] [info] [vstream_builder.cpp:225] [create_outputs] Output pipeline 'palm_detection_lite/conv30': HW >> (HwReadEl0palm_detection_lite/conv30 | hw_frame_size: 23040) >> (PullQEl_hw_read0palm_detection_lite/conv30) >> (PostInferEl0palm_detection_lite/conv30 | Quantization - src_type: UINT8, dst_type FLOAT32, limvals_min: -36.3947, limvals_max: 52.8423 | Reorder - src_order: FCR, src_shape: (24, 24, 40), dst_order: FCR, dst_shape: (24, 24, 36)) >> (UserBuffQEl0palm_detection_lite/conv30 | timeout: 10s)
[2024-11-13 10:07:03.371] [159140] [HailoRT] [info] [core_op.cpp:156] [activate] Activating palm_detection_lite took 0.486757 milliseconds. Note that the function is asynchronous and thus the network is not fully activated yet.
[2024-11-13 10:07:03.371] [159140] [HailoRT] [info] [core_op.cpp:156] [activate] Activating palm_detection_lite took 0.50472 milliseconds. Note that the function is asynchronous and thus the network is not fully activated yet.
[2024-11-13 10:07:03.381] [189697] [HailoRT] [info] [vdevice_native_stream.cpp:331] [read_impl] Failed read from stream HAILO_STREAM_NOT_ACTIVATED(72) (device: 0000:01:00.0)
[2024-11-13 10:07:03.381] [189701] [HailoRT] [info] [vdevice_native_stream.cpp:331] [read_impl] Failed read from stream HAILO_STREAM_NOT_ACTIVATED(72) (device: 0000:01:00.0)
[2024-11-13 10:07:03.381] [189695] [HailoRT] [info] [vdevice_native_stream.cpp:331] [read_impl] Failed read from stream HAILO_STREAM_NOT_ACTIVATED(72) (device: 0000:01:00.0)
[2024-11-13 10:07:03.381] [189699] [HailoRT] [info] [vdevice_native_stream.cpp:331] [read_impl] Failed read from stream HAILO_STREAM_NOT_ACTIVATED(72) (device: 0000:01:00.0)
[2024-11-13 10:07:03.381] [159140] [HailoRT] [info] [core_op.cpp:186] [deactivate] Deactivating took 0.457016 ms
[2024-11-13 10:07:03.381] [159140] [HailoRT] [info] [core_op.cpp:186] [deactivate] Deactivating took 0.472276 ms
[2024-11-13 10:07:03.381] [189695] [HailoRT] [info] [queue_elements.cpp:690] [run_in_thread] Shutdown event was signaled in run_pull of queue element PullQEl_hw_read1palm_detection_lite/conv24!
[2024-11-13 10:07:03.381] [189696] [HailoRT] [info] [queue_elements.cpp:811] [run_in_thread] Shutdown event was signaled in dequeue of UserBuffQEl1palm_detection_lite/conv24!
[2024-11-13 10:07:03.381] [189695] [HailoRT] [info] [queue_elements.cpp:54] [operator()] Thread in element PullQEl_hw_read1palm_detection_lite/conv24 is not running anymore, exiting..
[2024-11-13 10:07:03.381] [159140] [HailoRT] [info] [queue_elements.cpp:43] [~BaseQueueElement] Queue element PullQEl_hw_read1palm_detection_lite/conv24 has 0 frames in his Queue on destruction
[2024-11-13 10:07:03.381] [189696] [HailoRT] [info] [queue_elements.cpp:54] [operator()] Thread in element UserBuffQEl1palm_detection_lite/conv24 is not running anymore, exiting..
[2024-11-13 10:07:03.381] [159140] [HailoRT] [info] [queue_elements.cpp:43] [~BaseQueueElement] Queue element UserBuffQEl1palm_detection_lite/conv24 has 0 frames in his Queue on destruction
[2024-11-13 10:07:03.381] [189697] [HailoRT] [info] [queue_elements.cpp:690] [run_in_thread] Shutdown event was signaled in run_pull of queue element PullQEl_hw_read3palm_detection_lite/conv25!
[2024-11-13 10:07:03.381] [189698] [HailoRT] [info] [queue_elements.cpp:811] [run_in_thread] Shutdown event was signaled in dequeue of UserBuffQEl3palm_detection_lite/conv25!
[2024-11-13 10:07:03.381] [189697] [HailoRT] [info] [queue_elements.cpp:54] [operator()] Thread in element PullQEl_hw_read3palm_detection_lite/conv25 is not running anymore, exiting..
[2024-11-13 10:07:03.381] [159140] [HailoRT] [info] [queue_elements.cpp:43] [~BaseQueueElement] Queue element PullQEl_hw_read3palm_detection_lite/conv25 has 0 frames in his Queue on destruction
[2024-11-13 10:07:03.381] [189698] [HailoRT] [info] [queue_elements.cpp:54] [operator()] Thread in element UserBuffQEl3palm_detection_lite/conv25 is not running anymore, exiting..
[2024-11-13 10:07:03.381] [159140] [HailoRT] [info] [queue_elements.cpp:43] [~BaseQueueElement] Queue element UserBuffQEl3palm_detection_lite/conv25 has 0 frames in his Queue on destruction
[2024-11-13 10:07:03.382] [189699] [HailoRT] [info] [queue_elements.cpp:690] [run_in_thread] Shutdown event was signaled in run_pull of queue element PullQEl_hw_read2palm_detection_lite/conv29!
[2024-11-13 10:07:03.382] [189700] [HailoRT] [info] [queue_elements.cpp:811] [run_in_thread] Shutdown event was signaled in dequeue of UserBuffQEl2palm_detection_lite/conv29!
[2024-11-13 10:07:03.382] [189699] [HailoRT] [info] [queue_elements.cpp:54] [operator()] Thread in element PullQEl_hw_read2palm_detection_lite/conv29 is not running anymore, exiting..
[2024-11-13 10:07:03.382] [159140] [HailoRT] [info] [queue_elements.cpp:43] [~BaseQueueElement] Queue element PullQEl_hw_read2palm_detection_lite/conv29 has 0 frames in his Queue on destruction
[2024-11-13 10:07:03.382] [189700] [HailoRT] [info] [queue_elements.cpp:54] [operator()] Thread in element UserBuffQEl2palm_detection_lite/conv29 is not running anymore, exiting..
[2024-11-13 10:07:03.382] [159140] [HailoRT] [info] [queue_elements.cpp:43] [~BaseQueueElement] Queue element UserBuffQEl2palm_detection_lite/conv29 has 0 frames in his Queue on destruction
[2024-11-13 10:07:03.382] [189701] [HailoRT] [info] [queue_elements.cpp:690] [run_in_thread] Shutdown event was signaled in run_pull of queue element PullQEl_hw_read0palm_detection_lite/conv30!
[2024-11-13 10:07:03.382] [189702] [HailoRT] [info] [queue_elements.cpp:811] [run_in_thread] Shutdown event was signaled in dequeue of UserBuffQEl0palm_detection_lite/conv30!
[2024-11-13 10:07:03.382] [189701] [HailoRT] [info] [queue_elements.cpp:54] [operator()] Thread in element PullQEl_hw_read0palm_detection_lite/conv30 is not running anymore, exiting..
[2024-11-13 10:07:03.382] [159140] [HailoRT] [info] [queue_elements.cpp:43] [~BaseQueueElement] Queue element PullQEl_hw_read0palm_detection_lite/conv30 has 0 frames in his Queue on destruction
[2024-11-13 10:07:03.382] [189702] [HailoRT] [info] [queue_elements.cpp:54] [operator()] Thread in element UserBuffQEl0palm_detection_lite/conv30 is not running anymore, exiting..
[2024-11-13 10:07:03.382] [159140] [HailoRT] [info] [queue_elements.cpp:43] [~BaseQueueElement] Queue element UserBuffQEl0palm_detection_lite/conv30 has 0 frames in his Queue on destruction
[2024-11-13 10:07:03.406] [159140] [HailoRT] [info] [edge_elements.cpp:52] [create] Created (HwWriteEl2palm_detection_lite/input_layer1 | hw_frame_size: 110592)
[2024-11-13 10:07:03.406] [159140] [HailoRT] [info] [vstream.cpp:754] [InputVStreamImpl] Creating palm_detection_lite/input_layer1...
[2024-11-13 10:07:03.406] [159140] [HailoRT] [info] [vstream_builder.cpp:102] [create_inputs] Input pipeline 'palm_detection_lite/input_layer1': (HwWriteEl2palm_detection_lite/input_layer1 | hw_frame_size: 110592) >> HW
[2024-11-13 10:07:03.406] [159140] [HailoRT] [info] [edge_elements.cpp:287] [create] Created (HwReadEl1palm_detection_lite/conv24 | hw_frame_size: 1152)
[2024-11-13 10:07:03.406] [159140] [HailoRT] [info] [queue_elements.cpp:613] [create] Created (PullQEl_hw_read1palm_detection_lite/conv24)
[2024-11-13 10:07:03.406] [159140] [HailoRT] [info] [filter_elements.cpp:360] [create] Created (PostInferEl1palm_detection_lite/conv24 | Quantization - src_type: UINT8, dst_type FLOAT32, limvals_min: -25.5854, limvals_max: 4.76007 | Reorder - src_order: FCR, src_shape: (12, 12, 8), dst_order: FCR, dst_shape: (12, 12, 6))
[2024-11-13 10:07:03.406] [159140] [HailoRT] [info] [queue_elements.cpp:756] [create] Created (UserBuffQEl1palm_detection_lite/conv24 | timeout: 10s)
[2024-11-13 10:07:03.406] [159140] [HailoRT] [info] [vstream.cpp:1107] [OutputVStreamImpl] Creating palm_detection_lite/conv24...
[2024-11-13 10:07:03.406] [159140] [HailoRT] [info] [vstream_builder.cpp:225] [create_outputs] Output pipeline 'palm_detection_lite/conv24': HW >> (HwReadEl1palm_detection_lite/conv24 | hw_frame_size: 1152) >> (PullQEl_hw_read1palm_detection_lite/conv24) >> (PostInferEl1palm_detection_lite/conv24 | Quantization - src_type: UINT8, dst_type FLOAT32, limvals_min: -25.5854, limvals_max: 4.76007 | Reorder - src_order: FCR, src_shape: (12, 12, 8), dst_order: FCR, dst_shape: (12, 12, 6)) >> (UserBuffQEl1palm_detection_lite/conv24 | timeout: 10s)
[2024-11-13 10:07:03.406] [159140] [HailoRT] [info] [edge_elements.cpp:287] [create] Created (HwReadEl3palm_detection_lite/conv25 | hw_frame_size: 16128)
[2024-11-13 10:07:03.406] [159140] [HailoRT] [info] [queue_elements.cpp:613] [create] Created (PullQEl_hw_read3palm_detection_lite/conv25)
[2024-11-13 10:07:03.406] [159140] [HailoRT] [info] [filter_elements.cpp:360] [create] Created (PostInferEl3palm_detection_lite/conv25 | Quantization - src_type: UINT8, dst_type FLOAT32, limvals_min: -75.2335, limvals_max: 140.323 | Reorder - src_order: FCR, src_shape: (12, 12, 112), dst_order: FCR, dst_shape: (12, 12, 108))
[2024-11-13 10:07:03.406] [159140] [HailoRT] [info] [queue_elements.cpp:756] [create] Created (UserBuffQEl3palm_detection_lite/conv25 | timeout: 10s)
[2024-11-13 10:07:03.406] [159140] [HailoRT] [info] [vstream.cpp:1107] [OutputVStreamImpl] Creating palm_detection_lite/conv25...
[2024-11-13 10:07:03.406] [159140] [HailoRT] [info] [vstream_builder.cpp:225] [create_outputs] Output pipeline 'palm_detection_lite/conv25': HW >> (HwReadEl3palm_detection_lite/conv25 | hw_frame_size: 16128) >> (PullQEl_hw_read3palm_detection_lite/conv25) >> (PostInferEl3palm_detection_lite/conv25 | Quantization - src_type: UINT8, dst_type FLOAT32, limvals_min: -75.2335, limvals_max: 140.323 | Reorder - src_order: FCR, src_shape: (12, 12, 112), dst_order: FCR, dst_shape: (12, 12, 108)) >> (UserBuffQEl3palm_detection_lite/conv25 | timeout: 10s)
[2024-11-13 10:07:03.406] [159140] [HailoRT] [info] [edge_elements.cpp:287] [create] Created (HwReadEl2palm_detection_lite/conv29 | hw_frame_size: 1152)
[2024-11-13 10:07:03.406] [159140] [HailoRT] [info] [queue_elements.cpp:613] [create] Created (PullQEl_hw_read2palm_detection_lite/conv29)
[2024-11-13 10:07:03.406] [159140] [HailoRT] [info] [filter_elements.cpp:360] [create] Created (PostInferEl2palm_detection_lite/conv29 | Quantization - src_type: UINT8, dst_type FLOAT32, limvals_min: -21.9402, limvals_max: 3.03637)
[2024-11-13 10:07:03.406] [159140] [HailoRT] [info] [queue_elements.cpp:756] [create] Created (UserBuffQEl2palm_detection_lite/conv29 | timeout: 10s)
[2024-11-13 10:07:03.406] [159140] [HailoRT] [info] [vstream.cpp:1107] [OutputVStreamImpl] Creating palm_detection_lite/conv29...
[2024-11-13 10:07:03.406] [159140] [HailoRT] [info] [vstream_builder.cpp:225] [create_outputs] Output pipeline 'palm_detection_lite/conv29': HW >> (HwReadEl2palm_detection_lite/conv29 | hw_frame_size: 1152) >> (PullQEl_hw_read2palm_detection_lite/conv29) >> (PostInferEl2palm_detection_lite/conv29 | Quantization - src_type: UINT8, dst_type FLOAT32, limvals_min: -21.9402, limvals_max: 3.03637) >> (UserBuffQEl2palm_detection_lite/conv29 | timeout: 10s)
[2024-11-13 10:07:03.406] [159140] [HailoRT] [info] [edge_elements.cpp:287] [create] Created (HwReadEl0palm_detection_lite/conv30 | hw_frame_size: 23040)
[2024-11-13 10:07:03.407] [159140] [HailoRT] [info] [queue_elements.cpp:613] [create] Created (PullQEl_hw_read0palm_detection_lite/conv30)
[2024-11-13 10:07:03.407] [159140] [HailoRT] [info] [filter_elements.cpp:360] [create] Created (PostInferEl0palm_detection_lite/conv30 | Quantization - src_type: UINT8, dst_type FLOAT32, limvals_min: -36.3947, limvals_max: 52.8423 | Reorder - src_order: FCR, src_shape: (24, 24, 40), dst_order: FCR, dst_shape: (24, 24, 36))
[2024-11-13 10:07:03.407] [159140] [HailoRT] [info] [queue_elements.cpp:756] [create] Created (UserBuffQEl0palm_detection_lite/conv30 | timeout: 10s)
[2024-11-13 10:07:03.407] [159140] [HailoRT] [info] [vstream.cpp:1107] [OutputVStreamImpl] Creating palm_detection_lite/conv30...
[2024-11-13 10:07:03.407] [159140] [HailoRT] [info] [vstream_builder.cpp:225] [create_outputs] Output pipeline 'palm_detection_lite/conv30': HW >> (HwReadEl0palm_detection_lite/conv30 | hw_frame_size: 23040) >> (PullQEl_hw_read0palm_detection_lite/conv30) >> (PostInferEl0palm_detection_lite/conv30 | Quantization - src_type: UINT8, dst_type FLOAT32, limvals_min: -36.3947, limvals_max: 52.8423 | Reorder - src_order: FCR, src_shape: (24, 24, 40), dst_order: FCR, dst_shape: (24, 24, 36)) >> (UserBuffQEl0palm_detection_lite/conv30 | timeout: 10s)
[2024-11-13 10:07:03.407] [159140] [HailoRT] [info] [core_op.cpp:156] [activate] Activating palm_detection_lite took 0.415017 milliseconds. Note that the function is asynchronous and thus the network is not fully activated yet.
[2024-11-13 10:07:03.407] [159140] [HailoRT] [info] [core_op.cpp:156] [activate] Activating palm_detection_lite took 0.42785 milliseconds. Note that the function is asynchronous and thus the network is not fully activated yet.
[2024-11-13 10:07:03.417] [189712] [HailoRT] [info] [vdevice_native_stream.cpp:331] [read_impl] Failed read from stream HAILO_STREAM_NOT_ACTIVATED(72) (device: 0000:01:00.0)
[2024-11-13 10:07:03.417] [189710] [HailoRT] [info] [vdevice_native_stream.cpp:331] [read_impl] Failed read from stream HAILO_STREAM_NOT_ACTIVATED(72) (device: 0000:01:00.0)
[2024-11-13 10:07:03.417] [189708] [HailoRT] [info] [vdevice_native_stream.cpp:331] [read_impl] Failed read from stream HAILO_STREAM_NOT_ACTIVATED(72) (device: 0000:01:00.0)
[2024-11-13 10:07:03.417] [189714] [HailoRT] [info] [vdevice_native_stream.cpp:331] [read_impl] Failed read from stream HAILO_STREAM_NOT_ACTIVATED(72) (device: 0000:01:00.0)
[2024-11-13 10:07:03.417] [159140] [HailoRT] [info] [core_op.cpp:186] [deactivate] Deactivating took 0.475073 ms
[2024-11-13 10:07:03.417] [159140] [HailoRT] [info] [core_op.cpp:186] [deactivate] Deactivating took 0.492739 ms
[2024-11-13 10:07:03.417] [189708] [HailoRT] [info] [queue_elements.cpp:690] [run_in_thread] Shutdown event was signaled in run_pull of queue element PullQEl_hw_read1palm_detection_lite/conv24!
[2024-11-13 10:07:03.417] [189709] [HailoRT] [info] [queue_elements.cpp:811] [run_in_thread] Shutdown event was signaled in dequeue of UserBuffQEl1palm_detection_lite/conv24!
[2024-11-13 10:07:03.417] [189708] [HailoRT] [info] [queue_elements.cpp:54] [operator()] Thread in element PullQEl_hw_read1palm_detection_lite/conv24 is not running anymore, exiting..
[2024-11-13 10:07:03.417] [159140] [HailoRT] [info] [queue_elements.cpp:43] [~BaseQueueElement] Queue element PullQEl_hw_read1palm_detection_lite/conv24 has 0 frames in his Queue on destruction
[2024-11-13 10:07:03.417] [189709] [HailoRT] [info] [queue_elements.cpp:54] [operator()] Thread in element UserBuffQEl1palm_detection_lite/conv24 is not running anymore, exiting..
[2024-11-13 10:07:03.417] [159140] [HailoRT] [info] [queue_elements.cpp:43] [~BaseQueueElement] Queue element UserBuffQEl1palm_detection_lite/conv24 has 0 frames in his Queue on destruction
[2024-11-13 10:07:03.417] [189710] [HailoRT] [info] [queue_elements.cpp:690] [run_in_thread] Shutdown event was signaled in run_pull of queue element PullQEl_hw_read3palm_detection_lite/conv25!
[2024-11-13 10:07:03.417] [189711] [HailoRT] [info] [queue_elements.cpp:811] [run_in_thread] Shutdown event was signaled in dequeue of UserBuffQEl3palm_detection_lite/conv25!
[2024-11-13 10:07:03.417] [189710] [HailoRT] [info] [queue_elements.cpp:54] [operator()] Thread in element PullQEl_hw_read3palm_detection_lite/conv25 is not running anymore, exiting..
[2024-11-13 10:07:03.417] [159140] [HailoRT] [info] [queue_elements.cpp:43] [~BaseQueueElement] Queue element PullQEl_hw_read3palm_detection_lite/conv25 has 0 frames in his Queue on destruction
[2024-11-13 10:07:03.417] [189711] [HailoRT] [info] [queue_elements.cpp:54] [operator()] Thread in element UserBuffQEl3palm_detection_lite/conv25 is not running anymore, exiting..
[2024-11-13 10:07:03.417] [159140] [HailoRT] [info] [queue_elements.cpp:43] [~BaseQueueElement] Queue element UserBuffQEl3palm_detection_lite/conv25 has 0 frames in his Queue on destruction
[2024-11-13 10:07:03.417] [189712] [HailoRT] [info] [queue_elements.cpp:690] [run_in_thread] Shutdown event was signaled in run_pull of queue element PullQEl_hw_read2palm_detection_lite/conv29!
[2024-11-13 10:07:03.417] [189713] [HailoRT] [info] [queue_elements.cpp:811] [run_in_thread] Shutdown event was signaled in dequeue of UserBuffQEl2palm_detection_lite/conv29!
[2024-11-13 10:07:03.417] [189712] [HailoRT] [info] [queue_elements.cpp:54] [operator()] Thread in element PullQEl_hw_read2palm_detection_lite/conv29 is not running anymore, exiting..
[2024-11-13 10:07:03.417] [159140] [HailoRT] [info] [queue_elements.cpp:43] [~BaseQueueElement] Queue element PullQEl_hw_read2palm_detection_lite/conv29 has 0 frames in his Queue on destruction
[2024-11-13 10:07:03.417] [189713] [HailoRT] [info] [queue_elements.cpp:54] [operator()] Thread in element UserBuffQEl2palm_detection_lite/conv29 is not running anymore, exiting..
[2024-11-13 10:07:03.417] [159140] [HailoRT] [info] [queue_elements.cpp:43] [~BaseQueueElement] Queue element UserBuffQEl2palm_detection_lite/conv29 has 0 frames in his Queue on destruction
[2024-11-13 10:07:03.417] [189714] [HailoRT] [info] [queue_elements.cpp:690] [run_in_thread] Shutdown event was signaled in run_pull of queue element PullQEl_hw_read0palm_detection_lite/conv30!
[2024-11-13 10:07:03.417] [189715] [HailoRT] [info] [queue_elements.cpp:811] [run_in_thread] Shutdown event was signaled in dequeue of UserBuffQEl0palm_detection_lite/conv30!
[2024-11-13 10:07:03.417] [189714] [HailoRT] [info] [queue_elements.cpp:54] [operator()] Thread in element PullQEl_hw_read0palm_detection_lite/conv30 is not running anymore, exiting..
[2024-11-13 10:07:03.417] [159140] [HailoRT] [info] [queue_elements.cpp:43] [~BaseQueueElement] Queue element PullQEl_hw_read0palm_detection_lite/conv30 has 0 frames in his Queue on destruction
[2024-11-13 10:07:03.417] [189715] [HailoRT] [info] [queue_elements.cpp:54] [operator()] Thread in element UserBuffQEl0palm_detection_lite/conv30 is not running anymore, exiting..
[2024-11-13 10:07:03.417] [159140] [HailoRT] [info] [queue_elements.cpp:43] [~BaseQueueElement] Queue element UserBuffQEl0palm_detection_lite/conv30 has 0 frames in his Queue on destruction
[2024-11-13 10:07:03.438] [159140] [HailoRT] [info] [edge_elements.cpp:52] [create] Created (HwWriteEl2palm_detection_lite/input_layer1 | hw_frame_size: 110592)
[2024-11-13 10:07:03.438] [159140] [HailoRT] [info] [vstream.cpp:754] [InputVStreamImpl] Creating palm_detection_lite/input_layer1...
[2024-11-13 10:07:03.438] [159140] [HailoRT] [info] [vstream_builder.cpp:102] [create_inputs] Input pipeline 'palm_detection_lite/input_layer1': (HwWriteEl2palm_detection_lite/input_layer1 | hw_frame_size: 110592) >> HW
[2024-11-13 10:07:03.438] [159140] [HailoRT] [info] [edge_elements.cpp:287] [create] Created (HwReadEl1palm_detection_lite/conv24 | hw_frame_size: 1152)
[2024-11-13 10:07:03.438] [159140] [HailoRT] [info] [queue_elements.cpp:613] [create] Created (PullQEl_hw_read1palm_detection_lite/conv24)
[2024-11-13 10:07:03.438] [159140] [HailoRT] [info] [filter_elements.cpp:360] [create] Created (PostInferEl1palm_detection_lite/conv24 | Quantization - src_type: UINT8, dst_type FLOAT32, limvals_min: -25.5854, limvals_max: 4.76007 | Reorder - src_order: FCR, src_shape: (12, 12, 8), dst_order: FCR, dst_shape: (12, 12, 6))
[2024-11-13 10:07:03.438] [159140] [HailoRT] [info] [queue_elements.cpp:756] [create] Created (UserBuffQEl1palm_detection_lite/conv24 | timeout: 10s)
[2024-11-13 10:07:03.438] [159140] [HailoRT] [info] [vstream.cpp:1107] [OutputVStreamImpl] Creating palm_detection_lite/conv24...
[2024-11-13 10:07:03.439] [159140] [HailoRT] [info] [vstream_builder.cpp:225] [create_outputs] Output pipeline 'palm_detection_lite/conv24': HW >> (HwReadEl1palm_detection_lite/conv24 | hw_frame_size: 1152) >> (PullQEl_hw_read1palm_detection_lite/conv24) >> (PostInferEl1palm_detection_lite/conv24 | Quantization - src_type: UINT8, dst_type FLOAT32, limvals_min: -25.5854, limvals_max: 4.76007 | Reorder - src_order: FCR, src_shape: (12, 12, 8), dst_order: FCR, dst_shape: (12, 12, 6)) >> (UserBuffQEl1palm_detection_lite/conv24 | timeout: 10s)
[2024-11-13 10:07:03.439] [159140] [HailoRT] [info] [edge_elements.cpp:287] [create] Created (HwReadEl3palm_detection_lite/conv25 | hw_frame_size: 16128)
[2024-11-13 10:07:03.439] [159140] [HailoRT] [info] [queue_elements.cpp:613] [create] Created (PullQEl_hw_read3palm_detection_lite/conv25)
[2024-11-13 10:07:03.439] [159140] [HailoRT] [info] [filter_elements.cpp:360] [create] Created (PostInferEl3palm_detection_lite/conv25 | Quantization - src_type: UINT8, dst_type FLOAT32, limvals_min: -75.2335, limvals_max: 140.323 | Reorder - src_order: FCR, src_shape: (12, 12, 112), dst_order: FCR, dst_shape: (12, 12, 108))
[2024-11-13 10:07:03.439] [159140] [HailoRT] [info] [queue_elements.cpp:756] [create] Created (UserBuffQEl3palm_detection_lite/conv25 | timeout: 10s)
[2024-11-13 10:07:03.439] [159140] [HailoRT] [info] [vstream.cpp:1107] [OutputVStreamImpl] Creating palm_detection_lite/conv25...
[2024-11-13 10:07:03.439] [159140] [HailoRT] [info] [vstream_builder.cpp:225] [create_outputs] Output pipeline 'palm_detection_lite/conv25': HW >> (HwReadEl3palm_detection_lite/conv25 | hw_frame_size: 16128) >> (PullQEl_hw_read3palm_detection_lite/conv25) >> (PostInferEl3palm_detection_lite/conv25 | Quantization - src_type: UINT8, dst_type FLOAT32, limvals_min: -75.2335, limvals_max: 140.323 | Reorder - src_order: FCR, src_shape: (12, 12, 112), dst_order: FCR, dst_shape: (12, 12, 108)) >> (UserBuffQEl3palm_detection_lite/conv25 | timeout: 10s)
[2024-11-13 10:07:03.439] [159140] [HailoRT] [info] [edge_elements.cpp:287] [create] Created (HwReadEl2palm_detection_lite/conv29 | hw_frame_size: 1152)
[2024-11-13 10:07:03.439] [159140] [HailoRT] [info] [queue_elements.cpp:613] [create] Created (PullQEl_hw_read2palm_detection_lite/conv29)
[2024-11-13 10:07:03.439] [159140] [HailoRT] [info] [filter_elements.cpp:360] [create] Created (PostInferEl2palm_detection_lite/conv29 | Quantization - src_type: UINT8, dst_type FLOAT32, limvals_min: -21.9402, limvals_max: 3.03637)
[2024-11-13 10:07:03.439] [159140] [HailoRT] [info] [queue_elements.cpp:756] [create] Created (UserBuffQEl2palm_detection_lite/conv29 | timeout: 10s)
[2024-11-13 10:07:03.439] [159140] [HailoRT] [info] [vstream.cpp:1107] [OutputVStreamImpl] Creating palm_detection_lite/conv29...
[2024-11-13 10:07:03.439] [159140] [HailoRT] [info] [vstream_builder.cpp:225] [create_outputs] Output pipeline 'palm_detection_lite/conv29': HW >> (HwReadEl2palm_detection_lite/conv29 | hw_frame_size: 1152) >> (PullQEl_hw_read2palm_detection_lite/conv29) >> (PostInferEl2palm_detection_lite/conv29 | Quantization - src_type: UINT8, dst_type FLOAT32, limvals_min: -21.9402, limvals_max: 3.03637) >> (UserBuffQEl2palm_detection_lite/conv29 | timeout: 10s)
[2024-11-13 10:07:03.439] [159140] [HailoRT] [info] [edge_elements.cpp:287] [create] Created (HwReadEl0palm_detection_lite/conv30 | hw_frame_size: 23040)
[2024-11-13 10:07:03.439] [159140] [HailoRT] [info] [queue_elements.cpp:613] [create] Created (PullQEl_hw_read0palm_detection_lite/conv30)
[2024-11-13 10:07:03.439] [159140] [HailoRT] [info] [filter_elements.cpp:360] [create] Created (PostInferEl0palm_detection_lite/conv30 | Quantization - src_type: UINT8, dst_type FLOAT32, limvals_min: -36.3947, limvals_max: 52.8423 | Reorder - src_order: FCR, src_shape: (24, 24, 40), dst_order: FCR, dst_shape: (24, 24, 36))
[2024-11-13 10:07:03.439] [159140] [HailoRT] [info] [queue_elements.cpp:756] [create] Created (UserBuffQEl0palm_detection_lite/conv30 | timeout: 10s)
[2024-11-13 10:07:03.439] [159140] [HailoRT] [info] [vstream.cpp:1107] [OutputVStreamImpl] Creating palm_detection_lite/conv30...
[2024-11-13 10:07:03.439] [159140] [HailoRT] [info] [vstream_builder.cpp:225] [create_outputs] Output pipeline 'palm_detection_lite/conv30': HW >> (HwReadEl0palm_detection_lite/conv30 | hw_frame_size: 23040) >> (PullQEl_hw_read0palm_detection_lite/conv30) >> (PostInferEl0palm_detection_lite/conv30 | Quantization - src_type: UINT8, dst_type FLOAT32, limvals_min: -36.3947, limvals_max: 52.8423 | Reorder - src_order: FCR, src_shape: (24, 24, 40), dst_order: FCR, dst_shape: (24, 24, 36)) >> (UserBuffQEl0palm_detection_lite/conv30 | timeout: 10s)
[2024-11-13 10:07:03.440] [159140] [HailoRT] [info] [core_op.cpp:156] [activate] Activating palm_detection_lite took 0.404998 milliseconds. Note that the function is asynchronous and thus the network is not fully activated yet.
[2024-11-13 10:07:03.440] [159140] [HailoRT] [info] [core_op.cpp:156] [activate] Activating palm_detection_lite took 0.417998 milliseconds. Note that the function is asynchronous and thus the network is not fully activated yet.
[2024-11-13 10:07:03.449] [189727] [HailoRT] [info] [vdevice_native_stream.cpp:331] [read_impl] Failed read from stream HAILO_STREAM_NOT_ACTIVATED(72) (device: 0000:01:00.0)
[2024-11-13 10:07:03.449] [189725] [HailoRT] [info] [vdevice_native_stream.cpp:331] [read_impl] Failed read from stream HAILO_STREAM_NOT_ACTIVATED(72) (device: 0000:01:00.0)
[2024-11-13 10:07:03.449] [189723] [HailoRT] [info] [vdevice_native_stream.cpp:331] [read_impl] Failed read from stream HAILO_STREAM_NOT_ACTIVATED(72) (device: 0000:01:00.0)
[2024-11-13 10:07:03.449] [189721] [HailoRT] [info] [vdevice_native_stream.cpp:331] [read_impl] Failed read from stream HAILO_STREAM_NOT_ACTIVATED(72) (device: 0000:01:00.0)
[2024-11-13 10:07:03.450] [159140] [HailoRT] [info] [core_op.cpp:186] [deactivate] Deactivating took 0.455888 ms
[2024-11-13 10:07:03.450] [159140] [HailoRT] [info] [core_op.cpp:186] [deactivate] Deactivating took 0.500461 ms
[2024-11-13 10:07:03.450] [189721] [HailoRT] [info] [queue_elements.cpp:690] [run_in_thread] Shutdown event was signaled in run_pull of queue element PullQEl_hw_read1palm_detection_lite/conv24!
[2024-11-13 10:07:03.450] [189722] [HailoRT] [info] [queue_elements.cpp:811] [run_in_thread] Shutdown event was signaled in dequeue of UserBuffQEl1palm_detection_lite/conv24!
[2024-11-13 10:07:03.450] [189721] [HailoRT] [info] [queue_elements.cpp:54] [operator()] Thread in element PullQEl_hw_read1palm_detection_lite/conv24 is not running anymore, exiting..
[2024-11-13 10:07:03.450] [159140] [HailoRT] [info] [queue_elements.cpp:43] [~BaseQueueElement] Queue element PullQEl_hw_read1palm_detection_lite/conv24 has 0 frames in his Queue on destruction
[2024-11-13 10:07:03.450] [189722] [HailoRT] [info] [queue_elements.cpp:54] [operator()] Thread in element UserBuffQEl1palm_detection_lite/conv24 is not running anymore, exiting..
[2024-11-13 10:07:03.450] [159140] [HailoRT] [info] [queue_elements.cpp:43] [~BaseQueueElement] Queue element UserBuffQEl1palm_detection_lite/conv24 has 0 frames in his Queue on destruction
[2024-11-13 10:07:03.450] [189723] [HailoRT] [info] [queue_elements.cpp:690] [run_in_thread] Shutdown event was signaled in run_pull of queue element PullQEl_hw_read3palm_detection_lite/conv25!
[2024-11-13 10:07:03.450] [189724] [HailoRT] [info] [queue_elements.cpp:811] [run_in_thread] Shutdown event was signaled in dequeue of UserBuffQEl3palm_detection_lite/conv25!
[2024-11-13 10:07:03.450] [189723] [HailoRT] [info] [queue_elements.cpp:54] [operator()] Thread in element PullQEl_hw_read3palm_detection_lite/conv25 is not running anymore, exiting..
[2024-11-13 10:07:03.450] [159140] [HailoRT] [info] [queue_elements.cpp:43] [~BaseQueueElement] Queue element PullQEl_hw_read3palm_detection_lite/conv25 has 0 frames in his Queue on destruction
[2024-11-13 10:07:03.450] [189724] [HailoRT] [info] [queue_elements.cpp:54] [operator()] Thread in element UserBuffQEl3palm_detection_lite/conv25 is not running anymore, exiting..
[2024-11-13 10:07:03.450] [159140] [HailoRT] [info] [queue_elements.cpp:43] [~BaseQueueElement] Queue element UserBuffQEl3palm_detection_lite/conv25 has 0 frames in his Queue on destruction
[2024-11-13 10:07:03.450] [189725] [HailoRT] [info] [queue_elements.cpp:690] [run_in_thread] Shutdown event was signaled in run_pull of queue element PullQEl_hw_read2palm_detection_lite/conv29!
[2024-11-13 10:07:03.450] [189726] [HailoRT] [info] [queue_elements.cpp:811] [run_in_thread] Shutdown event was signaled in dequeue of UserBuffQEl2palm_detection_lite/conv29!
[2024-11-13 10:07:03.450] [189725] [HailoRT] [info] [queue_elements.cpp:54] [operator()] Thread in element PullQEl_hw_read2palm_detection_lite/conv29 is not running anymore, exiting..
[2024-11-13 10:07:03.450] [159140] [HailoRT] [info] [queue_elements.cpp:43] [~BaseQueueElement] Queue element PullQEl_hw_read2palm_detection_lite/conv29 has 0 frames in his Queue on destruction
[2024-11-13 10:07:03.450] [189726] [HailoRT] [info] [queue_elements.cpp:54] [operator()] Thread in element UserBuffQEl2palm_detection_lite/conv29 is not running anymore, exiting..
[2024-11-13 10:07:03.450] [159140] [HailoRT] [info] [queue_elements.cpp:43] [~BaseQueueElement] Queue element UserBuffQEl2palm_detection_lite/conv29 has 0 frames in his Queue on destruction
[2024-11-13 10:07:03.450] [189727] [HailoRT] [info] [queue_elements.cpp:690] [run_in_thread] Shutdown event was signaled in run_pull of queue element PullQEl_hw_read0palm_detection_lite/conv30!
[2024-11-13 10:07:03.450] [189728] [HailoRT] [info] [queue_elements.cpp:811] [run_in_thread] Shutdown event was signaled in dequeue of UserBuffQEl0palm_detection_lite/conv30!
[2024-11-13 10:07:03.450] [189727] [HailoRT] [info] [queue_elements.cpp:54] [operator()] Thread in element PullQEl_hw_read0palm_detection_lite/conv30 is not running anymore, exiting..
[2024-11-13 10:07:03.450] [159140] [HailoRT] [info] [queue_elements.cpp:43] [~BaseQueueElement] Queue element PullQEl_hw_read0palm_detection_lite/conv30 has 0 frames in his Queue on destruction
[2024-11-13 10:07:03.450] [189728] [HailoRT] [info] [queue_elements.cpp:54] [operator()] Thread in element UserBuffQEl0palm_detection_lite/conv30 is not running anymore, exiting..
[2024-11-13 10:07:03.450] [159140] [HailoRT] [info] [queue_elements.cpp:43] [~BaseQueueElement] Queue element UserBuffQEl0palm_detection_lite/conv30 has 0 frames in his Queue on destruction
[2024-11-13 10:07:03.469] [159140] [HailoRT] [info] [edge_elements.cpp:52] [create] Created (HwWriteEl2palm_detection_lite/input_layer1 | hw_frame_size: 110592)
[2024-11-13 10:07:03.469] [159140] [HailoRT] [info] [vstream.cpp:754] [InputVStreamImpl] Creating palm_detection_lite/input_layer1...
[2024-11-13 10:07:03.469] [159140] [HailoRT] [info] [vstream_builder.cpp:102] [create_inputs] Input pipeline 'palm_detection_lite/input_layer1': (HwWriteEl2palm_detection_lite/input_layer1 | hw_frame_size: 110592) >> HW
[2024-11-13 10:07:03.469] [159140] [HailoRT] [info] [edge_elements.cpp:287] [create] Created (HwReadEl1palm_detection_lite/conv24 | hw_frame_size: 1152)
[2024-11-13 10:07:03.470] [159140] [HailoRT] [info] [queue_elements.cpp:613] [create] Created (PullQEl_hw_read1palm_detection_lite/conv24)
[2024-11-13 10:07:03.470] [159140] [HailoRT] [info] [filter_elements.cpp:360] [create] Created (PostInferEl1palm_detection_lite/conv24 | Quantization - src_type: UINT8, dst_type FLOAT32, limvals_min: -25.5854, limvals_max: 4.76007 | Reorder - src_order: FCR, src_shape: (12, 12, 8), dst_order: FCR, dst_shape: (12, 12, 6))
[2024-11-13 10:07:03.470] [159140] [HailoRT] [info] [queue_elements.cpp:756] [create] Created (UserBuffQEl1palm_detection_lite/conv24 | timeout: 10s)
[2024-11-13 10:07:03.470] [159140] [HailoRT] [info] [vstream.cpp:1107] [OutputVStreamImpl] Creating palm_detection_lite/conv24...
[2024-11-13 10:07:03.470] [159140] [HailoRT] [info] [vstream_builder.cpp:225] [create_outputs] Output pipeline 'palm_detection_lite/conv24': HW >> (HwReadEl1palm_detection_lite/conv24 | hw_frame_size: 1152) >> (PullQEl_hw_read1palm_detection_lite/conv24) >> (PostInferEl1palm_detection_lite/conv24 | Quantization - src_type: UINT8, dst_type FLOAT32, limvals_min: -25.5854, limvals_max: 4.76007 | Reorder - src_order: FCR, src_shape: (12, 12, 8), dst_order: FCR, dst_shape: (12, 12, 6)) >> (UserBuffQEl1palm_detection_lite/conv24 | timeout: 10s)
[2024-11-13 10:07:03.470] [159140] [HailoRT] [info] [edge_elements.cpp:287] [create] Created (HwReadEl3palm_detection_lite/conv25 | hw_frame_size: 16128)
[2024-11-13 10:07:03.470] [159140] [HailoRT] [info] [queue_elements.cpp:613] [create] Created (PullQEl_hw_read3palm_detection_lite/conv25)
[2024-11-13 10:07:03.470] [159140] [HailoRT] [info] [filter_elements.cpp:360] [create] Created (PostInferEl3palm_detection_lite/conv25 | Quantization - src_type: UINT8, dst_type FLOAT32, limvals_min: -75.2335, limvals_max: 140.323 | Reorder - src_order: FCR, src_shape: (12, 12, 112), dst_order: FCR, dst_shape: (12, 12, 108))
[2024-11-13 10:07:03.470] [159140] [HailoRT] [info] [queue_elements.cpp:756] [create] Created (UserBuffQEl3palm_detection_lite/conv25 | timeout: 10s)
[2024-11-13 10:07:03.470] [159140] [HailoRT] [info] [vstream.cpp:1107] [OutputVStreamImpl] Creating palm_detection_lite/conv25...
[2024-11-13 10:07:03.470] [159140] [HailoRT] [info] [vstream_builder.cpp:225] [create_outputs] Output pipeline 'palm_detection_lite/conv25': HW >> (HwReadEl3palm_detection_lite/conv25 | hw_frame_size: 16128) >> (PullQEl_hw_read3palm_detection_lite/conv25) >> (PostInferEl3palm_detection_lite/conv25 | Quantization - src_type: UINT8, dst_type FLOAT32, limvals_min: -75.2335, limvals_max: 140.323 | Reorder - src_order: FCR, src_shape: (12, 12, 112), dst_order: FCR, dst_shape: (12, 12, 108)) >> (UserBuffQEl3palm_detection_lite/conv25 | timeout: 10s)
[2024-11-13 10:07:03.470] [159140] [HailoRT] [info] [edge_elements.cpp:287] [create] Created (HwReadEl2palm_detection_lite/conv29 | hw_frame_size: 1152)
[2024-11-13 10:07:03.470] [159140] [HailoRT] [info] [queue_elements.cpp:613] [create] Created (PullQEl_hw_read2palm_detection_lite/conv29)
[2024-11-13 10:07:03.470] [159140] [HailoRT] [info] [filter_elements.cpp:360] [create] Created (PostInferEl2palm_detection_lite/conv29 | Quantization - src_type: UINT8, dst_type FLOAT32, limvals_min: -21.9402, limvals_max: 3.03637)
[2024-11-13 10:07:03.470] [159140] [HailoRT] [info] [queue_elements.cpp:756] [create] Created (UserBuffQEl2palm_detection_lite/conv29 | timeout: 10s)
[2024-11-13 10:07:03.470] [159140] [HailoRT] [info] [vstream.cpp:1107] [OutputVStreamImpl] Creating palm_detection_lite/conv29...
[2024-11-13 10:07:03.470] [159140] [HailoRT] [info] [vstream_builder.cpp:225] [create_outputs] Output pipeline 'palm_detection_lite/conv29': HW >> (HwReadEl2palm_detection_lite/conv29 | hw_frame_size: 1152) >> (PullQEl_hw_read2palm_detection_lite/conv29) >> (PostInferEl2palm_detection_lite/conv29 | Quantization - src_type: UINT8, dst_type FLOAT32, limvals_min: -21.9402, limvals_max: 3.03637) >> (UserBuffQEl2palm_detection_lite/conv29 | timeout: 10s)
[2024-11-13 10:07:03.470] [159140] [HailoRT] [info] [edge_elements.cpp:287] [create] Created (HwReadEl0palm_detection_lite/conv30 | hw_frame_size: 23040)
[2024-11-13 10:07:03.471] [159140] [HailoRT] [info] [queue_elements.cpp:613] [create] Created (PullQEl_hw_read0palm_detection_lite/conv30)
[2024-11-13 10:07:03.471] [159140] [HailoRT] [info] [filter_elements.cpp:360] [create] Created (PostInferEl0palm_detection_lite/conv30 | Quantization - src_type: UINT8, dst_type FLOAT32, limvals_min: -36.3947, limvals_max: 52.8423 | Reorder - src_order: FCR, src_shape: (24, 24, 40), dst_order: FCR, dst_shape: (24, 24, 36))
[2024-11-13 10:07:03.471] [159140] [HailoRT] [info] [queue_elements.cpp:756] [create] Created (UserBuffQEl0palm_detection_lite/conv30 | timeout: 10s)
[2024-11-13 10:07:03.471] [159140] [HailoRT] [info] [vstream.cpp:1107] [OutputVStreamImpl] Creating palm_detection_lite/conv30...
[2024-11-13 10:07:03.471] [159140] [HailoRT] [info] [vstream_builder.cpp:225] [create_outputs] Output pipeline 'palm_detection_lite/conv30': HW >> (HwReadEl0palm_detection_lite/conv30 | hw_frame_size: 23040) >> (PullQEl_hw_read0palm_detection_lite/conv30) >> (PostInferEl0palm_detection_lite/conv30 | Quantization - src_type: UINT8, dst_type FLOAT32, limvals_min: -36.3947, limvals_max: 52.8423 | Reorder - src_order: FCR, src_shape: (24, 24, 40), dst_order: FCR, dst_shape: (24, 24, 36)) >> (UserBuffQEl0palm_detection_lite/conv30 | timeout: 10s)
[2024-11-13 10:07:03.471] [159140] [HailoRT] [info] [core_op.cpp:156] [activate] Activating palm_detection_lite took 0.48409 milliseconds. Note that the function is asynchronous and thus the network is not fully activated yet.
[2024-11-13 10:07:03.471] [159140] [HailoRT] [info] [core_op.cpp:156] [activate] Activating palm_detection_lite took 0.502387 milliseconds. Note that the function is asynchronous and thus the network is not fully activated yet.
[2024-11-13 10:07:03.481] [189734] [HailoRT] [info] [vdevice_native_stream.cpp:331] [read_impl] Failed read from stream HAILO_STREAM_NOT_ACTIVATED(72) (device: 0000:01:00.0)
[2024-11-13 10:07:03.481] [189736] [HailoRT] [info] [vdevice_native_stream.cpp:331] [read_impl] Failed read from stream HAILO_STREAM_NOT_ACTIVATED(72) (device: 0000:01:00.0)
[2024-11-13 10:07:03.481] [189740] [HailoRT] [info] [vdevice_native_stream.cpp:331] [read_impl] Failed read from stream HAILO_STREAM_NOT_ACTIVATED(72) (device: 0000:01:00.0)
[2024-11-13 10:07:03.481] [189738] [HailoRT] [info] [vdevice_native_stream.cpp:331] [read_impl] Failed read from stream HAILO_STREAM_NOT_ACTIVATED(72) (device: 0000:01:00.0)
[2024-11-13 10:07:03.481] [159140] [HailoRT] [info] [core_op.cpp:186] [deactivate] Deactivating took 0.454813 ms
[2024-11-13 10:07:03.481] [159140] [HailoRT] [info] [core_op.cpp:186] [deactivate] Deactivating took 0.471276 ms
[2024-11-13 10:07:03.481] [189734] [HailoRT] [info] [queue_elements.cpp:690] [run_in_thread] Shutdown event was signaled in run_pull of queue element PullQEl_hw_read1palm_detection_lite/conv24!
[2024-11-13 10:07:03.481] [189735] [HailoRT] [info] [queue_elements.cpp:811] [run_in_thread] Shutdown event was signaled in dequeue of UserBuffQEl1palm_detection_lite/conv24!
[2024-11-13 10:07:03.481] [189734] [HailoRT] [info] [queue_elements.cpp:54] [operator()] Thread in element PullQEl_hw_read1palm_detection_lite/conv24 is not running anymore, exiting..
[2024-11-13 10:07:03.481] [159140] [HailoRT] [info] [queue_elements.cpp:43] [~BaseQueueElement] Queue element PullQEl_hw_read1palm_detection_lite/conv24 has 0 frames in his Queue on destruction
[2024-11-13 10:07:03.481] [189735] [HailoRT] [info] [queue_elements.cpp:54] [operator()] Thread in element UserBuffQEl1palm_detection_lite/conv24 is not running anymore, exiting..
[2024-11-13 10:07:03.481] [159140] [HailoRT] [info] [queue_elements.cpp:43] [~BaseQueueElement] Queue element UserBuffQEl1palm_detection_lite/conv24 has 0 frames in his Queue on destruction
[2024-11-13 10:07:03.481] [189736] [HailoRT] [info] [queue_elements.cpp:690] [run_in_thread] Shutdown event was signaled in run_pull of queue element PullQEl_hw_read3palm_detection_lite/conv25!
[2024-11-13 10:07:03.481] [189737] [HailoRT] [info] [queue_elements.cpp:811] [run_in_thread] Shutdown event was signaled in dequeue of UserBuffQEl3palm_detection_lite/conv25!
[2024-11-13 10:07:03.481] [189736] [HailoRT] [info] [queue_elements.cpp:54] [operator()] Thread in element PullQEl_hw_read3palm_detection_lite/conv25 is not running anymore, exiting..
[2024-11-13 10:07:03.481] [159140] [HailoRT] [info] [queue_elements.cpp:43] [~BaseQueueElement] Queue element PullQEl_hw_read3palm_detection_lite/conv25 has 0 frames in his Queue on destruction
[2024-11-13 10:07:03.481] [189737] [HailoRT] [info] [queue_elements.cpp:54] [operator()] Thread in element UserBuffQEl3palm_detection_lite/conv25 is not running anymore, exiting..
[2024-11-13 10:07:03.481] [159140] [HailoRT] [info] [queue_elements.cpp:43] [~BaseQueueElement] Queue element UserBuffQEl3palm_detection_lite/conv25 has 0 frames in his Queue on destruction
[2024-11-13 10:07:03.481] [189738] [HailoRT] [info] [queue_elements.cpp:690] [run_in_thread] Shutdown event was signaled in run_pull of queue element PullQEl_hw_read2palm_detection_lite/conv29!
[2024-11-13 10:07:03.481] [189739] [HailoRT] [info] [queue_elements.cpp:811] [run_in_thread] Shutdown event was signaled in dequeue of UserBuffQEl2palm_detection_lite/conv29!
[2024-11-13 10:07:03.481] [189738] [HailoRT] [info] [queue_elements.cpp:54] [operator()] Thread in element PullQEl_hw_read2palm_detection_lite/conv29 is not running anymore, exiting..
[2024-11-13 10:07:03.481] [159140] [HailoRT] [info] [queue_elements.cpp:43] [~BaseQueueElement] Queue element PullQEl_hw_read2palm_detection_lite/conv29 has 0 frames in his Queue on destruction
[2024-11-13 10:07:03.481] [189739] [HailoRT] [info] [queue_elements.cpp:54] [operator()] Thread in element UserBuffQEl2palm_detection_lite/conv29 is not running anymore, exiting..
[2024-11-13 10:07:03.481] [159140] [HailoRT] [info] [queue_elements.cpp:43] [~BaseQueueElement] Queue element UserBuffQEl2palm_detection_lite/conv29 has 0 frames in his Queue on destruction
[2024-11-13 10:07:03.481] [189740] [HailoRT] [info] [queue_elements.cpp:690] [run_in_thread] Shutdown event was signaled in run_pull of queue element PullQEl_hw_read0palm_detection_lite/conv30!
[2024-11-13 10:07:03.481] [189741] [HailoRT] [info] [queue_elements.cpp:811] [run_in_thread] Shutdown event was signaled in dequeue of UserBuffQEl0palm_detection_lite/conv30!
[2024-11-13 10:07:03.481] [189740] [HailoRT] [info] [queue_elements.cpp:54] [operator()] Thread in element PullQEl_hw_read0palm_detection_lite/conv30 is not running anymore, exiting..
[2024-11-13 10:07:03.481] [159140] [HailoRT] [info] [queue_elements.cpp:43] [~BaseQueueElement] Queue element PullQEl_hw_read0palm_detection_lite/conv30 has 0 frames in his Queue on destruction
[2024-11-13 10:07:03.481] [189741] [HailoRT] [info] [queue_elements.cpp:54] [operator()] Thread in element UserBuffQEl0palm_detection_lite/conv30 is not running anymore, exiting..
[2024-11-13 10:07:03.481] [159140] [HailoRT] [info] [queue_elements.cpp:43] [~BaseQueueElement] Queue element UserBuffQEl0palm_detection_lite/conv30 has 0 frames in his Queue on destruction
[2024-11-13 10:07:03.506] [159140] [HailoRT] [info] [edge_elements.cpp:52] [create] Created (HwWriteEl2palm_detection_lite/input_layer1 | hw_frame_size: 110592)
[2024-11-13 10:07:03.506] [159140] [HailoRT] [info] [vstream.cpp:754] [InputVStreamImpl] Creating palm_detection_lite/input_layer1...
[2024-11-13 10:07:03.506] [159140] [HailoRT] [info] [vstream_builder.cpp:102] [create_inputs] Input pipeline 'palm_detection_lite/input_layer1': (HwWriteEl2palm_detection_lite/input_layer1 | hw_frame_size: 110592) >> HW
[2024-11-13 10:07:03.506] [159140] [HailoRT] [info] [edge_elements.cpp:287] [create] Created (HwReadEl1palm_detection_lite/conv24 | hw_frame_size: 1152)
[2024-11-13 10:07:03.506] [159140] [HailoRT] [info] [queue_elements.cpp:613] [create] Created (PullQEl_hw_read1palm_detection_lite/conv24)
[2024-11-13 10:07:03.506] [159140] [HailoRT] [info] [filter_elements.cpp:360] [create] Created (PostInferEl1palm_detection_lite/conv24 | Quantization - src_type: UINT8, dst_type FLOAT32, limvals_min: -25.5854, limvals_max: 4.76007 | Reorder - src_order: FCR, src_shape: (12, 12, 8), dst_order: FCR, dst_shape: (12, 12, 6))
[2024-11-13 10:07:03.506] [159140] [HailoRT] [info] [queue_elements.cpp:756] [create] Created (UserBuffQEl1palm_detection_lite/conv24 | timeout: 10s)
[2024-11-13 10:07:03.506] [159140] [HailoRT] [info] [vstream.cpp:1107] [OutputVStreamImpl] Creating palm_detection_lite/conv24...
[2024-11-13 10:07:03.506] [159140] [HailoRT] [info] [vstream_builder.cpp:225] [create_outputs] Output pipeline 'palm_detection_lite/conv24': HW >> (HwReadEl1palm_detection_lite/conv24 | hw_frame_size: 1152) >> (PullQEl_hw_read1palm_detection_lite/conv24) >> (PostInferEl1palm_detection_lite/conv24 | Quantization - src_type: UINT8, dst_type FLOAT32, limvals_min: -25.5854, limvals_max: 4.76007 | Reorder - src_order: FCR, src_shape: (12, 12, 8), dst_order: FCR, dst_shape: (12, 12, 6)) >> (UserBuffQEl1palm_detection_lite/conv24 | timeout: 10s)
[2024-11-13 10:07:03.506] [159140] [HailoRT] [info] [edge_elements.cpp:287] [create] Created (HwReadEl3palm_detection_lite/conv25 | hw_frame_size: 16128)
[2024-11-13 10:07:03.506] [159140] [HailoRT] [info] [queue_elements.cpp:613] [create] Created (PullQEl_hw_read3palm_detection_lite/conv25)
[2024-11-13 10:07:03.506] [159140] [HailoRT] [info] [filter_elements.cpp:360] [create] Created (PostInferEl3palm_detection_lite/conv25 | Quantization - src_type: UINT8, dst_type FLOAT32, limvals_min: -75.2335, limvals_max: 140.323 | Reorder - src_order: FCR, src_shape: (12, 12, 112), dst_order: FCR, dst_shape: (12, 12, 108))
[2024-11-13 10:07:03.506] [159140] [HailoRT] [info] [queue_elements.cpp:756] [create] Created (UserBuffQEl3palm_detection_lite/conv25 | timeout: 10s)
[2024-11-13 10:07:03.506] [159140] [HailoRT] [info] [vstream.cpp:1107] [OutputVStreamImpl] Creating palm_detection_lite/conv25...
[2024-11-13 10:07:03.506] [159140] [HailoRT] [info] [vstream_builder.cpp:225] [create_outputs] Output pipeline 'palm_detection_lite/conv25': HW >> (HwReadEl3palm_detection_lite/conv25 | hw_frame_size: 16128) >> (PullQEl_hw_read3palm_detection_lite/conv25) >> (PostInferEl3palm_detection_lite/conv25 | Quantization - src_type: UINT8, dst_type FLOAT32, limvals_min: -75.2335, limvals_max: 140.323 | Reorder - src_order: FCR, src_shape: (12, 12, 112), dst_order: FCR, dst_shape: (12, 12, 108)) >> (UserBuffQEl3palm_detection_lite/conv25 | timeout: 10s)
[2024-11-13 10:07:03.506] [159140] [HailoRT] [info] [edge_elements.cpp:287] [create] Created (HwReadEl2palm_detection_lite/conv29 | hw_frame_size: 1152)
[2024-11-13 10:07:03.506] [159140] [HailoRT] [info] [queue_elements.cpp:613] [create] Created (PullQEl_hw_read2palm_detection_lite/conv29)
[2024-11-13 10:07:03.506] [159140] [HailoRT] [info] [filter_elements.cpp:360] [create] Created (PostInferEl2palm_detection_lite/conv29 | Quantization - src_type: UINT8, dst_type FLOAT32, limvals_min: -21.9402, limvals_max: 3.03637)
[2024-11-13 10:07:03.507] [159140] [HailoRT] [info] [queue_elements.cpp:756] [create] Created (UserBuffQEl2palm_detection_lite/conv29 | timeout: 10s)
[2024-11-13 10:07:03.507] [159140] [HailoRT] [info] [vstream.cpp:1107] [OutputVStreamImpl] Creating palm_detection_lite/conv29...
[2024-11-13 10:07:03.507] [159140] [HailoRT] [info] [vstream_builder.cpp:225] [create_outputs] Output pipeline 'palm_detection_lite/conv29': HW >> (HwReadEl2palm_detection_lite/conv29 | hw_frame_size: 1152) >> (PullQEl_hw_read2palm_detection_lite/conv29) >> (PostInferEl2palm_detection_lite/conv29 | Quantization - src_type: UINT8, dst_type FLOAT32, limvals_min: -21.9402, limvals_max: 3.03637) >> (UserBuffQEl2palm_detection_lite/conv29 | timeout: 10s)
[2024-11-13 10:07:03.507] [159140] [HailoRT] [info] [edge_elements.cpp:287] [create] Created (HwReadEl0palm_detection_lite/conv30 | hw_frame_size: 23040)
[2024-11-13 10:07:03.507] [159140] [HailoRT] [info] [queue_elements.cpp:613] [create] Created (PullQEl_hw_read0palm_detection_lite/conv30)
[2024-11-13 10:07:03.507] [159140] [HailoRT] [info] [filter_elements.cpp:360] [create] Created (PostInferEl0palm_detection_lite/conv30 | Quantization - src_type: UINT8, dst_type FLOAT32, limvals_min: -36.3947, limvals_max: 52.8423 | Reorder - src_order: FCR, src_shape: (24, 24, 40), dst_order: FCR, dst_shape: (24, 24, 36))
[2024-11-13 10:07:03.507] [159140] [HailoRT] [info] [queue_elements.cpp:756] [create] Created (UserBuffQEl0palm_detection_lite/conv30 | timeout: 10s)
[2024-11-13 10:07:03.507] [159140] [HailoRT] [info] [vstream.cpp:1107] [OutputVStreamImpl] Creating palm_detection_lite/conv30...
[2024-11-13 10:07:03.507] [159140] [HailoRT] [info] [vstream_builder.cpp:225] [create_outputs] Output pipeline 'palm_detection_lite/conv30': HW >> (HwReadEl0palm_detection_lite/conv30 | hw_frame_size: 23040) >> (PullQEl_hw_read0palm_detection_lite/conv30) >> (PostInferEl0palm_detection_lite/conv30 | Quantization - src_type: UINT8, dst_type FLOAT32, limvals_min: -36.3947, limvals_max: 52.8423 | Reorder - src_order: FCR, src_shape: (24, 24, 40), dst_order: FCR, dst_shape: (24, 24, 36)) >> (UserBuffQEl0palm_detection_lite/conv30 | timeout: 10s)
[2024-11-13 10:07:03.507] [159140] [HailoRT] [info] [core_op.cpp:156] [activate] Activating palm_detection_lite took 0.398258 milliseconds. Note that the function is asynchronous and thus the network is not fully activated yet.
[2024-11-13 10:07:03.507] [159140] [HailoRT] [info] [core_op.cpp:156] [activate] Activating palm_detection_lite took 0.426758 milliseconds. Note that the function is asynchronous and thus the network is not fully activated yet.
[2024-11-13 10:07:03.517] [189753] [HailoRT] [info] [vdevice_native_stream.cpp:331] [read_impl] Failed read from stream HAILO_STREAM_NOT_ACTIVATED(72) (device: 0000:01:00.0)
[2024-11-13 10:07:03.517] [189751] [HailoRT] [info] [vdevice_native_stream.cpp:331] [read_impl] Failed read from stream HAILO_STREAM_NOT_ACTIVATED(72) (device: 0000:01:00.0)
[2024-11-13 10:07:03.517] [189747] [HailoRT] [info] [vdevice_native_stream.cpp:331] [read_impl] Failed read from stream HAILO_STREAM_NOT_ACTIVATED(72) (device: 0000:01:00.0)
[2024-11-13 10:07:03.517] [189749] [HailoRT] [info] [vdevice_native_stream.cpp:331] [read_impl] Failed read from stream HAILO_STREAM_NOT_ACTIVATED(72) (device: 0000:01:00.0)
[2024-11-13 10:07:03.517] [159140] [HailoRT] [info] [core_op.cpp:186] [deactivate] Deactivating took 0.477906 ms
[2024-11-13 10:07:03.517] [159140] [HailoRT] [info] [core_op.cpp:186] [deactivate] Deactivating took 0.494257 ms
[2024-11-13 10:07:03.517] [189747] [HailoRT] [info] [queue_elements.cpp:690] [run_in_thread] Shutdown event was signaled in run_pull of queue element PullQEl_hw_read1palm_detection_lite/conv24!
[2024-11-13 10:07:03.517] [189748] [HailoRT] [info] [queue_elements.cpp:811] [run_in_thread] Shutdown event was signaled in dequeue of UserBuffQEl1palm_detection_lite/conv24!
[2024-11-13 10:07:03.517] [189747] [HailoRT] [info] [queue_elements.cpp:54] [operator()] Thread in element PullQEl_hw_read1palm_detection_lite/conv24 is not running anymore, exiting..
[2024-11-13 10:07:03.517] [159140] [HailoRT] [info] [queue_elements.cpp:43] [~BaseQueueElement] Queue element PullQEl_hw_read1palm_detection_lite/conv24 has 0 frames in his Queue on destruction
[2024-11-13 10:07:03.517] [189748] [HailoRT] [info] [queue_elements.cpp:54] [operator()] Thread in element UserBuffQEl1palm_detection_lite/conv24 is not running anymore, exiting..
[2024-11-13 10:07:03.517] [159140] [HailoRT] [info] [queue_elements.cpp:43] [~BaseQueueElement] Queue element UserBuffQEl1palm_detection_lite/conv24 has 0 frames in his Queue on destruction
[2024-11-13 10:07:03.517] [189750] [HailoRT] [info] [queue_elements.cpp:811] [run_in_thread] Shutdown event was signaled in dequeue of UserBuffQEl3palm_detection_lite/conv25!
[2024-11-13 10:07:03.517] [189749] [HailoRT] [info] [queue_elements.cpp:690] [run_in_thread] Shutdown event was signaled in run_pull of queue element PullQEl_hw_read3palm_detection_lite/conv25!
[2024-11-13 10:07:03.517] [189749] [HailoRT] [info] [queue_elements.cpp:54] [operator()] Thread in element PullQEl_hw_read3palm_detection_lite/conv25 is not running anymore, exiting..
[2024-11-13 10:07:03.517] [159140] [HailoRT] [info] [queue_elements.cpp:43] [~BaseQueueElement] Queue element PullQEl_hw_read3palm_detection_lite/conv25 has 0 frames in his Queue on destruction
[2024-11-13 10:07:03.517] [189750] [HailoRT] [info] [queue_elements.cpp:54] [operator()] Thread in element UserBuffQEl3palm_detection_lite/conv25 is not running anymore, exiting..
[2024-11-13 10:07:03.517] [159140] [HailoRT] [info] [queue_elements.cpp:43] [~BaseQueueElement] Queue element UserBuffQEl3palm_detection_lite/conv25 has 0 frames in his Queue on destruction
[2024-11-13 10:07:03.517] [189751] [HailoRT] [info] [queue_elements.cpp:690] [run_in_thread] Shutdown event was signaled in run_pull of queue element PullQEl_hw_read2palm_detection_lite/conv29!
[2024-11-13 10:07:03.517] [189752] [HailoRT] [info] [queue_elements.cpp:811] [run_in_thread] Shutdown event was signaled in dequeue of UserBuffQEl2palm_detection_lite/conv29!
[2024-11-13 10:07:03.517] [189751] [HailoRT] [info] [queue_elements.cpp:54] [operator()] Thread in element PullQEl_hw_read2palm_detection_lite/conv29 is not running anymore, exiting..
[2024-11-13 10:07:03.517] [159140] [HailoRT] [info] [queue_elements.cpp:43] [~BaseQueueElement] Queue element PullQEl_hw_read2palm_detection_lite/conv29 has 0 frames in his Queue on destruction
[2024-11-13 10:07:03.517] [189752] [HailoRT] [info] [queue_elements.cpp:54] [operator()] Thread in element UserBuffQEl2palm_detection_lite/conv29 is not running anymore, exiting..
[2024-11-13 10:07:03.517] [159140] [HailoRT] [info] [queue_elements.cpp:43] [~BaseQueueElement] Queue element UserBuffQEl2palm_detection_lite/conv29 has 0 frames in his Queue on destruction
[2024-11-13 10:07:03.517] [189753] [HailoRT] [info] [queue_elements.cpp:690] [run_in_thread] Shutdown event was signaled in run_pull of queue element PullQEl_hw_read0palm_detection_lite/conv30!
[2024-11-13 10:07:03.517] [189754] [HailoRT] [info] [queue_elements.cpp:811] [run_in_thread] Shutdown event was signaled in dequeue of UserBuffQEl0palm_detection_lite/conv30!
[2024-11-13 10:07:03.517] [189753] [HailoRT] [info] [queue_elements.cpp:54] [operator()] Thread in element PullQEl_hw_read0palm_detection_lite/conv30 is not running anymore, exiting..
[2024-11-13 10:07:03.517] [159140] [HailoRT] [info] [queue_elements.cpp:43] [~BaseQueueElement] Queue element PullQEl_hw_read0palm_detection_lite/conv30 has 0 frames in his Queue on destruction
[2024-11-13 10:07:03.518] [189754] [HailoRT] [info] [queue_elements.cpp:54] [operator()] Thread in element UserBuffQEl0palm_detection_lite/conv30 is not running anymore, exiting..
[2024-11-13 10:07:03.518] [159140] [HailoRT] [info] [queue_elements.cpp:43] [~BaseQueueElement] Queue element UserBuffQEl0palm_detection_lite/conv30 has 0 frames in his Queue on destruction
[2024-11-13 10:07:03.538] [159140] [HailoRT] [info] [edge_elements.cpp:52] [create] Created (HwWriteEl2palm_detection_lite/input_layer1 | hw_frame_size: 110592)
[2024-11-13 10:07:03.538] [159140] [HailoRT] [info] [vstream.cpp:754] [InputVStreamImpl] Creating palm_detection_lite/input_layer1...
[2024-11-13 10:07:03.538] [159140] [HailoRT] [info] [vstream_builder.cpp:102] [create_inputs] Input pipeline 'palm_detection_lite/input_layer1': (HwWriteEl2palm_detection_lite/input_layer1 | hw_frame_size: 110592) >> HW
[2024-11-13 10:07:03.538] [159140] [HailoRT] [info] [edge_elements.cpp:287] [create] Created (HwReadEl1palm_detection_lite/conv24 | hw_frame_size: 1152)
[2024-11-13 10:07:03.538] [159140] [HailoRT] [info] [queue_elements.cpp:613] [create] Created (PullQEl_hw_read1palm_detection_lite/conv24)
[2024-11-13 10:07:03.538] [159140] [HailoRT] [info] [filter_elements.cpp:360] [create] Created (PostInferEl1palm_detection_lite/conv24 | Quantization - src_type: UINT8, dst_type FLOAT32, limvals_min: -25.5854, limvals_max: 4.76007 | Reorder - src_order: FCR, src_shape: (12, 12, 8), dst_order: FCR, dst_shape: (12, 12, 6))
[2024-11-13 10:07:03.538] [159140] [HailoRT] [info] [queue_elements.cpp:756] [create] Created (UserBuffQEl1palm_detection_lite/conv24 | timeout: 10s)
[2024-11-13 10:07:03.538] [159140] [HailoRT] [info] [vstream.cpp:1107] [OutputVStreamImpl] Creating palm_detection_lite/conv24...
[2024-11-13 10:07:03.538] [159140] [HailoRT] [info] [vstream_builder.cpp:225] [create_outputs] Output pipeline 'palm_detection_lite/conv24': HW >> (HwReadEl1palm_detection_lite/conv24 | hw_frame_size: 1152) >> (PullQEl_hw_read1palm_detection_lite/conv24) >> (PostInferEl1palm_detection_lite/conv24 | Quantization - src_type: UINT8, dst_type FLOAT32, limvals_min: -25.5854, limvals_max: 4.76007 | Reorder - src_order: FCR, src_shape: (12, 12, 8), dst_order: FCR, dst_shape: (12, 12, 6)) >> (UserBuffQEl1palm_detection_lite/conv24 | timeout: 10s)
[2024-11-13 10:07:03.539] [159140] [HailoRT] [info] [edge_elements.cpp:287] [create] Created (HwReadEl3palm_detection_lite/conv25 | hw_frame_size: 16128)
[2024-11-13 10:07:03.539] [159140] [HailoRT] [info] [queue_elements.cpp:613] [create] Created (PullQEl_hw_read3palm_detection_lite/conv25)
[2024-11-13 10:07:03.539] [159140] [HailoRT] [info] [filter_elements.cpp:360] [create] Created (PostInferEl3palm_detection_lite/conv25 | Quantization - src_type: UINT8, dst_type FLOAT32, limvals_min: -75.2335, limvals_max: 140.323 | Reorder - src_order: FCR, src_shape: (12, 12, 112), dst_order: FCR, dst_shape: (12, 12, 108))
[2024-11-13 10:07:03.539] [159140] [HailoRT] [info] [queue_elements.cpp:756] [create] Created (UserBuffQEl3palm_detection_lite/conv25 | timeout: 10s)
[2024-11-13 10:07:03.539] [159140] [HailoRT] [info] [vstream.cpp:1107] [OutputVStreamImpl] Creating palm_detection_lite/conv25...
[2024-11-13 10:07:03.539] [159140] [HailoRT] [info] [vstream_builder.cpp:225] [create_outputs] Output pipeline 'palm_detection_lite/conv25': HW >> (HwReadEl3palm_detection_lite/conv25 | hw_frame_size: 16128) >> (PullQEl_hw_read3palm_detection_lite/conv25) >> (PostInferEl3palm_detection_lite/conv25 | Quantization - src_type: UINT8, dst_type FLOAT32, limvals_min: -75.2335, limvals_max: 140.323 | Reorder - src_order: FCR, src_shape: (12, 12, 112), dst_order: FCR, dst_shape: (12, 12, 108)) >> (UserBuffQEl3palm_detection_lite/conv25 | timeout: 10s)
[2024-11-13 10:07:03.539] [159140] [HailoRT] [info] [edge_elements.cpp:287] [create] Created (HwReadEl2palm_detection_lite/conv29 | hw_frame_size: 1152)
[2024-11-13 10:07:03.539] [159140] [HailoRT] [info] [queue_elements.cpp:613] [create] Created (PullQEl_hw_read2palm_detection_lite/conv29)
[2024-11-13 10:07:03.539] [159140] [HailoRT] [info] [filter_elements.cpp:360] [create] Created (PostInferEl2palm_detection_lite/conv29 | Quantization - src_type: UINT8, dst_type FLOAT32, limvals_min: -21.9402, limvals_max: 3.03637)
[2024-11-13 10:07:03.539] [159140] [HailoRT] [info] [queue_elements.cpp:756] [create] Created (UserBuffQEl2palm_detection_lite/conv29 | timeout: 10s)
[2024-11-13 10:07:03.539] [159140] [HailoRT] [info] [vstream.cpp:1107] [OutputVStreamImpl] Creating palm_detection_lite/conv29...
[2024-11-13 10:07:03.539] [159140] [HailoRT] [info] [vstream_builder.cpp:225] [create_outputs] Output pipeline 'palm_detection_lite/conv29': HW >> (HwReadEl2palm_detection_lite/conv29 | hw_frame_size: 1152) >> (PullQEl_hw_read2palm_detection_lite/conv29) >> (PostInferEl2palm_detection_lite/conv29 | Quantization - src_type: UINT8, dst_type FLOAT32, limvals_min: -21.9402, limvals_max: 3.03637) >> (UserBuffQEl2palm_detection_lite/conv29 | timeout: 10s)
[2024-11-13 10:07:03.539] [159140] [HailoRT] [info] [edge_elements.cpp:287] [create] Created (HwReadEl0palm_detection_lite/conv30 | hw_frame_size: 23040)
[2024-11-13 10:07:03.539] [159140] [HailoRT] [info] [queue_elements.cpp:613] [create] Created (PullQEl_hw_read0palm_detection_lite/conv30)
[2024-11-13 10:07:03.539] [159140] [HailoRT] [info] [filter_elements.cpp:360] [create] Created (PostInferEl0palm_detection_lite/conv30 | Quantization - src_type: UINT8, dst_type FLOAT32, limvals_min: -36.3947, limvals_max: 52.8423 | Reorder - src_order: FCR, src_shape: (24, 24, 40), dst_order: FCR, dst_shape: (24, 24, 36))
[2024-11-13 10:07:03.539] [159140] [HailoRT] [info] [queue_elements.cpp:756] [create] Created (UserBuffQEl0palm_detection_lite/conv30 | timeout: 10s)
[2024-11-13 10:07:03.539] [159140] [HailoRT] [info] [vstream.cpp:1107] [OutputVStreamImpl] Creating palm_detection_lite/conv30...
[2024-11-13 10:07:03.539] [159140] [HailoRT] [info] [vstream_builder.cpp:225] [create_outputs] Output pipeline 'palm_detection_lite/conv30': HW >> (HwReadEl0palm_detection_lite/conv30 | hw_frame_size: 23040) >> (PullQEl_hw_read0palm_detection_lite/conv30) >> (PostInferEl0palm_detection_lite/conv30 | Quantization - src_type: UINT8, dst_type FLOAT32, limvals_min: -36.3947, limvals_max: 52.8423 | Reorder - src_order: FCR, src_shape: (24, 24, 40), dst_order: FCR, dst_shape: (24, 24, 36)) >> (UserBuffQEl0palm_detection_lite/conv30 | timeout: 10s)
[2024-11-13 10:07:03.540] [159140] [HailoRT] [info] [core_op.cpp:156] [activate] Activating palm_detection_lite took 0.407443 milliseconds. Note that the function is asynchronous and thus the network is not fully activated yet.
[2024-11-13 10:07:03.540] [159140] [HailoRT] [info] [core_op.cpp:156] [activate] Activating palm_detection_lite took 0.421887 milliseconds. Note that the function is asynchronous and thus the network is not fully activated yet.
[2024-11-13 10:07:03.549] [189760] [HailoRT] [info] [vdevice_native_stream.cpp:331] [read_impl] Failed read from stream HAILO_STREAM_NOT_ACTIVATED(72) (device: 0000:01:00.0)
[2024-11-13 10:07:03.549] [189766] [HailoRT] [info] [vdevice_native_stream.cpp:331] [read_impl] Failed read from stream HAILO_STREAM_NOT_ACTIVATED(72) (device: 0000:01:00.0)
[2024-11-13 10:07:03.549] [189762] [HailoRT] [info] [vdevice_native_stream.cpp:331] [read_impl] Failed read from stream HAILO_STREAM_NOT_ACTIVATED(72) (device: 0000:01:00.0)
[2024-11-13 10:07:03.549] [189764] [HailoRT] [info] [vdevice_native_stream.cpp:331] [read_impl] Failed read from stream HAILO_STREAM_NOT_ACTIVATED(72) (device: 0000:01:00.0)
[2024-11-13 10:07:03.550] [159140] [HailoRT] [info] [core_op.cpp:186] [deactivate] Deactivating took 0.457535 ms
[2024-11-13 10:07:03.550] [159140] [HailoRT] [info] [core_op.cpp:186] [deactivate] Deactivating took 0.474517 ms
[2024-11-13 10:07:03.550] [189760] [HailoRT] [info] [queue_elements.cpp:690] [run_in_thread] Shutdown event was signaled in run_pull of queue element PullQEl_hw_read1palm_detection_lite/conv24!
[2024-11-13 10:07:03.550] [189761] [HailoRT] [info] [queue_elements.cpp:811] [run_in_thread] Shutdown event was signaled in dequeue of UserBuffQEl1palm_detection_lite/conv24!
[2024-11-13 10:07:03.550] [189760] [HailoRT] [info] [queue_elements.cpp:54] [operator()] Thread in element PullQEl_hw_read1palm_detection_lite/conv24 is not running anymore, exiting..
[2024-11-13 10:07:03.550] [159140] [HailoRT] [info] [queue_elements.cpp:43] [~BaseQueueElement] Queue element PullQEl_hw_read1palm_detection_lite/conv24 has 0 frames in his Queue on destruction
[2024-11-13 10:07:03.550] [189761] [HailoRT] [info] [queue_elements.cpp:54] [operator()] Thread in element UserBuffQEl1palm_detection_lite/conv24 is not running anymore, exiting..
[2024-11-13 10:07:03.550] [159140] [HailoRT] [info] [queue_elements.cpp:43] [~BaseQueueElement] Queue element UserBuffQEl1palm_detection_lite/conv24 has 0 frames in his Queue on destruction
[2024-11-13 10:07:03.550] [189762] [HailoRT] [info] [queue_elements.cpp:690] [run_in_thread] Shutdown event was signaled in run_pull of queue element PullQEl_hw_read3palm_detection_lite/conv25!
[2024-11-13 10:07:03.550] [189763] [HailoRT] [info] [queue_elements.cpp:811] [run_in_thread] Shutdown event was signaled in dequeue of UserBuffQEl3palm_detection_lite/conv25!
[2024-11-13 10:07:03.550] [189762] [HailoRT] [info] [queue_elements.cpp:54] [operator()] Thread in element PullQEl_hw_read3palm_detection_lite/conv25 is not running anymore, exiting..
[2024-11-13 10:07:03.550] [159140] [HailoRT] [info] [queue_elements.cpp:43] [~BaseQueueElement] Queue element PullQEl_hw_read3palm_detection_lite/conv25 has 0 frames in his Queue on destruction
[2024-11-13 10:07:03.550] [189763] [HailoRT] [info] [queue_elements.cpp:54] [operator()] Thread in element UserBuffQEl3palm_detection_lite/conv25 is not running anymore, exiting..
[2024-11-13 10:07:03.550] [159140] [HailoRT] [info] [queue_elements.cpp:43] [~BaseQueueElement] Queue element UserBuffQEl3palm_detection_lite/conv25 has 0 frames in his Queue on destruction
[2024-11-13 10:07:03.550] [189764] [HailoRT] [info] [queue_elements.cpp:690] [run_in_thread] Shutdown event was signaled in run_pull of queue element PullQEl_hw_read2palm_detection_lite/conv29!
[2024-11-13 10:07:03.550] [189765] [HailoRT] [info] [queue_elements.cpp:811] [run_in_thread] Shutdown event was signaled in dequeue of UserBuffQEl2palm_detection_lite/conv29!
[2024-11-13 10:07:03.550] [189764] [HailoRT] [info] [queue_elements.cpp:54] [operator()] Thread in element PullQEl_hw_read2palm_detection_lite/conv29 is not running anymore, exiting..
[2024-11-13 10:07:03.550] [159140] [HailoRT] [info] [queue_elements.cpp:43] [~BaseQueueElement] Queue element PullQEl_hw_read2palm_detection_lite/conv29 has 0 frames in his Queue on destruction
[2024-11-13 10:07:03.550] [189765] [HailoRT] [info] [queue_elements.cpp:54] [operator()] Thread in element UserBuffQEl2palm_detection_lite/conv29 is not running anymore, exiting..
[2024-11-13 10:07:03.550] [159140] [HailoRT] [info] [queue_elements.cpp:43] [~BaseQueueElement] Queue element UserBuffQEl2palm_detection_lite/conv29 has 0 frames in his Queue on destruction
[2024-11-13 10:07:03.550] [189766] [HailoRT] [info] [queue_elements.cpp:690] [run_in_thread] Shutdown event was signaled in run_pull of queue element PullQEl_hw_read0palm_detection_lite/conv30!
[2024-11-13 10:07:03.550] [189767] [HailoRT] [info] [queue_elements.cpp:811] [run_in_thread] Shutdown event was signaled in dequeue of UserBuffQEl0palm_detection_lite/conv30!
[2024-11-13 10:07:03.550] [189766] [HailoRT] [info] [queue_elements.cpp:54] [operator()] Thread in element PullQEl_hw_read0palm_detection_lite/conv30 is not running anymore, exiting..
[2024-11-13 10:07:03.550] [159140] [HailoRT] [info] [queue_elements.cpp:43] [~BaseQueueElement] Queue element PullQEl_hw_read0palm_detection_lite/conv30 has 0 frames in his Queue on destruction
[2024-11-13 10:07:03.550] [189767] [HailoRT] [info] [queue_elements.cpp:54] [operator()] Thread in element UserBuffQEl0palm_detection_lite/conv30 is not running anymore, exiting..
[2024-11-13 10:07:03.550] [159140] [HailoRT] [info] [queue_elements.cpp:43] [~BaseQueueElement] Queue element UserBuffQEl0palm_detection_lite/conv30 has 0 frames in his Queue on destruction
[2024-11-13 10:07:03.569] [159140] [HailoRT] [info] [edge_elements.cpp:52] [create] Created (HwWriteEl2palm_detection_lite/input_layer1 | hw_frame_size: 110592)
[2024-11-13 10:07:03.569] [159140] [HailoRT] [info] [vstream.cpp:754] [InputVStreamImpl] Creating palm_detection_lite/input_layer1...
[2024-11-13 10:07:03.569] [159140] [HailoRT] [info] [vstream_builder.cpp:102] [create_inputs] Input pipeline 'palm_detection_lite/input_layer1': (HwWriteEl2palm_detection_lite/input_layer1 | hw_frame_size: 110592) >> HW
[2024-11-13 10:07:03.570] [159140] [HailoRT] [info] [edge_elements.cpp:287] [create] Created (HwReadEl1palm_detection_lite/conv24 | hw_frame_size: 1152)
[2024-11-13 10:07:03.570] [159140] [HailoRT] [info] [queue_elements.cpp:613] [create] Created (PullQEl_hw_read1palm_detection_lite/conv24)
[2024-11-13 10:07:03.570] [159140] [HailoRT] [info] [filter_elements.cpp:360] [create] Created (PostInferEl1palm_detection_lite/conv24 | Quantization - src_type: UINT8, dst_type FLOAT32, limvals_min: -25.5854, limvals_max: 4.76007 | Reorder - src_order: FCR, src_shape: (12, 12, 8), dst_order: FCR, dst_shape: (12, 12, 6))
[2024-11-13 10:07:03.570] [159140] [HailoRT] [info] [queue_elements.cpp:756] [create] Created (UserBuffQEl1palm_detection_lite/conv24 | timeout: 10s)
[2024-11-13 10:07:03.570] [159140] [HailoRT] [info] [vstream.cpp:1107] [OutputVStreamImpl] Creating palm_detection_lite/conv24...
[2024-11-13 10:07:03.570] [159140] [HailoRT] [info] [vstream_builder.cpp:225] [create_outputs] Output pipeline 'palm_detection_lite/conv24': HW >> (HwReadEl1palm_detection_lite/conv24 | hw_frame_size: 1152) >> (PullQEl_hw_read1palm_detection_lite/conv24) >> (PostInferEl1palm_detection_lite/conv24 | Quantization - src_type: UINT8, dst_type FLOAT32, limvals_min: -25.5854, limvals_max: 4.76007 | Reorder - src_order: FCR, src_shape: (12, 12, 8), dst_order: FCR, dst_shape: (12, 12, 6)) >> (UserBuffQEl1palm_detection_lite/conv24 | timeout: 10s)
[2024-11-13 10:07:03.570] [159140] [HailoRT] [info] [edge_elements.cpp:287] [create] Created (HwReadEl3palm_detection_lite/conv25 | hw_frame_size: 16128)
[2024-11-13 10:07:03.570] [159140] [HailoRT] [info] [queue_elements.cpp:613] [create] Created (PullQEl_hw_read3palm_detection_lite/conv25)
[2024-11-13 10:07:03.570] [159140] [HailoRT] [info] [filter_elements.cpp:360] [create] Created (PostInferEl3palm_detection_lite/conv25 | Quantization - src_type: UINT8, dst_type FLOAT32, limvals_min: -75.2335, limvals_max: 140.323 | Reorder - src_order: FCR, src_shape: (12, 12, 112), dst_order: FCR, dst_shape: (12, 12, 108))
[2024-11-13 10:07:03.570] [159140] [HailoRT] [info] [queue_elements.cpp:756] [create] Created (UserBuffQEl3palm_detection_lite/conv25 | timeout: 10s)
[2024-11-13 10:07:03.570] [159140] [HailoRT] [info] [vstream.cpp:1107] [OutputVStreamImpl] Creating palm_detection_lite/conv25...
[2024-11-13 10:07:03.570] [159140] [HailoRT] [info] [vstream_builder.cpp:225] [create_outputs] Output pipeline 'palm_detection_lite/conv25': HW >> (HwReadEl3palm_detection_lite/conv25 | hw_frame_size: 16128) >> (PullQEl_hw_read3palm_detection_lite/conv25) >> (PostInferEl3palm_detection_lite/conv25 | Quantization - src_type: UINT8, dst_type FLOAT32, limvals_min: -75.2335, limvals_max: 140.323 | Reorder - src_order: FCR, src_shape: (12, 12, 112), dst_order: FCR, dst_shape: (12, 12, 108)) >> (UserBuffQEl3palm_detection_lite/conv25 | timeout: 10s)
[2024-11-13 10:07:03.570] [159140] [HailoRT] [info] [edge_elements.cpp:287] [create] Created (HwReadEl2palm_detection_lite/conv29 | hw_frame_size: 1152)
[2024-11-13 10:07:03.570] [159140] [HailoRT] [info] [queue_elements.cpp:613] [create] Created (PullQEl_hw_read2palm_detection_lite/conv29)
[2024-11-13 10:07:03.570] [159140] [HailoRT] [info] [filter_elements.cpp:360] [create] Created (PostInferEl2palm_detection_lite/conv29 | Quantization - src_type: UINT8, dst_type FLOAT32, limvals_min: -21.9402, limvals_max: 3.03637)
[2024-11-13 10:07:03.570] [159140] [HailoRT] [info] [queue_elements.cpp:756] [create] Created (UserBuffQEl2palm_detection_lite/conv29 | timeout: 10s)
[2024-11-13 10:07:03.570] [159140] [HailoRT] [info] [vstream.cpp:1107] [OutputVStreamImpl] Creating palm_detection_lite/conv29...
[2024-11-13 10:07:03.570] [159140] [HailoRT] [info] [vstream_builder.cpp:225] [create_outputs] Output pipeline 'palm_detection_lite/conv29': HW >> (HwReadEl2palm_detection_lite/conv29 | hw_frame_size: 1152) >> (PullQEl_hw_read2palm_detection_lite/conv29) >> (PostInferEl2palm_detection_lite/conv29 | Quantization - src_type: UINT8, dst_type FLOAT32, limvals_min: -21.9402, limvals_max: 3.03637) >> (UserBuffQEl2palm_detection_lite/conv29 | timeout: 10s)
[2024-11-13 10:07:03.570] [159140] [HailoRT] [info] [edge_elements.cpp:287] [create] Created (HwReadEl0palm_detection_lite/conv30 | hw_frame_size: 23040)
[2024-11-13 10:07:03.571] [159140] [HailoRT] [info] [queue_elements.cpp:613] [create] Created (PullQEl_hw_read0palm_detection_lite/conv30)
[2024-11-13 10:07:03.571] [159140] [HailoRT] [info] [filter_elements.cpp:360] [create] Created (PostInferEl0palm_detection_lite/conv30 | Quantization - src_type: UINT8, dst_type FLOAT32, limvals_min: -36.3947, limvals_max: 52.8423 | Reorder - src_order: FCR, src_shape: (24, 24, 40), dst_order: FCR, dst_shape: (24, 24, 36))
[2024-11-13 10:07:03.571] [159140] [HailoRT] [info] [queue_elements.cpp:756] [create] Created (UserBuffQEl0palm_detection_lite/conv30 | timeout: 10s)
[2024-11-13 10:07:03.571] [159140] [HailoRT] [info] [vstream.cpp:1107] [OutputVStreamImpl] Creating palm_detection_lite/conv30...
[2024-11-13 10:07:03.571] [159140] [HailoRT] [info] [vstream_builder.cpp:225] [create_outputs] Output pipeline 'palm_detection_lite/conv30': HW >> (HwReadEl0palm_detection_lite/conv30 | hw_frame_size: 23040) >> (PullQEl_hw_read0palm_detection_lite/conv30) >> (PostInferEl0palm_detection_lite/conv30 | Quantization - src_type: UINT8, dst_type FLOAT32, limvals_min: -36.3947, limvals_max: 52.8423 | Reorder - src_order: FCR, src_shape: (24, 24, 40), dst_order: FCR, dst_shape: (24, 24, 36)) >> (UserBuffQEl0palm_detection_lite/conv30 | timeout: 10s)
[2024-11-13 10:07:03.571] [159140] [HailoRT] [info] [core_op.cpp:156] [activate] Activating palm_detection_lite took 0.475425 milliseconds. Note that the function is asynchronous and thus the network is not fully activated yet.
[2024-11-13 10:07:03.571] [159140] [HailoRT] [info] [core_op.cpp:156] [activate] Activating palm_detection_lite took 0.493128 milliseconds. Note that the function is asynchronous and thus the network is not fully activated yet.
[2024-11-13 10:07:03.581] [189773] [HailoRT] [info] [vdevice_native_stream.cpp:331] [read_impl] Failed read from stream HAILO_STREAM_NOT_ACTIVATED(72) (device: 0000:01:00.0)
[2024-11-13 10:07:03.581] [189775] [HailoRT] [info] [vdevice_native_stream.cpp:331] [read_impl] Failed read from stream HAILO_STREAM_NOT_ACTIVATED(72) (device: 0000:01:00.0)
[2024-11-13 10:07:03.581] [189779] [HailoRT] [info] [vdevice_native_stream.cpp:331] [read_impl] Failed read from stream HAILO_STREAM_NOT_ACTIVATED(72) (device: 0000:01:00.0)
[2024-11-13 10:07:03.581] [189777] [HailoRT] [info] [vdevice_native_stream.cpp:331] [read_impl] Failed read from stream HAILO_STREAM_NOT_ACTIVATED(72) (device: 0000:01:00.0)
[2024-11-13 10:07:03.581] [159140] [HailoRT] [info] [core_op.cpp:186] [deactivate] Deactivating took 0.456368 ms
[2024-11-13 10:07:03.581] [159140] [HailoRT] [info] [core_op.cpp:186] [deactivate] Deactivating took 0.472961 ms
[2024-11-13 10:07:03.581] [189773] [HailoRT] [info] [queue_elements.cpp:690] [run_in_thread] Shutdown event was signaled in run_pull of queue element PullQEl_hw_read1palm_detection_lite/conv24!
[2024-11-13 10:07:03.581] [189774] [HailoRT] [info] [queue_elements.cpp:811] [run_in_thread] Shutdown event was signaled in dequeue of UserBuffQEl1palm_detection_lite/conv24!
[2024-11-13 10:07:03.581] [189773] [HailoRT] [info] [queue_elements.cpp:54] [operator()] Thread in element PullQEl_hw_read1palm_detection_lite/conv24 is not running anymore, exiting..
[2024-11-13 10:07:03.581] [159140] [HailoRT] [info] [queue_elements.cpp:43] [~BaseQueueElement] Queue element PullQEl_hw_read1palm_detection_lite/conv24 has 0 frames in his Queue on destruction
[2024-11-13 10:07:03.581] [189774] [HailoRT] [info] [queue_elements.cpp:54] [operator()] Thread in element UserBuffQEl1palm_detection_lite/conv24 is not running anymore, exiting..
[2024-11-13 10:07:03.581] [159140] [HailoRT] [info] [queue_elements.cpp:43] [~BaseQueueElement] Queue element UserBuffQEl1palm_detection_lite/conv24 has 0 frames in his Queue on destruction
[2024-11-13 10:07:03.581] [189775] [HailoRT] [info] [queue_elements.cpp:690] [run_in_thread] Shutdown event was signaled in run_pull of queue element PullQEl_hw_read3palm_detection_lite/conv25!
[2024-11-13 10:07:03.581] [189776] [HailoRT] [info] [queue_elements.cpp:811] [run_in_thread] Shutdown event was signaled in dequeue of UserBuffQEl3palm_detection_lite/conv25!
[2024-11-13 10:07:03.581] [189775] [HailoRT] [info] [queue_elements.cpp:54] [operator()] Thread in element PullQEl_hw_read3palm_detection_lite/conv25 is not running anymore, exiting..
[2024-11-13 10:07:03.581] [159140] [HailoRT] [info] [queue_elements.cpp:43] [~BaseQueueElement] Queue element PullQEl_hw_read3palm_detection_lite/conv25 has 0 frames in his Queue on destruction
[2024-11-13 10:07:03.581] [189776] [HailoRT] [info] [queue_elements.cpp:54] [operator()] Thread in element UserBuffQEl3palm_detection_lite/conv25 is not running anymore, exiting..
[2024-11-13 10:07:03.581] [159140] [HailoRT] [info] [queue_elements.cpp:43] [~BaseQueueElement] Queue element UserBuffQEl3palm_detection_lite/conv25 has 0 frames in his Queue on destruction
[2024-11-13 10:07:03.581] [189777] [HailoRT] [info] [queue_elements.cpp:690] [run_in_thread] Shutdown event was signaled in run_pull of queue element PullQEl_hw_read2palm_detection_lite/conv29!
[2024-11-13 10:07:03.581] [189778] [HailoRT] [info] [queue_elements.cpp:811] [run_in_thread] Shutdown event was signaled in dequeue of UserBuffQEl2palm_detection_lite/conv29!
[2024-11-13 10:07:03.581] [189777] [HailoRT] [info] [queue_elements.cpp:54] [operator()] Thread in element PullQEl_hw_read2palm_detection_lite/conv29 is not running anymore, exiting..
[2024-11-13 10:07:03.581] [159140] [HailoRT] [info] [queue_elements.cpp:43] [~BaseQueueElement] Queue element PullQEl_hw_read2palm_detection_lite/conv29 has 0 frames in his Queue on destruction
[2024-11-13 10:07:03.581] [189778] [HailoRT] [info] [queue_elements.cpp:54] [operator()] Thread in element UserBuffQEl2palm_detection_lite/conv29 is not running anymore, exiting..
[2024-11-13 10:07:03.581] [159140] [HailoRT] [info] [queue_elements.cpp:43] [~BaseQueueElement] Queue element UserBuffQEl2palm_detection_lite/conv29 has 0 frames in his Queue on destruction
[2024-11-13 10:07:03.581] [189779] [HailoRT] [info] [queue_elements.cpp:690] [run_in_thread] Shutdown event was signaled in run_pull of queue element PullQEl_hw_read0palm_detection_lite/conv30!
[2024-11-13 10:07:03.581] [189780] [HailoRT] [info] [queue_elements.cpp:811] [run_in_thread] Shutdown event was signaled in dequeue of UserBuffQEl0palm_detection_lite/conv30!
[2024-11-13 10:07:03.581] [189779] [HailoRT] [info] [queue_elements.cpp:54] [operator()] Thread in element PullQEl_hw_read0palm_detection_lite/conv30 is not running anymore, exiting..
[2024-11-13 10:07:03.581] [159140] [HailoRT] [info] [queue_elements.cpp:43] [~BaseQueueElement] Queue element PullQEl_hw_read0palm_detection_lite/conv30 has 0 frames in his Queue on destruction
[2024-11-13 10:07:03.581] [189780] [HailoRT] [info] [queue_elements.cpp:54] [operator()] Thread in element UserBuffQEl0palm_detection_lite/conv30 is not running anymore, exiting..
[2024-11-13 10:07:03.581] [159140] [HailoRT] [info] [queue_elements.cpp:43] [~BaseQueueElement] Queue element UserBuffQEl0palm_detection_lite/conv30 has 0 frames in his Queue on destruction
[2024-11-13 10:07:03.606] [159140] [HailoRT] [info] [edge_elements.cpp:52] [create] Created (HwWriteEl2palm_detection_lite/input_layer1 | hw_frame_size: 110592)
[2024-11-13 10:07:03.606] [159140] [HailoRT] [info] [vstream.cpp:754] [InputVStreamImpl] Creating palm_detection_lite/input_layer1...
[2024-11-13 10:07:03.606] [159140] [HailoRT] [info] [vstream_builder.cpp:102] [create_inputs] Input pipeline 'palm_detection_lite/input_layer1': (HwWriteEl2palm_detection_lite/input_layer1 | hw_frame_size: 110592) >> HW
[2024-11-13 10:07:03.606] [159140] [HailoRT] [info] [edge_elements.cpp:287] [create] Created (HwReadEl1palm_detection_lite/conv24 | hw_frame_size: 1152)
[2024-11-13 10:07:03.606] [159140] [HailoRT] [info] [queue_elements.cpp:613] [create] Created (PullQEl_hw_read1palm_detection_lite/conv24)
[2024-11-13 10:07:03.606] [159140] [HailoRT] [info] [filter_elements.cpp:360] [create] Created (PostInferEl1palm_detection_lite/conv24 | Quantization - src_type: UINT8, dst_type FLOAT32, limvals_min: -25.5854, limvals_max: 4.76007 | Reorder - src_order: FCR, src_shape: (12, 12, 8), dst_order: FCR, dst_shape: (12, 12, 6))
[2024-11-13 10:07:03.606] [159140] [HailoRT] [info] [queue_elements.cpp:756] [create] Created (UserBuffQEl1palm_detection_lite/conv24 | timeout: 10s)
[2024-11-13 10:07:03.606] [159140] [HailoRT] [info] [vstream.cpp:1107] [OutputVStreamImpl] Creating palm_detection_lite/conv24...
[2024-11-13 10:07:03.606] [159140] [HailoRT] [info] [vstream_builder.cpp:225] [create_outputs] Output pipeline 'palm_detection_lite/conv24': HW >> (HwReadEl1palm_detection_lite/conv24 | hw_frame_size: 1152) >> (PullQEl_hw_read1palm_detection_lite/conv24) >> (PostInferEl1palm_detection_lite/conv24 | Quantization - src_type: UINT8, dst_type FLOAT32, limvals_min: -25.5854, limvals_max: 4.76007 | Reorder - src_order: FCR, src_shape: (12, 12, 8), dst_order: FCR, dst_shape: (12, 12, 6)) >> (UserBuffQEl1palm_detection_lite/conv24 | timeout: 10s)
[2024-11-13 10:07:03.606] [159140] [HailoRT] [info] [edge_elements.cpp:287] [create] Created (HwReadEl3palm_detection_lite/conv25 | hw_frame_size: 16128)
[2024-11-13 10:07:03.606] [159140] [HailoRT] [info] [queue_elements.cpp:613] [create] Created (PullQEl_hw_read3palm_detection_lite/conv25)
[2024-11-13 10:07:03.606] [159140] [HailoRT] [info] [filter_elements.cpp:360] [create] Created (PostInferEl3palm_detection_lite/conv25 | Quantization - src_type: UINT8, dst_type FLOAT32, limvals_min: -75.2335, limvals_max: 140.323 | Reorder - src_order: FCR, src_shape: (12, 12, 112), dst_order: FCR, dst_shape: (12, 12, 108))
[2024-11-13 10:07:03.606] [159140] [HailoRT] [info] [queue_elements.cpp:756] [create] Created (UserBuffQEl3palm_detection_lite/conv25 | timeout: 10s)
[2024-11-13 10:07:03.606] [159140] [HailoRT] [info] [vstream.cpp:1107] [OutputVStreamImpl] Creating palm_detection_lite/conv25...
[2024-11-13 10:07:03.606] [159140] [HailoRT] [info] [vstream_builder.cpp:225] [create_outputs] Output pipeline 'palm_detection_lite/conv25': HW >> (HwReadEl3palm_detection_lite/conv25 | hw_frame_size: 16128) >> (PullQEl_hw_read3palm_detection_lite/conv25) >> (PostInferEl3palm_detection_lite/conv25 | Quantization - src_type: UINT8, dst_type FLOAT32, limvals_min: -75.2335, limvals_max: 140.323 | Reorder - src_order: FCR, src_shape: (12, 12, 112), dst_order: FCR, dst_shape: (12, 12, 108)) >> (UserBuffQEl3palm_detection_lite/conv25 | timeout: 10s)
[2024-11-13 10:07:03.606] [159140] [HailoRT] [info] [edge_elements.cpp:287] [create] Created (HwReadEl2palm_detection_lite/conv29 | hw_frame_size: 1152)
[2024-11-13 10:07:03.606] [159140] [HailoRT] [info] [queue_elements.cpp:613] [create] Created (PullQEl_hw_read2palm_detection_lite/conv29)
[2024-11-13 10:07:03.607] [159140] [HailoRT] [info] [filter_elements.cpp:360] [create] Created (PostInferEl2palm_detection_lite/conv29 | Quantization - src_type: UINT8, dst_type FLOAT32, limvals_min: -21.9402, limvals_max: 3.03637)
[2024-11-13 10:07:03.607] [159140] [HailoRT] [info] [queue_elements.cpp:756] [create] Created (UserBuffQEl2palm_detection_lite/conv29 | timeout: 10s)
[2024-11-13 10:07:03.607] [159140] [HailoRT] [info] [vstream.cpp:1107] [OutputVStreamImpl] Creating palm_detection_lite/conv29...
[2024-11-13 10:07:03.607] [159140] [HailoRT] [info] [vstream_builder.cpp:225] [create_outputs] Output pipeline 'palm_detection_lite/conv29': HW >> (HwReadEl2palm_detection_lite/conv29 | hw_frame_size: 1152) >> (PullQEl_hw_read2palm_detection_lite/conv29) >> (PostInferEl2palm_detection_lite/conv29 | Quantization - src_type: UINT8, dst_type FLOAT32, limvals_min: -21.9402, limvals_max: 3.03637) >> (UserBuffQEl2palm_detection_lite/conv29 | timeout: 10s)
[2024-11-13 10:07:03.607] [159140] [HailoRT] [info] [edge_elements.cpp:287] [create] Created (HwReadEl0palm_detection_lite/conv30 | hw_frame_size: 23040)
[2024-11-13 10:07:03.607] [159140] [HailoRT] [info] [queue_elements.cpp:613] [create] Created (PullQEl_hw_read0palm_detection_lite/conv30)
[2024-11-13 10:07:03.607] [159140] [HailoRT] [info] [filter_elements.cpp:360] [create] Created (PostInferEl0palm_detection_lite/conv30 | Quantization - src_type: UINT8, dst_type FLOAT32, limvals_min: -36.3947, limvals_max: 52.8423 | Reorder - src_order: FCR, src_shape: (24, 24, 40), dst_order: FCR, dst_shape: (24, 24, 36))
[2024-11-13 10:07:03.607] [159140] [HailoRT] [info] [queue_elements.cpp:756] [create] Created (UserBuffQEl0palm_detection_lite/conv30 | timeout: 10s)
[2024-11-13 10:07:03.607] [159140] [HailoRT] [info] [vstream.cpp:1107] [OutputVStreamImpl] Creating palm_detection_lite/conv30...
[2024-11-13 10:07:03.607] [159140] [HailoRT] [info] [vstream_builder.cpp:225] [create_outputs] Output pipeline 'palm_detection_lite/conv30': HW >> (HwReadEl0palm_detection_lite/conv30 | hw_frame_size: 23040) >> (PullQEl_hw_read0palm_detection_lite/conv30) >> (PostInferEl0palm_detection_lite/conv30 | Quantization - src_type: UINT8, dst_type FLOAT32, limvals_min: -36.3947, limvals_max: 52.8423 | Reorder - src_order: FCR, src_shape: (24, 24, 40), dst_order: FCR, dst_shape: (24, 24, 36)) >> (UserBuffQEl0palm_detection_lite/conv30 | timeout: 10s)
[2024-11-13 10:07:03.607] [159140] [HailoRT] [info] [core_op.cpp:156] [activate] Activating palm_detection_lite took 0.395443 milliseconds. Note that the function is asynchronous and thus the network is not fully activated yet.
[2024-11-13 10:07:03.607] [159140] [HailoRT] [info] [core_op.cpp:156] [activate] Activating palm_detection_lite took 0.41685 milliseconds. Note that the function is asynchronous and thus the network is not fully activated yet.
[2024-11-13 10:07:03.617] [189786] [HailoRT] [info] [vdevice_native_stream.cpp:331] [read_impl] Failed read from stream HAILO_STREAM_NOT_ACTIVATED(72) (device: 0000:01:00.0)
[2024-11-13 10:07:03.617] [189788] [HailoRT] [info] [vdevice_native_stream.cpp:331] [read_impl] Failed read from stream HAILO_STREAM_NOT_ACTIVATED(72) (device: 0000:01:00.0)
[2024-11-13 10:07:03.617] [189790] [HailoRT] [info] [vdevice_native_stream.cpp:331] [read_impl] Failed read from stream HAILO_STREAM_NOT_ACTIVATED(72) (device: 0000:01:00.0)
[2024-11-13 10:07:03.617] [189792] [HailoRT] [info] [vdevice_native_stream.cpp:331] [read_impl] Failed read from stream HAILO_STREAM_NOT_ACTIVATED(72) (device: 0000:01:00.0)
[2024-11-13 10:07:03.617] [159140] [HailoRT] [info] [core_op.cpp:186] [deactivate] Deactivating took 0.485869 ms
[2024-11-13 10:07:03.617] [159140] [HailoRT] [info] [core_op.cpp:186] [deactivate] Deactivating took 0.529349 ms
[2024-11-13 10:07:03.617] [189786] [HailoRT] [info] [queue_elements.cpp:690] [run_in_thread] Shutdown event was signaled in run_pull of queue element PullQEl_hw_read1palm_detection_lite/conv24!
[2024-11-13 10:07:03.617] [189787] [HailoRT] [info] [queue_elements.cpp:811] [run_in_thread] Shutdown event was signaled in dequeue of UserBuffQEl1palm_detection_lite/conv24!
[2024-11-13 10:07:03.617] [189786] [HailoRT] [info] [queue_elements.cpp:54] [operator()] Thread in element PullQEl_hw_read1palm_detection_lite/conv24 is not running anymore, exiting..
[2024-11-13 10:07:03.617] [159140] [HailoRT] [info] [queue_elements.cpp:43] [~BaseQueueElement] Queue element PullQEl_hw_read1palm_detection_lite/conv24 has 0 frames in his Queue on destruction
[2024-11-13 10:07:03.617] [189787] [HailoRT] [info] [queue_elements.cpp:54] [operator()] Thread in element UserBuffQEl1palm_detection_lite/conv24 is not running anymore, exiting..
[2024-11-13 10:07:03.617] [159140] [HailoRT] [info] [queue_elements.cpp:43] [~BaseQueueElement] Queue element UserBuffQEl1palm_detection_lite/conv24 has 0 frames in his Queue on destruction
[2024-11-13 10:07:03.617] [189788] [HailoRT] [info] [queue_elements.cpp:690] [run_in_thread] Shutdown event was signaled in run_pull of queue element PullQEl_hw_read3palm_detection_lite/conv25!
[2024-11-13 10:07:03.617] [189789] [HailoRT] [info] [queue_elements.cpp:811] [run_in_thread] Shutdown event was signaled in dequeue of UserBuffQEl3palm_detection_lite/conv25!
[2024-11-13 10:07:03.617] [189788] [HailoRT] [info] [queue_elements.cpp:54] [operator()] Thread in element PullQEl_hw_read3palm_detection_lite/conv25 is not running anymore, exiting..
[2024-11-13 10:07:03.617] [159140] [HailoRT] [info] [queue_elements.cpp:43] [~BaseQueueElement] Queue element PullQEl_hw_read3palm_detection_lite/conv25 has 0 frames in his Queue on destruction
[2024-11-13 10:07:03.617] [189789] [HailoRT] [info] [queue_elements.cpp:54] [operator()] Thread in element UserBuffQEl3palm_detection_lite/conv25 is not running anymore, exiting..
[2024-11-13 10:07:03.617] [159140] [HailoRT] [info] [queue_elements.cpp:43] [~BaseQueueElement] Queue element UserBuffQEl3palm_detection_lite/conv25 has 0 frames in his Queue on destruction
[2024-11-13 10:07:03.617] [189791] [HailoRT] [info] [queue_elements.cpp:811] [run_in_thread] Shutdown event was signaled in dequeue of UserBuffQEl2palm_detection_lite/conv29!
[2024-11-13 10:07:03.617] [189790] [HailoRT] [info] [queue_elements.cpp:690] [run_in_thread] Shutdown event was signaled in run_pull of queue element PullQEl_hw_read2palm_detection_lite/conv29!
[2024-11-13 10:07:03.617] [189790] [HailoRT] [info] [queue_elements.cpp:54] [operator()] Thread in element PullQEl_hw_read2palm_detection_lite/conv29 is not running anymore, exiting..
[2024-11-13 10:07:03.617] [159140] [HailoRT] [info] [queue_elements.cpp:43] [~BaseQueueElement] Queue element PullQEl_hw_read2palm_detection_lite/conv29 has 0 frames in his Queue on destruction
[2024-11-13 10:07:03.617] [189791] [HailoRT] [info] [queue_elements.cpp:54] [operator()] Thread in element UserBuffQEl2palm_detection_lite/conv29 is not running anymore, exiting..
[2024-11-13 10:07:03.617] [159140] [HailoRT] [info] [queue_elements.cpp:43] [~BaseQueueElement] Queue element UserBuffQEl2palm_detection_lite/conv29 has 0 frames in his Queue on destruction
[2024-11-13 10:07:03.618] [189792] [HailoRT] [info] [queue_elements.cpp:690] [run_in_thread] Shutdown event was signaled in run_pull of queue element PullQEl_hw_read0palm_detection_lite/conv30!
[2024-11-13 10:07:03.618] [189793] [HailoRT] [info] [queue_elements.cpp:811] [run_in_thread] Shutdown event was signaled in dequeue of UserBuffQEl0palm_detection_lite/conv30!
[2024-11-13 10:07:03.618] [189792] [HailoRT] [info] [queue_elements.cpp:54] [operator()] Thread in element PullQEl_hw_read0palm_detection_lite/conv30 is not running anymore, exiting..
[2024-11-13 10:07:03.618] [159140] [HailoRT] [info] [queue_elements.cpp:43] [~BaseQueueElement] Queue element PullQEl_hw_read0palm_detection_lite/conv30 has 0 frames in his Queue on destruction
[2024-11-13 10:07:03.618] [189793] [HailoRT] [info] [queue_elements.cpp:54] [operator()] Thread in element UserBuffQEl0palm_detection_lite/conv30 is not running anymore, exiting..
[2024-11-13 10:07:03.618] [159140] [HailoRT] [info] [queue_elements.cpp:43] [~BaseQueueElement] Queue element UserBuffQEl0palm_detection_lite/conv30 has 0 frames in his Queue on destruction
[2024-11-13 10:07:03.638] [159140] [HailoRT] [info] [edge_elements.cpp:52] [create] Created (HwWriteEl2palm_detection_lite/input_layer1 | hw_frame_size: 110592)
[2024-11-13 10:07:03.638] [159140] [HailoRT] [info] [vstream.cpp:754] [InputVStreamImpl] Creating palm_detection_lite/input_layer1...
[2024-11-13 10:07:03.638] [159140] [HailoRT] [info] [vstream_builder.cpp:102] [create_inputs] Input pipeline 'palm_detection_lite/input_layer1': (HwWriteEl2palm_detection_lite/input_layer1 | hw_frame_size: 110592) >> HW
[2024-11-13 10:07:03.638] [159140] [HailoRT] [info] [edge_elements.cpp:287] [create] Created (HwReadEl1palm_detection_lite/conv24 | hw_frame_size: 1152)
[2024-11-13 10:07:03.638] [159140] [HailoRT] [info] [queue_elements.cpp:613] [create] Created (PullQEl_hw_read1palm_detection_lite/conv24)
[2024-11-13 10:07:03.638] [159140] [HailoRT] [info] [filter_elements.cpp:360] [create] Created (PostInferEl1palm_detection_lite/conv24 | Quantization - src_type: UINT8, dst_type FLOAT32, limvals_min: -25.5854, limvals_max: 4.76007 | Reorder - src_order: FCR, src_shape: (12, 12, 8), dst_order: FCR, dst_shape: (12, 12, 6))
[2024-11-13 10:07:03.638] [159140] [HailoRT] [info] [queue_elements.cpp:756] [create] Created (UserBuffQEl1palm_detection_lite/conv24 | timeout: 10s)
[2024-11-13 10:07:03.638] [159140] [HailoRT] [info] [vstream.cpp:1107] [OutputVStreamImpl] Creating palm_detection_lite/conv24...
[2024-11-13 10:07:03.638] [159140] [HailoRT] [info] [vstream_builder.cpp:225] [create_outputs] Output pipeline 'palm_detection_lite/conv24': HW >> (HwReadEl1palm_detection_lite/conv24 | hw_frame_size: 1152) >> (PullQEl_hw_read1palm_detection_lite/conv24) >> (PostInferEl1palm_detection_lite/conv24 | Quantization - src_type: UINT8, dst_type FLOAT32, limvals_min: -25.5854, limvals_max: 4.76007 | Reorder - src_order: FCR, src_shape: (12, 12, 8), dst_order: FCR, dst_shape: (12, 12, 6)) >> (UserBuffQEl1palm_detection_lite/conv24 | timeout: 10s)
[2024-11-13 10:07:03.638] [159140] [HailoRT] [info] [edge_elements.cpp:287] [create] Created (HwReadEl3palm_detection_lite/conv25 | hw_frame_size: 16128)
[2024-11-13 10:07:03.639] [159140] [HailoRT] [info] [queue_elements.cpp:613] [create] Created (PullQEl_hw_read3palm_detection_lite/conv25)
[2024-11-13 10:07:03.639] [159140] [HailoRT] [info] [filter_elements.cpp:360] [create] Created (PostInferEl3palm_detection_lite/conv25 | Quantization - src_type: UINT8, dst_type FLOAT32, limvals_min: -75.2335, limvals_max: 140.323 | Reorder - src_order: FCR, src_shape: (12, 12, 112), dst_order: FCR, dst_shape: (12, 12, 108))
[2024-11-13 10:07:03.639] [159140] [HailoRT] [info] [queue_elements.cpp:756] [create] Created (UserBuffQEl3palm_detection_lite/conv25 | timeout: 10s)
[2024-11-13 10:07:03.639] [159140] [HailoRT] [info] [vstream.cpp:1107] [OutputVStreamImpl] Creating palm_detection_lite/conv25...
[2024-11-13 10:07:03.639] [159140] [HailoRT] [info] [vstream_builder.cpp:225] [create_outputs] Output pipeline 'palm_detection_lite/conv25': HW >> (HwReadEl3palm_detection_lite/conv25 | hw_frame_size: 16128) >> (PullQEl_hw_read3palm_detection_lite/conv25) >> (PostInferEl3palm_detection_lite/conv25 | Quantization - src_type: UINT8, dst_type FLOAT32, limvals_min: -75.2335, limvals_max: 140.323 | Reorder - src_order: FCR, src_shape: (12, 12, 112), dst_order: FCR, dst_shape: (12, 12, 108)) >> (UserBuffQEl3palm_detection_lite/conv25 | timeout: 10s)
[2024-11-13 10:07:03.639] [159140] [HailoRT] [info] [edge_elements.cpp:287] [create] Created (HwReadEl2palm_detection_lite/conv29 | hw_frame_size: 1152)
[2024-11-13 10:07:03.639] [159140] [HailoRT] [info] [queue_elements.cpp:613] [create] Created (PullQEl_hw_read2palm_detection_lite/conv29)
[2024-11-13 10:07:03.639] [159140] [HailoRT] [info] [filter_elements.cpp:360] [create] Created (PostInferEl2palm_detection_lite/conv29 | Quantization - src_type: UINT8, dst_type FLOAT32, limvals_min: -21.9402, limvals_max: 3.03637)
[2024-11-13 10:07:03.639] [159140] [HailoRT] [info] [queue_elements.cpp:756] [create] Created (UserBuffQEl2palm_detection_lite/conv29 | timeout: 10s)
[2024-11-13 10:07:03.639] [159140] [HailoRT] [info] [vstream.cpp:1107] [OutputVStreamImpl] Creating palm_detection_lite/conv29...
[2024-11-13 10:07:03.639] [159140] [HailoRT] [info] [vstream_builder.cpp:225] [create_outputs] Output pipeline 'palm_detection_lite/conv29': HW >> (HwReadEl2palm_detection_lite/conv29 | hw_frame_size: 1152) >> (PullQEl_hw_read2palm_detection_lite/conv29) >> (PostInferEl2palm_detection_lite/conv29 | Quantization - src_type: UINT8, dst_type FLOAT32, limvals_min: -21.9402, limvals_max: 3.03637) >> (UserBuffQEl2palm_detection_lite/conv29 | timeout: 10s)
[2024-11-13 10:07:03.639] [159140] [HailoRT] [info] [edge_elements.cpp:287] [create] Created (HwReadEl0palm_detection_lite/conv30 | hw_frame_size: 23040)
[2024-11-13 10:07:03.639] [159140] [HailoRT] [info] [queue_elements.cpp:613] [create] Created (PullQEl_hw_read0palm_detection_lite/conv30)
[2024-11-13 10:07:03.639] [159140] [HailoRT] [info] [filter_elements.cpp:360] [create] Created (PostInferEl0palm_detection_lite/conv30 | Quantization - src_type: UINT8, dst_type FLOAT32, limvals_min: -36.3947, limvals_max: 52.8423 | Reorder - src_order: FCR, src_shape: (24, 24, 40), dst_order: FCR, dst_shape: (24, 24, 36))
[2024-11-13 10:07:03.639] [159140] [HailoRT] [info] [queue_elements.cpp:756] [create] Created (UserBuffQEl0palm_detection_lite/conv30 | timeout: 10s)
[2024-11-13 10:07:03.639] [159140] [HailoRT] [info] [vstream.cpp:1107] [OutputVStreamImpl] Creating palm_detection_lite/conv30...
[2024-11-13 10:07:03.639] [159140] [HailoRT] [info] [vstream_builder.cpp:225] [create_outputs] Output pipeline 'palm_detection_lite/conv30': HW >> (HwReadEl0palm_detection_lite/conv30 | hw_frame_size: 23040) >> (PullQEl_hw_read0palm_detection_lite/conv30) >> (PostInferEl0palm_detection_lite/conv30 | Quantization - src_type: UINT8, dst_type FLOAT32, limvals_min: -36.3947, limvals_max: 52.8423 | Reorder - src_order: FCR, src_shape: (24, 24, 40), dst_order: FCR, dst_shape: (24, 24, 36)) >> (UserBuffQEl0palm_detection_lite/conv30 | timeout: 10s)
[2024-11-13 10:07:03.640] [159140] [HailoRT] [info] [core_op.cpp:156] [activate] Activating palm_detection_lite took 0.449998 milliseconds. Note that the function is asynchronous and thus the network is not fully activated yet.
[2024-11-13 10:07:03.640] [159140] [HailoRT] [info] [core_op.cpp:156] [activate] Activating palm_detection_lite took 0.470684 milliseconds. Note that the function is asynchronous and thus the network is not fully activated yet.
[2024-11-13 10:07:03.649] [189799] [HailoRT] [info] [vdevice_native_stream.cpp:331] [read_impl] Failed read from stream HAILO_STREAM_NOT_ACTIVATED(72) (device: 0000:01:00.0)
[2024-11-13 10:07:03.649] [189803] [HailoRT] [info] [vdevice_native_stream.cpp:331] [read_impl] Failed read from stream HAILO_STREAM_NOT_ACTIVATED(72) (device: 0000:01:00.0)
[2024-11-13 10:07:03.649] [189805] [HailoRT] [info] [vdevice_native_stream.cpp:331] [read_impl] Failed read from stream HAILO_STREAM_NOT_ACTIVATED(72) (device: 0000:01:00.0)
[2024-11-13 10:07:03.649] [189801] [HailoRT] [info] [vdevice_native_stream.cpp:331] [read_impl] Failed read from stream HAILO_STREAM_NOT_ACTIVATED(72) (device: 0000:01:00.0)
[2024-11-13 10:07:03.650] [159140] [HailoRT] [info] [core_op.cpp:186] [deactivate] Deactivating took 0.455146 ms
[2024-11-13 10:07:03.650] [159140] [HailoRT] [info] [core_op.cpp:186] [deactivate] Deactivating took 0.47085 ms
[2024-11-13 10:07:03.650] [189799] [HailoRT] [info] [queue_elements.cpp:690] [run_in_thread] Shutdown event was signaled in run_pull of queue element PullQEl_hw_read1palm_detection_lite/conv24!
[2024-11-13 10:07:03.650] [189800] [HailoRT] [info] [queue_elements.cpp:811] [run_in_thread] Shutdown event was signaled in dequeue of UserBuffQEl1palm_detection_lite/conv24!
[2024-11-13 10:07:03.650] [189799] [HailoRT] [info] [queue_elements.cpp:54] [operator()] Thread in element PullQEl_hw_read1palm_detection_lite/conv24 is not running anymore, exiting..
[2024-11-13 10:07:03.650] [159140] [HailoRT] [info] [queue_elements.cpp:43] [~BaseQueueElement] Queue element PullQEl_hw_read1palm_detection_lite/conv24 has 0 frames in his Queue on destruction
[2024-11-13 10:07:03.650] [189800] [HailoRT] [info] [queue_elements.cpp:54] [operator()] Thread in element UserBuffQEl1palm_detection_lite/conv24 is not running anymore, exiting..
[2024-11-13 10:07:03.650] [159140] [HailoRT] [info] [queue_elements.cpp:43] [~BaseQueueElement] Queue element UserBuffQEl1palm_detection_lite/conv24 has 0 frames in his Queue on destruction
[2024-11-13 10:07:03.650] [189801] [HailoRT] [info] [queue_elements.cpp:690] [run_in_thread] Shutdown event was signaled in run_pull of queue element PullQEl_hw_read3palm_detection_lite/conv25!
[2024-11-13 10:07:03.650] [189802] [HailoRT] [info] [queue_elements.cpp:811] [run_in_thread] Shutdown event was signaled in dequeue of UserBuffQEl3palm_detection_lite/conv25!
[2024-11-13 10:07:03.650] [189801] [HailoRT] [info] [queue_elements.cpp:54] [operator()] Thread in element PullQEl_hw_read3palm_detection_lite/conv25 is not running anymore, exiting..
[2024-11-13 10:07:03.650] [159140] [HailoRT] [info] [queue_elements.cpp:43] [~BaseQueueElement] Queue element PullQEl_hw_read3palm_detection_lite/conv25 has 0 frames in his Queue on destruction
[2024-11-13 10:07:03.650] [189802] [HailoRT] [info] [queue_elements.cpp:54] [operator()] Thread in element UserBuffQEl3palm_detection_lite/conv25 is not running anymore, exiting..
[2024-11-13 10:07:03.650] [159140] [HailoRT] [info] [queue_elements.cpp:43] [~BaseQueueElement] Queue element UserBuffQEl3palm_detection_lite/conv25 has 0 frames in his Queue on destruction
[2024-11-13 10:07:03.650] [189803] [HailoRT] [info] [queue_elements.cpp:690] [run_in_thread] Shutdown event was signaled in run_pull of queue element PullQEl_hw_read2palm_detection_lite/conv29!
[2024-11-13 10:07:03.650] [189804] [HailoRT] [info] [queue_elements.cpp:811] [run_in_thread] Shutdown event was signaled in dequeue of UserBuffQEl2palm_detection_lite/conv29!
[2024-11-13 10:07:03.650] [189803] [HailoRT] [info] [queue_elements.cpp:54] [operator()] Thread in element PullQEl_hw_read2palm_detection_lite/conv29 is not running anymore, exiting..
[2024-11-13 10:07:03.650] [159140] [HailoRT] [info] [queue_elements.cpp:43] [~BaseQueueElement] Queue element PullQEl_hw_read2palm_detection_lite/conv29 has 0 frames in his Queue on destruction
[2024-11-13 10:07:03.650] [189804] [HailoRT] [info] [queue_elements.cpp:54] [operator()] Thread in element UserBuffQEl2palm_detection_lite/conv29 is not running anymore, exiting..
[2024-11-13 10:07:03.650] [159140] [HailoRT] [info] [queue_elements.cpp:43] [~BaseQueueElement] Queue element UserBuffQEl2palm_detection_lite/conv29 has 0 frames in his Queue on destruction
[2024-11-13 10:07:03.650] [189805] [HailoRT] [info] [queue_elements.cpp:690] [run_in_thread] Shutdown event was signaled in run_pull of queue element PullQEl_hw_read0palm_detection_lite/conv30!
[2024-11-13 10:07:03.650] [189806] [HailoRT] [info] [queue_elements.cpp:811] [run_in_thread] Shutdown event was signaled in dequeue of UserBuffQEl0palm_detection_lite/conv30!
[2024-11-13 10:07:03.650] [189805] [HailoRT] [info] [queue_elements.cpp:54] [operator()] Thread in element PullQEl_hw_read0palm_detection_lite/conv30 is not running anymore, exiting..
[2024-11-13 10:07:03.650] [159140] [HailoRT] [info] [queue_elements.cpp:43] [~BaseQueueElement] Queue element PullQEl_hw_read0palm_detection_lite/conv30 has 0 frames in his Queue on destruction
[2024-11-13 10:07:03.650] [189806] [HailoRT] [info] [queue_elements.cpp:54] [operator()] Thread in element UserBuffQEl0palm_detection_lite/conv30 is not running anymore, exiting..
[2024-11-13 10:07:03.650] [159140] [HailoRT] [info] [queue_elements.cpp:43] [~BaseQueueElement] Queue element UserBuffQEl0palm_detection_lite/conv30 has 0 frames in his Queue on destruction
[2024-11-13 10:07:03.670] [159140] [HailoRT] [info] [edge_elements.cpp:52] [create] Created (HwWriteEl2palm_detection_lite/input_layer1 | hw_frame_size: 110592)
[2024-11-13 10:07:03.670] [159140] [HailoRT] [info] [vstream.cpp:754] [InputVStreamImpl] Creating palm_detection_lite/input_layer1...
[2024-11-13 10:07:03.670] [159140] [HailoRT] [info] [vstream_builder.cpp:102] [create_inputs] Input pipeline 'palm_detection_lite/input_layer1': (HwWriteEl2palm_detection_lite/input_layer1 | hw_frame_size: 110592) >> HW
[2024-11-13 10:07:03.670] [159140] [HailoRT] [info] [edge_elements.cpp:287] [create] Created (HwReadEl1palm_detection_lite/conv24 | hw_frame_size: 1152)
[2024-11-13 10:07:03.671] [159140] [HailoRT] [info] [queue_elements.cpp:613] [create] Created (PullQEl_hw_read1palm_detection_lite/conv24)
[2024-11-13 10:07:03.671] [159140] [HailoRT] [info] [filter_elements.cpp:360] [create] Created (PostInferEl1palm_detection_lite/conv24 | Quantization - src_type: UINT8, dst_type FLOAT32, limvals_min: -25.5854, limvals_max: 4.76007 | Reorder - src_order: FCR, src_shape: (12, 12, 8), dst_order: FCR, dst_shape: (12, 12, 6))
[2024-11-13 10:07:03.671] [159140] [HailoRT] [info] [queue_elements.cpp:756] [create] Created (UserBuffQEl1palm_detection_lite/conv24 | timeout: 10s)
[2024-11-13 10:07:03.671] [159140] [HailoRT] [info] [vstream.cpp:1107] [OutputVStreamImpl] Creating palm_detection_lite/conv24...
[2024-11-13 10:07:03.671] [159140] [HailoRT] [info] [vstream_builder.cpp:225] [create_outputs] Output pipeline 'palm_detection_lite/conv24': HW >> (HwReadEl1palm_detection_lite/conv24 | hw_frame_size: 1152) >> (PullQEl_hw_read1palm_detection_lite/conv24) >> (PostInferEl1palm_detection_lite/conv24 | Quantization - src_type: UINT8, dst_type FLOAT32, limvals_min: -25.5854, limvals_max: 4.76007 | Reorder - src_order: FCR, src_shape: (12, 12, 8), dst_order: FCR, dst_shape: (12, 12, 6)) >> (UserBuffQEl1palm_detection_lite/conv24 | timeout: 10s)
[2024-11-13 10:07:03.671] [159140] [HailoRT] [info] [edge_elements.cpp:287] [create] Created (HwReadEl3palm_detection_lite/conv25 | hw_frame_size: 16128)
[2024-11-13 10:07:03.671] [159140] [HailoRT] [info] [queue_elements.cpp:613] [create] Created (PullQEl_hw_read3palm_detection_lite/conv25)
[2024-11-13 10:07:03.671] [159140] [HailoRT] [info] [filter_elements.cpp:360] [create] Created (PostInferEl3palm_detection_lite/conv25 | Quantization - src_type: UINT8, dst_type FLOAT32, limvals_min: -75.2335, limvals_max: 140.323 | Reorder - src_order: FCR, src_shape: (12, 12, 112), dst_order: FCR, dst_shape: (12, 12, 108))
[2024-11-13 10:07:03.671] [159140] [HailoRT] [info] [queue_elements.cpp:756] [create] Created (UserBuffQEl3palm_detection_lite/conv25 | timeout: 10s)
[2024-11-13 10:07:03.671] [159140] [HailoRT] [info] [vstream.cpp:1107] [OutputVStreamImpl] Creating palm_detection_lite/conv25...
[2024-11-13 10:07:03.671] [159140] [HailoRT] [info] [vstream_builder.cpp:225] [create_outputs] Output pipeline 'palm_detection_lite/conv25': HW >> (HwReadEl3palm_detection_lite/conv25 | hw_frame_size: 16128) >> (PullQEl_hw_read3palm_detection_lite/conv25) >> (PostInferEl3palm_detection_lite/conv25 | Quantization - src_type: UINT8, dst_type FLOAT32, limvals_min: -75.2335, limvals_max: 140.323 | Reorder - src_order: FCR, src_shape: (12, 12, 112), dst_order: FCR, dst_shape: (12, 12, 108)) >> (UserBuffQEl3palm_detection_lite/conv25 | timeout: 10s)
[2024-11-13 10:07:03.671] [159140] [HailoRT] [info] [edge_elements.cpp:287] [create] Created (HwReadEl2palm_detection_lite/conv29 | hw_frame_size: 1152)
[2024-11-13 10:07:03.671] [159140] [HailoRT] [info] [queue_elements.cpp:613] [create] Created (PullQEl_hw_read2palm_detection_lite/conv29)
[2024-11-13 10:07:03.671] [159140] [HailoRT] [info] [filter_elements.cpp:360] [create] Created (PostInferEl2palm_detection_lite/conv29 | Quantization - src_type: UINT8, dst_type FLOAT32, limvals_min: -21.9402, limvals_max: 3.03637)
[2024-11-13 10:07:03.671] [159140] [HailoRT] [info] [queue_elements.cpp:756] [create] Created (UserBuffQEl2palm_detection_lite/conv29 | timeout: 10s)
[2024-11-13 10:07:03.671] [159140] [HailoRT] [info] [vstream.cpp:1107] [OutputVStreamImpl] Creating palm_detection_lite/conv29...
[2024-11-13 10:07:03.671] [159140] [HailoRT] [info] [vstream_builder.cpp:225] [create_outputs] Output pipeline 'palm_detection_lite/conv29': HW >> (HwReadEl2palm_detection_lite/conv29 | hw_frame_size: 1152) >> (PullQEl_hw_read2palm_detection_lite/conv29) >> (PostInferEl2palm_detection_lite/conv29 | Quantization - src_type: UINT8, dst_type FLOAT32, limvals_min: -21.9402, limvals_max: 3.03637) >> (UserBuffQEl2palm_detection_lite/conv29 | timeout: 10s)
[2024-11-13 10:07:03.671] [159140] [HailoRT] [info] [edge_elements.cpp:287] [create] Created (HwReadEl0palm_detection_lite/conv30 | hw_frame_size: 23040)
[2024-11-13 10:07:03.671] [159140] [HailoRT] [info] [queue_elements.cpp:613] [create] Created (PullQEl_hw_read0palm_detection_lite/conv30)
[2024-11-13 10:07:03.671] [159140] [HailoRT] [info] [filter_elements.cpp:360] [create] Created (PostInferEl0palm_detection_lite/conv30 | Quantization - src_type: UINT8, dst_type FLOAT32, limvals_min: -36.3947, limvals_max: 52.8423 | Reorder - src_order: FCR, src_shape: (24, 24, 40), dst_order: FCR, dst_shape: (24, 24, 36))
[2024-11-13 10:07:03.671] [159140] [HailoRT] [info] [queue_elements.cpp:756] [create] Created (UserBuffQEl0palm_detection_lite/conv30 | timeout: 10s)
[2024-11-13 10:07:03.671] [159140] [HailoRT] [info] [vstream.cpp:1107] [OutputVStreamImpl] Creating palm_detection_lite/conv30...
[2024-11-13 10:07:03.671] [159140] [HailoRT] [info] [vstream_builder.cpp:225] [create_outputs] Output pipeline 'palm_detection_lite/conv30': HW >> (HwReadEl0palm_detection_lite/conv30 | hw_frame_size: 23040) >> (PullQEl_hw_read0palm_detection_lite/conv30) >> (PostInferEl0palm_detection_lite/conv30 | Quantization - src_type: UINT8, dst_type FLOAT32, limvals_min: -36.3947, limvals_max: 52.8423 | Reorder - src_order: FCR, src_shape: (24, 24, 40), dst_order: FCR, dst_shape: (24, 24, 36)) >> (UserBuffQEl0palm_detection_lite/conv30 | timeout: 10s)
[2024-11-13 10:07:03.672] [159140] [HailoRT] [info] [core_op.cpp:156] [activate] Activating palm_detection_lite took 0.460239 milliseconds. Note that the function is asynchronous and thus the network is not fully activated yet.
[2024-11-13 10:07:03.672] [159140] [HailoRT] [info] [core_op.cpp:156] [activate] Activating palm_detection_lite took 0.480868 milliseconds. Note that the function is asynchronous and thus the network is not fully activated yet.
[2024-11-13 10:07:03.681] [189812] [HailoRT] [info] [vdevice_native_stream.cpp:331] [read_impl] Failed read from stream HAILO_STREAM_NOT_ACTIVATED(72) (device: 0000:01:00.0)
[2024-11-13 10:07:03.681] [189818] [HailoRT] [info] [vdevice_native_stream.cpp:331] [read_impl] Failed read from stream HAILO_STREAM_NOT_ACTIVATED(72) (device: 0000:01:00.0)
[2024-11-13 10:07:03.681] [189816] [HailoRT] [info] [vdevice_native_stream.cpp:331] [read_impl] Failed read from stream HAILO_STREAM_NOT_ACTIVATED(72) (device: 0000:01:00.0)
[2024-11-13 10:07:03.681] [189814] [HailoRT] [info] [vdevice_native_stream.cpp:331] [read_impl] Failed read from stream HAILO_STREAM_NOT_ACTIVATED(72) (device: 0000:01:00.0)
[2024-11-13 10:07:03.682] [159140] [HailoRT] [info] [core_op.cpp:186] [deactivate] Deactivating took 0.46009 ms
[2024-11-13 10:07:03.682] [159140] [HailoRT] [info] [core_op.cpp:186] [deactivate] Deactivating took 0.47659 ms
[2024-11-13 10:07:03.682] [189812] [HailoRT] [info] [queue_elements.cpp:690] [run_in_thread] Shutdown event was signaled in run_pull of queue element PullQEl_hw_read1palm_detection_lite/conv24!
[2024-11-13 10:07:03.682] [189813] [HailoRT] [info] [queue_elements.cpp:811] [run_in_thread] Shutdown event was signaled in dequeue of UserBuffQEl1palm_detection_lite/conv24!
[2024-11-13 10:07:03.682] [189812] [HailoRT] [info] [queue_elements.cpp:54] [operator()] Thread in element PullQEl_hw_read1palm_detection_lite/conv24 is not running anymore, exiting..
[2024-11-13 10:07:03.682] [159140] [HailoRT] [info] [queue_elements.cpp:43] [~BaseQueueElement] Queue element PullQEl_hw_read1palm_detection_lite/conv24 has 0 frames in his Queue on destruction
[2024-11-13 10:07:03.682] [189813] [HailoRT] [info] [queue_elements.cpp:54] [operator()] Thread in element UserBuffQEl1palm_detection_lite/conv24 is not running anymore, exiting..
[2024-11-13 10:07:03.682] [159140] [HailoRT] [info] [queue_elements.cpp:43] [~BaseQueueElement] Queue element UserBuffQEl1palm_detection_lite/conv24 has 0 frames in his Queue on destruction
[2024-11-13 10:07:03.682] [189815] [HailoRT] [info] [queue_elements.cpp:811] [run_in_thread] Shutdown event was signaled in dequeue of UserBuffQEl3palm_detection_lite/conv25!
[2024-11-13 10:07:03.682] [189814] [HailoRT] [info] [queue_elements.cpp:690] [run_in_thread] Shutdown event was signaled in run_pull of queue element PullQEl_hw_read3palm_detection_lite/conv25!
[2024-11-13 10:07:03.682] [189814] [HailoRT] [info] [queue_elements.cpp:54] [operator()] Thread in element PullQEl_hw_read3palm_detection_lite/conv25 is not running anymore, exiting..
[2024-11-13 10:07:03.682] [159140] [HailoRT] [info] [queue_elements.cpp:43] [~BaseQueueElement] Queue element PullQEl_hw_read3palm_detection_lite/conv25 has 0 frames in his Queue on destruction
[2024-11-13 10:07:03.682] [189815] [HailoRT] [info] [queue_elements.cpp:54] [operator()] Thread in element UserBuffQEl3palm_detection_lite/conv25 is not running anymore, exiting..
[2024-11-13 10:07:03.682] [159140] [HailoRT] [info] [queue_elements.cpp:43] [~BaseQueueElement] Queue element UserBuffQEl3palm_detection_lite/conv25 has 0 frames in his Queue on destruction
[2024-11-13 10:07:03.682] [189816] [HailoRT] [info] [queue_elements.cpp:690] [run_in_thread] Shutdown event was signaled in run_pull of queue element PullQEl_hw_read2palm_detection_lite/conv29!
[2024-11-13 10:07:03.682] [189817] [HailoRT] [info] [queue_elements.cpp:811] [run_in_thread] Shutdown event was signaled in dequeue of UserBuffQEl2palm_detection_lite/conv29!
[2024-11-13 10:07:03.682] [189816] [HailoRT] [info] [queue_elements.cpp:54] [operator()] Thread in element PullQEl_hw_read2palm_detection_lite/conv29 is not running anymore, exiting..
[2024-11-13 10:07:03.682] [159140] [HailoRT] [info] [queue_elements.cpp:43] [~BaseQueueElement] Queue element PullQEl_hw_read2palm_detection_lite/conv29 has 0 frames in his Queue on destruction
[2024-11-13 10:07:03.682] [189817] [HailoRT] [info] [queue_elements.cpp:54] [operator()] Thread in element UserBuffQEl2palm_detection_lite/conv29 is not running anymore, exiting..
[2024-11-13 10:07:03.682] [159140] [HailoRT] [info] [queue_elements.cpp:43] [~BaseQueueElement] Queue element UserBuffQEl2palm_detection_lite/conv29 has 0 frames in his Queue on destruction
[2024-11-13 10:07:03.682] [189818] [HailoRT] [info] [queue_elements.cpp:690] [run_in_thread] Shutdown event was signaled in run_pull of queue element PullQEl_hw_read0palm_detection_lite/conv30!
[2024-11-13 10:07:03.682] [189819] [HailoRT] [info] [queue_elements.cpp:811] [run_in_thread] Shutdown event was signaled in dequeue of UserBuffQEl0palm_detection_lite/conv30!
[2024-11-13 10:07:03.682] [189818] [HailoRT] [info] [queue_elements.cpp:54] [operator()] Thread in element PullQEl_hw_read0palm_detection_lite/conv30 is not running anymore, exiting..
[2024-11-13 10:07:03.682] [159140] [HailoRT] [info] [queue_elements.cpp:43] [~BaseQueueElement] Queue element PullQEl_hw_read0palm_detection_lite/conv30 has 0 frames in his Queue on destruction
[2024-11-13 10:07:03.682] [189819] [HailoRT] [info] [queue_elements.cpp:54] [operator()] Thread in element UserBuffQEl0palm_detection_lite/conv30 is not running anymore, exiting..
[2024-11-13 10:07:03.682] [159140] [HailoRT] [info] [queue_elements.cpp:43] [~BaseQueueElement] Queue element UserBuffQEl0palm_detection_lite/conv30 has 0 frames in his Queue on destruction
[2024-11-13 10:07:03.707] [159140] [HailoRT] [info] [edge_elements.cpp:52] [create] Created (HwWriteEl2palm_detection_lite/input_layer1 | hw_frame_size: 110592)
[2024-11-13 10:07:03.707] [159140] [HailoRT] [info] [vstream.cpp:754] [InputVStreamImpl] Creating palm_detection_lite/input_layer1...
[2024-11-13 10:07:03.707] [159140] [HailoRT] [info] [vstream_builder.cpp:102] [create_inputs] Input pipeline 'palm_detection_lite/input_layer1': (HwWriteEl2palm_detection_lite/input_layer1 | hw_frame_size: 110592) >> HW
[2024-11-13 10:07:03.707] [159140] [HailoRT] [info] [edge_elements.cpp:287] [create] Created (HwReadEl1palm_detection_lite/conv24 | hw_frame_size: 1152)
[2024-11-13 10:07:03.707] [159140] [HailoRT] [info] [queue_elements.cpp:613] [create] Created (PullQEl_hw_read1palm_detection_lite/conv24)
[2024-11-13 10:07:03.707] [159140] [HailoRT] [info] [filter_elements.cpp:360] [create] Created (PostInferEl1palm_detection_lite/conv24 | Quantization - src_type: UINT8, dst_type FLOAT32, limvals_min: -25.5854, limvals_max: 4.76007 | Reorder - src_order: FCR, src_shape: (12, 12, 8), dst_order: FCR, dst_shape: (12, 12, 6))
[2024-11-13 10:07:03.707] [159140] [HailoRT] [info] [queue_elements.cpp:756] [create] Created (UserBuffQEl1palm_detection_lite/conv24 | timeout: 10s)
[2024-11-13 10:07:03.707] [159140] [HailoRT] [info] [vstream.cpp:1107] [OutputVStreamImpl] Creating palm_detection_lite/conv24...
[2024-11-13 10:07:03.707] [159140] [HailoRT] [info] [vstream_builder.cpp:225] [create_outputs] Output pipeline 'palm_detection_lite/conv24': HW >> (HwReadEl1palm_detection_lite/conv24 | hw_frame_size: 1152) >> (PullQEl_hw_read1palm_detection_lite/conv24) >> (PostInferEl1palm_detection_lite/conv24 | Quantization - src_type: UINT8, dst_type FLOAT32, limvals_min: -25.5854, limvals_max: 4.76007 | Reorder - src_order: FCR, src_shape: (12, 12, 8), dst_order: FCR, dst_shape: (12, 12, 6)) >> (UserBuffQEl1palm_detection_lite/conv24 | timeout: 10s)
[2024-11-13 10:07:03.707] [159140] [HailoRT] [info] [edge_elements.cpp:287] [create] Created (HwReadEl3palm_detection_lite/conv25 | hw_frame_size: 16128)
[2024-11-13 10:07:03.707] [159140] [HailoRT] [info] [queue_elements.cpp:613] [create] Created (PullQEl_hw_read3palm_detection_lite/conv25)
[2024-11-13 10:07:03.707] [159140] [HailoRT] [info] [filter_elements.cpp:360] [create] Created (PostInferEl3palm_detection_lite/conv25 | Quantization - src_type: UINT8, dst_type FLOAT32, limvals_min: -75.2335, limvals_max: 140.323 | Reorder - src_order: FCR, src_shape: (12, 12, 112), dst_order: FCR, dst_shape: (12, 12, 108))
[2024-11-13 10:07:03.707] [159140] [HailoRT] [info] [queue_elements.cpp:756] [create] Created (UserBuffQEl3palm_detection_lite/conv25 | timeout: 10s)
[2024-11-13 10:07:03.707] [159140] [HailoRT] [info] [vstream.cpp:1107] [OutputVStreamImpl] Creating palm_detection_lite/conv25...
[2024-11-13 10:07:03.707] [159140] [HailoRT] [info] [vstream_builder.cpp:225] [create_outputs] Output pipeline 'palm_detection_lite/conv25': HW >> (HwReadEl3palm_detection_lite/conv25 | hw_frame_size: 16128) >> (PullQEl_hw_read3palm_detection_lite/conv25) >> (PostInferEl3palm_detection_lite/conv25 | Quantization - src_type: UINT8, dst_type FLOAT32, limvals_min: -75.2335, limvals_max: 140.323 | Reorder - src_order: FCR, src_shape: (12, 12, 112), dst_order: FCR, dst_shape: (12, 12, 108)) >> (UserBuffQEl3palm_detection_lite/conv25 | timeout: 10s)
[2024-11-13 10:07:03.707] [159140] [HailoRT] [info] [edge_elements.cpp:287] [create] Created (HwReadEl2palm_detection_lite/conv29 | hw_frame_size: 1152)
[2024-11-13 10:07:03.707] [159140] [HailoRT] [info] [queue_elements.cpp:613] [create] Created (PullQEl_hw_read2palm_detection_lite/conv29)
[2024-11-13 10:07:03.707] [159140] [HailoRT] [info] [filter_elements.cpp:360] [create] Created (PostInferEl2palm_detection_lite/conv29 | Quantization - src_type: UINT8, dst_type FLOAT32, limvals_min: -21.9402, limvals_max: 3.03637)
[2024-11-13 10:07:03.707] [159140] [HailoRT] [info] [queue_elements.cpp:756] [create] Created (UserBuffQEl2palm_detection_lite/conv29 | timeout: 10s)
[2024-11-13 10:07:03.707] [159140] [HailoRT] [info] [vstream.cpp:1107] [OutputVStreamImpl] Creating palm_detection_lite/conv29...
[2024-11-13 10:07:03.707] [159140] [HailoRT] [info] [vstream_builder.cpp:225] [create_outputs] Output pipeline 'palm_detection_lite/conv29': HW >> (HwReadEl2palm_detection_lite/conv29 | hw_frame_size: 1152) >> (PullQEl_hw_read2palm_detection_lite/conv29) >> (PostInferEl2palm_detection_lite/conv29 | Quantization - src_type: UINT8, dst_type FLOAT32, limvals_min: -21.9402, limvals_max: 3.03637) >> (UserBuffQEl2palm_detection_lite/conv29 | timeout: 10s)
[2024-11-13 10:07:03.707] [159140] [HailoRT] [info] [edge_elements.cpp:287] [create] Created (HwReadEl0palm_detection_lite/conv30 | hw_frame_size: 23040)
[2024-11-13 10:07:03.708] [159140] [HailoRT] [info] [queue_elements.cpp:613] [create] Created (PullQEl_hw_read0palm_detection_lite/conv30)
[2024-11-13 10:07:03.708] [159140] [HailoRT] [info] [filter_elements.cpp:360] [create] Created (PostInferEl0palm_detection_lite/conv30 | Quantization - src_type: UINT8, dst_type FLOAT32, limvals_min: -36.3947, limvals_max: 52.8423 | Reorder - src_order: FCR, src_shape: (24, 24, 40), dst_order: FCR, dst_shape: (24, 24, 36))
[2024-11-13 10:07:03.708] [159140] [HailoRT] [info] [queue_elements.cpp:756] [create] Created (UserBuffQEl0palm_detection_lite/conv30 | timeout: 10s)
[2024-11-13 10:07:03.708] [159140] [HailoRT] [info] [vstream.cpp:1107] [OutputVStreamImpl] Creating palm_detection_lite/conv30...
[2024-11-13 10:07:03.708] [159140] [HailoRT] [info] [vstream_builder.cpp:225] [create_outputs] Output pipeline 'palm_detection_lite/conv30': HW >> (HwReadEl0palm_detection_lite/conv30 | hw_frame_size: 23040) >> (PullQEl_hw_read0palm_detection_lite/conv30) >> (PostInferEl0palm_detection_lite/conv30 | Quantization - src_type: UINT8, dst_type FLOAT32, limvals_min: -36.3947, limvals_max: 52.8423 | Reorder - src_order: FCR, src_shape: (24, 24, 40), dst_order: FCR, dst_shape: (24, 24, 36)) >> (UserBuffQEl0palm_detection_lite/conv30 | timeout: 10s)
[2024-11-13 10:07:03.708] [159140] [HailoRT] [info] [core_op.cpp:156] [activate] Activating palm_detection_lite took 0.389425 milliseconds. Note that the function is asynchronous and thus the network is not fully activated yet.
[2024-11-13 10:07:03.708] [159140] [HailoRT] [info] [core_op.cpp:156] [activate] Activating palm_detection_lite took 0.401183 milliseconds. Note that the function is asynchronous and thus the network is not fully activated yet.
[2024-11-13 10:07:03.718] [189827] [HailoRT] [info] [vdevice_native_stream.cpp:331] [read_impl] Failed read from stream HAILO_STREAM_NOT_ACTIVATED(72) (device: 0000:01:00.0)
[2024-11-13 10:07:03.718] [189829] [HailoRT] [info] [vdevice_native_stream.cpp:331] [read_impl] Failed read from stream HAILO_STREAM_NOT_ACTIVATED(72) (device: 0000:01:00.0)
[2024-11-13 10:07:03.718] [189825] [HailoRT] [info] [vdevice_native_stream.cpp:331] [read_impl] Failed read from stream HAILO_STREAM_NOT_ACTIVATED(72) (device: 0000:01:00.0)
[2024-11-13 10:07:03.718] [189831] [HailoRT] [info] [vdevice_native_stream.cpp:331] [read_impl] Failed read from stream HAILO_STREAM_NOT_ACTIVATED(72) (device: 0000:01:00.0)
[2024-11-13 10:07:03.718] [159140] [HailoRT] [info] [core_op.cpp:186] [deactivate] Deactivating took 0.477091 ms
[2024-11-13 10:07:03.718] [159140] [HailoRT] [info] [core_op.cpp:186] [deactivate] Deactivating took 0.491998 ms
[2024-11-13 10:07:03.718] [189825] [HailoRT] [info] [queue_elements.cpp:690] [run_in_thread] Shutdown event was signaled in run_pull of queue element PullQEl_hw_read1palm_detection_lite/conv24!
[2024-11-13 10:07:03.718] [189826] [HailoRT] [info] [queue_elements.cpp:811] [run_in_thread] Shutdown event was signaled in dequeue of UserBuffQEl1palm_detection_lite/conv24!
[2024-11-13 10:07:03.718] [189825] [HailoRT] [info] [queue_elements.cpp:54] [operator()] Thread in element PullQEl_hw_read1palm_detection_lite/conv24 is not running anymore, exiting..
[2024-11-13 10:07:03.718] [159140] [HailoRT] [info] [queue_elements.cpp:43] [~BaseQueueElement] Queue element PullQEl_hw_read1palm_detection_lite/conv24 has 0 frames in his Queue on destruction
[2024-11-13 10:07:03.718] [189826] [HailoRT] [info] [queue_elements.cpp:54] [operator()] Thread in element UserBuffQEl1palm_detection_lite/conv24 is not running anymore, exiting..
[2024-11-13 10:07:03.718] [159140] [HailoRT] [info] [queue_elements.cpp:43] [~BaseQueueElement] Queue element UserBuffQEl1palm_detection_lite/conv24 has 0 frames in his Queue on destruction
[2024-11-13 10:07:03.718] [189827] [HailoRT] [info] [queue_elements.cpp:690] [run_in_thread] Shutdown event was signaled in run_pull of queue element PullQEl_hw_read3palm_detection_lite/conv25!
[2024-11-13 10:07:03.718] [189828] [HailoRT] [info] [queue_elements.cpp:811] [run_in_thread] Shutdown event was signaled in dequeue of UserBuffQEl3palm_detection_lite/conv25!
[2024-11-13 10:07:03.718] [189827] [HailoRT] [info] [queue_elements.cpp:54] [operator()] Thread in element PullQEl_hw_read3palm_detection_lite/conv25 is not running anymore, exiting..
[2024-11-13 10:07:03.718] [159140] [HailoRT] [info] [queue_elements.cpp:43] [~BaseQueueElement] Queue element PullQEl_hw_read3palm_detection_lite/conv25 has 0 frames in his Queue on destruction
[2024-11-13 10:07:03.718] [189828] [HailoRT] [info] [queue_elements.cpp:54] [operator()] Thread in element UserBuffQEl3palm_detection_lite/conv25 is not running anymore, exiting..
[2024-11-13 10:07:03.718] [159140] [HailoRT] [info] [queue_elements.cpp:43] [~BaseQueueElement] Queue element UserBuffQEl3palm_detection_lite/conv25 has 0 frames in his Queue on destruction
[2024-11-13 10:07:03.718] [189829] [HailoRT] [info] [queue_elements.cpp:690] [run_in_thread] Shutdown event was signaled in run_pull of queue element PullQEl_hw_read2palm_detection_lite/conv29!
[2024-11-13 10:07:03.718] [189830] [HailoRT] [info] [queue_elements.cpp:811] [run_in_thread] Shutdown event was signaled in dequeue of UserBuffQEl2palm_detection_lite/conv29!
[2024-11-13 10:07:03.718] [189829] [HailoRT] [info] [queue_elements.cpp:54] [operator()] Thread in element PullQEl_hw_read2palm_detection_lite/conv29 is not running anymore, exiting..
[2024-11-13 10:07:03.718] [159140] [HailoRT] [info] [queue_elements.cpp:43] [~BaseQueueElement] Queue element PullQEl_hw_read2palm_detection_lite/conv29 has 0 frames in his Queue on destruction
[2024-11-13 10:07:03.718] [189830] [HailoRT] [info] [queue_elements.cpp:54] [operator()] Thread in element UserBuffQEl2palm_detection_lite/conv29 is not running anymore, exiting..
[2024-11-13 10:07:03.719] [159140] [HailoRT] [info] [queue_elements.cpp:43] [~BaseQueueElement] Queue element UserBuffQEl2palm_detection_lite/conv29 has 0 frames in his Queue on destruction
[2024-11-13 10:07:03.719] [189832] [HailoRT] [info] [queue_elements.cpp:811] [run_in_thread] Shutdown event was signaled in dequeue of UserBuffQEl0palm_detection_lite/conv30!
[2024-11-13 10:07:03.719] [189831] [HailoRT] [info] [queue_elements.cpp:690] [run_in_thread] Shutdown event was signaled in run_pull of queue element PullQEl_hw_read0palm_detection_lite/conv30!
[2024-11-13 10:07:03.719] [189831] [HailoRT] [info] [queue_elements.cpp:54] [operator()] Thread in element PullQEl_hw_read0palm_detection_lite/conv30 is not running anymore, exiting..
[2024-11-13 10:07:03.719] [159140] [HailoRT] [info] [queue_elements.cpp:43] [~BaseQueueElement] Queue element PullQEl_hw_read0palm_detection_lite/conv30 has 0 frames in his Queue on destruction
[2024-11-13 10:07:03.719] [189832] [HailoRT] [info] [queue_elements.cpp:54] [operator()] Thread in element UserBuffQEl0palm_detection_lite/conv30 is not running anymore, exiting..
[2024-11-13 10:07:03.719] [159140] [HailoRT] [info] [queue_elements.cpp:43] [~BaseQueueElement] Queue element UserBuffQEl0palm_detection_lite/conv30 has 0 frames in his Queue on destruction
[2024-11-13 10:07:03.739] [159140] [HailoRT] [info] [edge_elements.cpp:52] [create] Created (HwWriteEl2palm_detection_lite/input_layer1 | hw_frame_size: 110592)
[2024-11-13 10:07:03.739] [159140] [HailoRT] [info] [vstream.cpp:754] [InputVStreamImpl] Creating palm_detection_lite/input_layer1...
[2024-11-13 10:07:03.739] [159140] [HailoRT] [info] [vstream_builder.cpp:102] [create_inputs] Input pipeline 'palm_detection_lite/input_layer1': (HwWriteEl2palm_detection_lite/input_layer1 | hw_frame_size: 110592) >> HW
[2024-11-13 10:07:03.739] [159140] [HailoRT] [info] [edge_elements.cpp:287] [create] Created (HwReadEl1palm_detection_lite/conv24 | hw_frame_size: 1152)
[2024-11-13 10:07:03.739] [159140] [HailoRT] [info] [queue_elements.cpp:613] [create] Created (PullQEl_hw_read1palm_detection_lite/conv24)
[2024-11-13 10:07:03.739] [159140] [HailoRT] [info] [filter_elements.cpp:360] [create] Created (PostInferEl1palm_detection_lite/conv24 | Quantization - src_type: UINT8, dst_type FLOAT32, limvals_min: -25.5854, limvals_max: 4.76007 | Reorder - src_order: FCR, src_shape: (12, 12, 8), dst_order: FCR, dst_shape: (12, 12, 6))
[2024-11-13 10:07:03.739] [159140] [HailoRT] [info] [queue_elements.cpp:756] [create] Created (UserBuffQEl1palm_detection_lite/conv24 | timeout: 10s)
[2024-11-13 10:07:03.739] [159140] [HailoRT] [info] [vstream.cpp:1107] [OutputVStreamImpl] Creating palm_detection_lite/conv24...
[2024-11-13 10:07:03.739] [159140] [HailoRT] [info] [vstream_builder.cpp:225] [create_outputs] Output pipeline 'palm_detection_lite/conv24': HW >> (HwReadEl1palm_detection_lite/conv24 | hw_frame_size: 1152) >> (PullQEl_hw_read1palm_detection_lite/conv24) >> (PostInferEl1palm_detection_lite/conv24 | Quantization - src_type: UINT8, dst_type FLOAT32, limvals_min: -25.5854, limvals_max: 4.76007 | Reorder - src_order: FCR, src_shape: (12, 12, 8), dst_order: FCR, dst_shape: (12, 12, 6)) >> (UserBuffQEl1palm_detection_lite/conv24 | timeout: 10s)
[2024-11-13 10:07:03.739] [159140] [HailoRT] [info] [edge_elements.cpp:287] [create] Created (HwReadEl3palm_detection_lite/conv25 | hw_frame_size: 16128)
[2024-11-13 10:07:03.739] [159140] [HailoRT] [info] [queue_elements.cpp:613] [create] Created (PullQEl_hw_read3palm_detection_lite/conv25)
[2024-11-13 10:07:03.739] [159140] [HailoRT] [info] [filter_elements.cpp:360] [create] Created (PostInferEl3palm_detection_lite/conv25 | Quantization - src_type: UINT8, dst_type FLOAT32, limvals_min: -75.2335, limvals_max: 140.323 | Reorder - src_order: FCR, src_shape: (12, 12, 112), dst_order: FCR, dst_shape: (12, 12, 108))
[2024-11-13 10:07:03.739] [159140] [HailoRT] [info] [queue_elements.cpp:756] [create] Created (UserBuffQEl3palm_detection_lite/conv25 | timeout: 10s)
[2024-11-13 10:07:03.739] [159140] [HailoRT] [info] [vstream.cpp:1107] [OutputVStreamImpl] Creating palm_detection_lite/conv25...
[2024-11-13 10:07:03.739] [159140] [HailoRT] [info] [vstream_builder.cpp:225] [create_outputs] Output pipeline 'palm_detection_lite/conv25': HW >> (HwReadEl3palm_detection_lite/conv25 | hw_frame_size: 16128) >> (PullQEl_hw_read3palm_detection_lite/conv25) >> (PostInferEl3palm_detection_lite/conv25 | Quantization - src_type: UINT8, dst_type FLOAT32, limvals_min: -75.2335, limvals_max: 140.323 | Reorder - src_order: FCR, src_shape: (12, 12, 112), dst_order: FCR, dst_shape: (12, 12, 108)) >> (UserBuffQEl3palm_detection_lite/conv25 | timeout: 10s)
[2024-11-13 10:07:03.739] [159140] [HailoRT] [info] [edge_elements.cpp:287] [create] Created (HwReadEl2palm_detection_lite/conv29 | hw_frame_size: 1152)
[2024-11-13 10:07:03.740] [159140] [HailoRT] [info] [queue_elements.cpp:613] [create] Created (PullQEl_hw_read2palm_detection_lite/conv29)
[2024-11-13 10:07:03.740] [159140] [HailoRT] [info] [filter_elements.cpp:360] [create] Created (PostInferEl2palm_detection_lite/conv29 | Quantization - src_type: UINT8, dst_type FLOAT32, limvals_min: -21.9402, limvals_max: 3.03637)
[2024-11-13 10:07:03.740] [159140] [HailoRT] [info] [queue_elements.cpp:756] [create] Created (UserBuffQEl2palm_detection_lite/conv29 | timeout: 10s)
[2024-11-13 10:07:03.740] [159140] [HailoRT] [info] [vstream.cpp:1107] [OutputVStreamImpl] Creating palm_detection_lite/conv29...
[2024-11-13 10:07:03.740] [159140] [HailoRT] [info] [vstream_builder.cpp:225] [create_outputs] Output pipeline 'palm_detection_lite/conv29': HW >> (HwReadEl2palm_detection_lite/conv29 | hw_frame_size: 1152) >> (PullQEl_hw_read2palm_detection_lite/conv29) >> (PostInferEl2palm_detection_lite/conv29 | Quantization - src_type: UINT8, dst_type FLOAT32, limvals_min: -21.9402, limvals_max: 3.03637) >> (UserBuffQEl2palm_detection_lite/conv29 | timeout: 10s)
[2024-11-13 10:07:03.740] [159140] [HailoRT] [info] [edge_elements.cpp:287] [create] Created (HwReadEl0palm_detection_lite/conv30 | hw_frame_size: 23040)
[2024-11-13 10:07:03.740] [159140] [HailoRT] [info] [queue_elements.cpp:613] [create] Created (PullQEl_hw_read0palm_detection_lite/conv30)
[2024-11-13 10:07:03.740] [159140] [HailoRT] [info] [filter_elements.cpp:360] [create] Created (PostInferEl0palm_detection_lite/conv30 | Quantization - src_type: UINT8, dst_type FLOAT32, limvals_min: -36.3947, limvals_max: 52.8423 | Reorder - src_order: FCR, src_shape: (24, 24, 40), dst_order: FCR, dst_shape: (24, 24, 36))
[2024-11-13 10:07:03.740] [159140] [HailoRT] [info] [queue_elements.cpp:756] [create] Created (UserBuffQEl0palm_detection_lite/conv30 | timeout: 10s)
[2024-11-13 10:07:03.740] [159140] [HailoRT] [info] [vstream.cpp:1107] [OutputVStreamImpl] Creating palm_detection_lite/conv30...
[2024-11-13 10:07:03.740] [159140] [HailoRT] [info] [vstream_builder.cpp:225] [create_outputs] Output pipeline 'palm_detection_lite/conv30': HW >> (HwReadEl0palm_detection_lite/conv30 | hw_frame_size: 23040) >> (PullQEl_hw_read0palm_detection_lite/conv30) >> (PostInferEl0palm_detection_lite/conv30 | Quantization - src_type: UINT8, dst_type FLOAT32, limvals_min: -36.3947, limvals_max: 52.8423 | Reorder - src_order: FCR, src_shape: (24, 24, 40), dst_order: FCR, dst_shape: (24, 24, 36)) >> (UserBuffQEl0palm_detection_lite/conv30 | timeout: 10s)
[2024-11-13 10:07:03.740] [159140] [HailoRT] [info] [core_op.cpp:156] [activate] Activating palm_detection_lite took 0.391591 milliseconds. Note that the function is asynchronous and thus the network is not fully activated yet.
[2024-11-13 10:07:03.740] [159140] [HailoRT] [info] [core_op.cpp:156] [activate] Activating palm_detection_lite took 0.403795 milliseconds. Note that the function is asynchronous and thus the network is not fully activated yet.
[2024-11-13 10:07:03.750] [189844] [HailoRT] [info] [vdevice_native_stream.cpp:331] [read_impl] Failed read from stream HAILO_STREAM_NOT_ACTIVATED(72) (device: 0000:01:00.0)
[2024-11-13 10:07:03.750] [189842] [HailoRT] [info] [vdevice_native_stream.cpp:331] [read_impl] Failed read from stream HAILO_STREAM_NOT_ACTIVATED(72) (device: 0000:01:00.0)
[2024-11-13 10:07:03.750] [189838] [HailoRT] [info] [vdevice_native_stream.cpp:331] [read_impl] Failed read from stream HAILO_STREAM_NOT_ACTIVATED(72) (device: 0000:01:00.0)
[2024-11-13 10:07:03.750] [189840] [HailoRT] [info] [vdevice_native_stream.cpp:331] [read_impl] Failed read from stream HAILO_STREAM_NOT_ACTIVATED(72) (device: 0000:01:00.0)
[2024-11-13 10:07:03.750] [159140] [HailoRT] [info] [core_op.cpp:186] [deactivate] Deactivating took 0.583183 ms
[2024-11-13 10:07:03.750] [159140] [HailoRT] [info] [core_op.cpp:186] [deactivate] Deactivating took 0.600275 ms
[2024-11-13 10:07:03.750] [189838] [HailoRT] [info] [queue_elements.cpp:690] [run_in_thread] Shutdown event was signaled in run_pull of queue element PullQEl_hw_read1palm_detection_lite/conv24!
[2024-11-13 10:07:03.750] [189839] [HailoRT] [info] [queue_elements.cpp:811] [run_in_thread] Shutdown event was signaled in dequeue of UserBuffQEl1palm_detection_lite/conv24!
[2024-11-13 10:07:03.750] [189838] [HailoRT] [info] [queue_elements.cpp:54] [operator()] Thread in element PullQEl_hw_read1palm_detection_lite/conv24 is not running anymore, exiting..
[2024-11-13 10:07:03.750] [159140] [HailoRT] [info] [queue_elements.cpp:43] [~BaseQueueElement] Queue element PullQEl_hw_read1palm_detection_lite/conv24 has 0 frames in his Queue on destruction
[2024-11-13 10:07:03.750] [189839] [HailoRT] [info] [queue_elements.cpp:54] [operator()] Thread in element UserBuffQEl1palm_detection_lite/conv24 is not running anymore, exiting..
[2024-11-13 10:07:03.750] [159140] [HailoRT] [info] [queue_elements.cpp:43] [~BaseQueueElement] Queue element UserBuffQEl1palm_detection_lite/conv24 has 0 frames in his Queue on destruction
[2024-11-13 10:07:03.750] [189841] [HailoRT] [info] [queue_elements.cpp:811] [run_in_thread] Shutdown event was signaled in dequeue of UserBuffQEl3palm_detection_lite/conv25!
[2024-11-13 10:07:03.750] [189840] [HailoRT] [info] [queue_elements.cpp:690] [run_in_thread] Shutdown event was signaled in run_pull of queue element PullQEl_hw_read3palm_detection_lite/conv25!
[2024-11-13 10:07:03.750] [189840] [HailoRT] [info] [queue_elements.cpp:54] [operator()] Thread in element PullQEl_hw_read3palm_detection_lite/conv25 is not running anymore, exiting..
[2024-11-13 10:07:03.750] [159140] [HailoRT] [info] [queue_elements.cpp:43] [~BaseQueueElement] Queue element PullQEl_hw_read3palm_detection_lite/conv25 has 0 frames in his Queue on destruction
[2024-11-13 10:07:03.750] [189841] [HailoRT] [info] [queue_elements.cpp:54] [operator()] Thread in element UserBuffQEl3palm_detection_lite/conv25 is not running anymore, exiting..
[2024-11-13 10:07:03.751] [159140] [HailoRT] [info] [queue_elements.cpp:43] [~BaseQueueElement] Queue element UserBuffQEl3palm_detection_lite/conv25 has 0 frames in his Queue on destruction
[2024-11-13 10:07:03.751] [189842] [HailoRT] [info] [queue_elements.cpp:690] [run_in_thread] Shutdown event was signaled in run_pull of queue element PullQEl_hw_read2palm_detection_lite/conv29!
[2024-11-13 10:07:03.751] [189843] [HailoRT] [info] [queue_elements.cpp:811] [run_in_thread] Shutdown event was signaled in dequeue of UserBuffQEl2palm_detection_lite/conv29!
[2024-11-13 10:07:03.751] [189842] [HailoRT] [info] [queue_elements.cpp:54] [operator()] Thread in element PullQEl_hw_read2palm_detection_lite/conv29 is not running anymore, exiting..
[2024-11-13 10:07:03.751] [159140] [HailoRT] [info] [queue_elements.cpp:43] [~BaseQueueElement] Queue element PullQEl_hw_read2palm_detection_lite/conv29 has 0 frames in his Queue on destruction
[2024-11-13 10:07:03.751] [189843] [HailoRT] [info] [queue_elements.cpp:54] [operator()] Thread in element UserBuffQEl2palm_detection_lite/conv29 is not running anymore, exiting..
[2024-11-13 10:07:03.751] [159140] [HailoRT] [info] [queue_elements.cpp:43] [~BaseQueueElement] Queue element UserBuffQEl2palm_detection_lite/conv29 has 0 frames in his Queue on destruction
[2024-11-13 10:07:03.751] [189845] [HailoRT] [info] [queue_elements.cpp:811] [run_in_thread] Shutdown event was signaled in dequeue of UserBuffQEl0palm_detection_lite/conv30!
[2024-11-13 10:07:03.751] [189844] [HailoRT] [info] [queue_elements.cpp:690] [run_in_thread] Shutdown event was signaled in run_pull of queue element PullQEl_hw_read0palm_detection_lite/conv30!
[2024-11-13 10:07:03.751] [189844] [HailoRT] [info] [queue_elements.cpp:54] [operator()] Thread in element PullQEl_hw_read0palm_detection_lite/conv30 is not running anymore, exiting..
[2024-11-13 10:07:03.751] [159140] [HailoRT] [info] [queue_elements.cpp:43] [~BaseQueueElement] Queue element PullQEl_hw_read0palm_detection_lite/conv30 has 0 frames in his Queue on destruction
[2024-11-13 10:07:03.751] [189845] [HailoRT] [info] [queue_elements.cpp:54] [operator()] Thread in element UserBuffQEl0palm_detection_lite/conv30 is not running anymore, exiting..
[2024-11-13 10:07:03.751] [159140] [HailoRT] [info] [queue_elements.cpp:43] [~BaseQueueElement] Queue element UserBuffQEl0palm_detection_lite/conv30 has 0 frames in his Queue on destruction
[2024-11-13 10:07:03.770] [159140] [HailoRT] [info] [edge_elements.cpp:52] [create] Created (HwWriteEl2palm_detection_lite/input_layer1 | hw_frame_size: 110592)
[2024-11-13 10:07:03.770] [159140] [HailoRT] [info] [vstream.cpp:754] [InputVStreamImpl] Creating palm_detection_lite/input_layer1...
[2024-11-13 10:07:03.770] [159140] [HailoRT] [info] [vstream_builder.cpp:102] [create_inputs] Input pipeline 'palm_detection_lite/input_layer1': (HwWriteEl2palm_detection_lite/input_layer1 | hw_frame_size: 110592) >> HW
[2024-11-13 10:07:03.770] [159140] [HailoRT] [info] [edge_elements.cpp:287] [create] Created (HwReadEl1palm_detection_lite/conv24 | hw_frame_size: 1152)
[2024-11-13 10:07:03.770] [159140] [HailoRT] [info] [queue_elements.cpp:613] [create] Created (PullQEl_hw_read1palm_detection_lite/conv24)
[2024-11-13 10:07:03.770] [159140] [HailoRT] [info] [filter_elements.cpp:360] [create] Created (PostInferEl1palm_detection_lite/conv24 | Quantization - src_type: UINT8, dst_type FLOAT32, limvals_min: -25.5854, limvals_max: 4.76007 | Reorder - src_order: FCR, src_shape: (12, 12, 8), dst_order: FCR, dst_shape: (12, 12, 6))
[2024-11-13 10:07:03.770] [159140] [HailoRT] [info] [queue_elements.cpp:756] [create] Created (UserBuffQEl1palm_detection_lite/conv24 | timeout: 10s)
[2024-11-13 10:07:03.770] [159140] [HailoRT] [info] [vstream.cpp:1107] [OutputVStreamImpl] Creating palm_detection_lite/conv24...
[2024-11-13 10:07:03.771] [159140] [HailoRT] [info] [vstream_builder.cpp:225] [create_outputs] Output pipeline 'palm_detection_lite/conv24': HW >> (HwReadEl1palm_detection_lite/conv24 | hw_frame_size: 1152) >> (PullQEl_hw_read1palm_detection_lite/conv24) >> (PostInferEl1palm_detection_lite/conv24 | Quantization - src_type: UINT8, dst_type FLOAT32, limvals_min: -25.5854, limvals_max: 4.76007 | Reorder - src_order: FCR, src_shape: (12, 12, 8), dst_order: FCR, dst_shape: (12, 12, 6)) >> (UserBuffQEl1palm_detection_lite/conv24 | timeout: 10s)
[2024-11-13 10:07:03.771] [159140] [HailoRT] [info] [edge_elements.cpp:287] [create] Created (HwReadEl3palm_detection_lite/conv25 | hw_frame_size: 16128)
[2024-11-13 10:07:03.771] [159140] [HailoRT] [info] [queue_elements.cpp:613] [create] Created (PullQEl_hw_read3palm_detection_lite/conv25)
[2024-11-13 10:07:03.771] [159140] [HailoRT] [info] [filter_elements.cpp:360] [create] Created (PostInferEl3palm_detection_lite/conv25 | Quantization - src_type: UINT8, dst_type FLOAT32, limvals_min: -75.2335, limvals_max: 140.323 | Reorder - src_order: FCR, src_shape: (12, 12, 112), dst_order: FCR, dst_shape: (12, 12, 108))
[2024-11-13 10:07:03.771] [159140] [HailoRT] [info] [queue_elements.cpp:756] [create] Created (UserBuffQEl3palm_detection_lite/conv25 | timeout: 10s)
[2024-11-13 10:07:03.771] [159140] [HailoRT] [info] [vstream.cpp:1107] [OutputVStreamImpl] Creating palm_detection_lite/conv25...
[2024-11-13 10:07:03.771] [159140] [HailoRT] [info] [vstream_builder.cpp:225] [create_outputs] Output pipeline 'palm_detection_lite/conv25': HW >> (HwReadEl3palm_detection_lite/conv25 | hw_frame_size: 16128) >> (PullQEl_hw_read3palm_detection_lite/conv25) >> (PostInferEl3palm_detection_lite/conv25 | Quantization - src_type: UINT8, dst_type FLOAT32, limvals_min: -75.2335, limvals_max: 140.323 | Reorder - src_order: FCR, src_shape: (12, 12, 112), dst_order: FCR, dst_shape: (12, 12, 108)) >> (UserBuffQEl3palm_detection_lite/conv25 | timeout: 10s)
[2024-11-13 10:07:03.771] [159140] [HailoRT] [info] [edge_elements.cpp:287] [create] Created (HwReadEl2palm_detection_lite/conv29 | hw_frame_size: 1152)
[2024-11-13 10:07:03.771] [159140] [HailoRT] [info] [queue_elements.cpp:613] [create] Created (PullQEl_hw_read2palm_detection_lite/conv29)
[2024-11-13 10:07:03.771] [159140] [HailoRT] [info] [filter_elements.cpp:360] [create] Created (PostInferEl2palm_detection_lite/conv29 | Quantization - src_type: UINT8, dst_type FLOAT32, limvals_min: -21.9402, limvals_max: 3.03637)
[2024-11-13 10:07:03.771] [159140] [HailoRT] [info] [queue_elements.cpp:756] [create] Created (UserBuffQEl2palm_detection_lite/conv29 | timeout: 10s)
[2024-11-13 10:07:03.771] [159140] [HailoRT] [info] [vstream.cpp:1107] [OutputVStreamImpl] Creating palm_detection_lite/conv29...
[2024-11-13 10:07:03.771] [159140] [HailoRT] [info] [vstream_builder.cpp:225] [create_outputs] Output pipeline 'palm_detection_lite/conv29': HW >> (HwReadEl2palm_detection_lite/conv29 | hw_frame_size: 1152) >> (PullQEl_hw_read2palm_detection_lite/conv29) >> (PostInferEl2palm_detection_lite/conv29 | Quantization - src_type: UINT8, dst_type FLOAT32, limvals_min: -21.9402, limvals_max: 3.03637) >> (UserBuffQEl2palm_detection_lite/conv29 | timeout: 10s)
[2024-11-13 10:07:03.771] [159140] [HailoRT] [info] [edge_elements.cpp:287] [create] Created (HwReadEl0palm_detection_lite/conv30 | hw_frame_size: 23040)
[2024-11-13 10:07:03.771] [159140] [HailoRT] [info] [queue_elements.cpp:613] [create] Created (PullQEl_hw_read0palm_detection_lite/conv30)
[2024-11-13 10:07:03.771] [159140] [HailoRT] [info] [filter_elements.cpp:360] [create] Created (PostInferEl0palm_detection_lite/conv30 | Quantization - src_type: UINT8, dst_type FLOAT32, limvals_min: -36.3947, limvals_max: 52.8423 | Reorder - src_order: FCR, src_shape: (24, 24, 40), dst_order: FCR, dst_shape: (24, 24, 36))
[2024-11-13 10:07:03.771] [159140] [HailoRT] [info] [queue_elements.cpp:756] [create] Created (UserBuffQEl0palm_detection_lite/conv30 | timeout: 10s)
[2024-11-13 10:07:03.771] [159140] [HailoRT] [info] [vstream.cpp:1107] [OutputVStreamImpl] Creating palm_detection_lite/conv30...
[2024-11-13 10:07:03.771] [159140] [HailoRT] [info] [vstream_builder.cpp:225] [create_outputs] Output pipeline 'palm_detection_lite/conv30': HW >> (HwReadEl0palm_detection_lite/conv30 | hw_frame_size: 23040) >> (PullQEl_hw_read0palm_detection_lite/conv30) >> (PostInferEl0palm_detection_lite/conv30 | Quantization - src_type: UINT8, dst_type FLOAT32, limvals_min: -36.3947, limvals_max: 52.8423 | Reorder - src_order: FCR, src_shape: (24, 24, 40), dst_order: FCR, dst_shape: (24, 24, 36)) >> (UserBuffQEl0palm_detection_lite/conv30 | timeout: 10s)
[2024-11-13 10:07:03.772] [159140] [HailoRT] [info] [core_op.cpp:156] [activate] Activating palm_detection_lite took 0.472442 milliseconds. Note that the function is asynchronous and thus the network is not fully activated yet.
[2024-11-13 10:07:03.772] [159140] [HailoRT] [info] [core_op.cpp:156] [activate] Activating palm_detection_lite took 0.490554 milliseconds. Note that the function is asynchronous and thus the network is not fully activated yet.
[2024-11-13 10:07:03.781] [189851] [HailoRT] [info] [vdevice_native_stream.cpp:331] [read_impl] Failed read from stream HAILO_STREAM_NOT_ACTIVATED(72) (device: 0000:01:00.0)
[2024-11-13 10:07:03.781] [189853] [HailoRT] [info] [vdevice_native_stream.cpp:331] [read_impl] Failed read from stream HAILO_STREAM_NOT_ACTIVATED(72) (device: 0000:01:00.0)
[2024-11-13 10:07:03.781] [189855] [HailoRT] [info] [vdevice_native_stream.cpp:331] [read_impl] Failed read from stream HAILO_STREAM_NOT_ACTIVATED(72) (device: 0000:01:00.0)
[2024-11-13 10:07:03.781] [189857] [HailoRT] [info] [vdevice_native_stream.cpp:331] [read_impl] Failed read from stream HAILO_STREAM_NOT_ACTIVATED(72) (device: 0000:01:00.0)
[2024-11-13 10:07:03.782] [159140] [HailoRT] [info] [core_op.cpp:186] [deactivate] Deactivating took 0.459295 ms
[2024-11-13 10:07:03.782] [159140] [HailoRT] [info] [core_op.cpp:186] [deactivate] Deactivating took 0.47548 ms
[2024-11-13 10:07:03.782] [189851] [HailoRT] [info] [queue_elements.cpp:690] [run_in_thread] Shutdown event was signaled in run_pull of queue element PullQEl_hw_read1palm_detection_lite/conv24!
[2024-11-13 10:07:03.782] [189852] [HailoRT] [info] [queue_elements.cpp:811] [run_in_thread] Shutdown event was signaled in dequeue of UserBuffQEl1palm_detection_lite/conv24!
[2024-11-13 10:07:03.782] [189851] [HailoRT] [info] [queue_elements.cpp:54] [operator()] Thread in element PullQEl_hw_read1palm_detection_lite/conv24 is not running anymore, exiting..
[2024-11-13 10:07:03.782] [159140] [HailoRT] [info] [queue_elements.cpp:43] [~BaseQueueElement] Queue element PullQEl_hw_read1palm_detection_lite/conv24 has 0 frames in his Queue on destruction
[2024-11-13 10:07:03.782] [189852] [HailoRT] [info] [queue_elements.cpp:54] [operator()] Thread in element UserBuffQEl1palm_detection_lite/conv24 is not running anymore, exiting..
[2024-11-13 10:07:03.782] [159140] [HailoRT] [info] [queue_elements.cpp:43] [~BaseQueueElement] Queue element UserBuffQEl1palm_detection_lite/conv24 has 0 frames in his Queue on destruction
[2024-11-13 10:07:03.782] [189854] [HailoRT] [info] [queue_elements.cpp:811] [run_in_thread] Shutdown event was signaled in dequeue of UserBuffQEl3palm_detection_lite/conv25!
[2024-11-13 10:07:03.782] [189853] [HailoRT] [info] [queue_elements.cpp:690] [run_in_thread] Shutdown event was signaled in run_pull of queue element PullQEl_hw_read3palm_detection_lite/conv25!
[2024-11-13 10:07:03.782] [189853] [HailoRT] [info] [queue_elements.cpp:54] [operator()] Thread in element PullQEl_hw_read3palm_detection_lite/conv25 is not running anymore, exiting..
[2024-11-13 10:07:03.782] [159140] [HailoRT] [info] [queue_elements.cpp:43] [~BaseQueueElement] Queue element PullQEl_hw_read3palm_detection_lite/conv25 has 0 frames in his Queue on destruction
[2024-11-13 10:07:03.782] [189854] [HailoRT] [info] [queue_elements.cpp:54] [operator()] Thread in element UserBuffQEl3palm_detection_lite/conv25 is not running anymore, exiting..
[2024-11-13 10:07:03.782] [159140] [HailoRT] [info] [queue_elements.cpp:43] [~BaseQueueElement] Queue element UserBuffQEl3palm_detection_lite/conv25 has 0 frames in his Queue on destruction
[2024-11-13 10:07:03.782] [189855] [HailoRT] [info] [queue_elements.cpp:690] [run_in_thread] Shutdown event was signaled in run_pull of queue element PullQEl_hw_read2palm_detection_lite/conv29!
[2024-11-13 10:07:03.782] [189856] [HailoRT] [info] [queue_elements.cpp:811] [run_in_thread] Shutdown event was signaled in dequeue of UserBuffQEl2palm_detection_lite/conv29!
[2024-11-13 10:07:03.782] [189855] [HailoRT] [info] [queue_elements.cpp:54] [operator()] Thread in element PullQEl_hw_read2palm_detection_lite/conv29 is not running anymore, exiting..
[2024-11-13 10:07:03.782] [159140] [HailoRT] [info] [queue_elements.cpp:43] [~BaseQueueElement] Queue element PullQEl_hw_read2palm_detection_lite/conv29 has 0 frames in his Queue on destruction
[2024-11-13 10:07:03.782] [189856] [HailoRT] [info] [queue_elements.cpp:54] [operator()] Thread in element UserBuffQEl2palm_detection_lite/conv29 is not running anymore, exiting..
[2024-11-13 10:07:03.782] [159140] [HailoRT] [info] [queue_elements.cpp:43] [~BaseQueueElement] Queue element UserBuffQEl2palm_detection_lite/conv29 has 0 frames in his Queue on destruction
[2024-11-13 10:07:03.782] [189857] [HailoRT] [info] [queue_elements.cpp:690] [run_in_thread] Shutdown event was signaled in run_pull of queue element PullQEl_hw_read0palm_detection_lite/conv30!
[2024-11-13 10:07:03.782] [189858] [HailoRT] [info] [queue_elements.cpp:811] [run_in_thread] Shutdown event was signaled in dequeue of UserBuffQEl0palm_detection_lite/conv30!
[2024-11-13 10:07:03.782] [189857] [HailoRT] [info] [queue_elements.cpp:54] [operator()] Thread in element PullQEl_hw_read0palm_detection_lite/conv30 is not running anymore, exiting..
[2024-11-13 10:07:03.782] [159140] [HailoRT] [info] [queue_elements.cpp:43] [~BaseQueueElement] Queue element PullQEl_hw_read0palm_detection_lite/conv30 has 0 frames in his Queue on destruction
[2024-11-13 10:07:03.782] [189858] [HailoRT] [info] [queue_elements.cpp:54] [operator()] Thread in element UserBuffQEl0palm_detection_lite/conv30 is not running anymore, exiting..
[2024-11-13 10:07:03.782] [159140] [HailoRT] [info] [queue_elements.cpp:43] [~BaseQueueElement] Queue element UserBuffQEl0palm_detection_lite/conv30 has 0 frames in his Queue on destruction
[2024-11-13 10:07:03.805] [159140] [HailoRT] [info] [edge_elements.cpp:52] [create] Created (HwWriteEl2palm_detection_lite/input_layer1 | hw_frame_size: 110592)
[2024-11-13 10:07:03.805] [159140] [HailoRT] [info] [vstream.cpp:754] [InputVStreamImpl] Creating palm_detection_lite/input_layer1...
[2024-11-13 10:07:03.805] [159140] [HailoRT] [info] [vstream_builder.cpp:102] [create_inputs] Input pipeline 'palm_detection_lite/input_layer1': (HwWriteEl2palm_detection_lite/input_layer1 | hw_frame_size: 110592) >> HW
[2024-11-13 10:07:03.805] [159140] [HailoRT] [info] [edge_elements.cpp:287] [create] Created (HwReadEl1palm_detection_lite/conv24 | hw_frame_size: 1152)
[2024-11-13 10:07:03.805] [159140] [HailoRT] [info] [queue_elements.cpp:613] [create] Created (PullQEl_hw_read1palm_detection_lite/conv24)
[2024-11-13 10:07:03.805] [159140] [HailoRT] [info] [filter_elements.cpp:360] [create] Created (PostInferEl1palm_detection_lite/conv24 | Quantization - src_type: UINT8, dst_type FLOAT32, limvals_min: -25.5854, limvals_max: 4.76007 | Reorder - src_order: FCR, src_shape: (12, 12, 8), dst_order: FCR, dst_shape: (12, 12, 6))
[2024-11-13 10:07:03.805] [159140] [HailoRT] [info] [queue_elements.cpp:756] [create] Created (UserBuffQEl1palm_detection_lite/conv24 | timeout: 10s)
[2024-11-13 10:07:03.805] [159140] [HailoRT] [info] [vstream.cpp:1107] [OutputVStreamImpl] Creating palm_detection_lite/conv24...
[2024-11-13 10:07:03.805] [159140] [HailoRT] [info] [vstream_builder.cpp:225] [create_outputs] Output pipeline 'palm_detection_lite/conv24': HW >> (HwReadEl1palm_detection_lite/conv24 | hw_frame_size: 1152) >> (PullQEl_hw_read1palm_detection_lite/conv24) >> (PostInferEl1palm_detection_lite/conv24 | Quantization - src_type: UINT8, dst_type FLOAT32, limvals_min: -25.5854, limvals_max: 4.76007 | Reorder - src_order: FCR, src_shape: (12, 12, 8), dst_order: FCR, dst_shape: (12, 12, 6)) >> (UserBuffQEl1palm_detection_lite/conv24 | timeout: 10s)
[2024-11-13 10:07:03.805] [159140] [HailoRT] [info] [edge_elements.cpp:287] [create] Created (HwReadEl3palm_detection_lite/conv25 | hw_frame_size: 16128)
[2024-11-13 10:07:03.805] [159140] [HailoRT] [info] [queue_elements.cpp:613] [create] Created (PullQEl_hw_read3palm_detection_lite/conv25)
[2024-11-13 10:07:03.805] [159140] [HailoRT] [info] [filter_elements.cpp:360] [create] Created (PostInferEl3palm_detection_lite/conv25 | Quantization - src_type: UINT8, dst_type FLOAT32, limvals_min: -75.2335, limvals_max: 140.323 | Reorder - src_order: FCR, src_shape: (12, 12, 112), dst_order: FCR, dst_shape: (12, 12, 108))
[2024-11-13 10:07:03.805] [159140] [HailoRT] [info] [queue_elements.cpp:756] [create] Created (UserBuffQEl3palm_detection_lite/conv25 | timeout: 10s)
[2024-11-13 10:07:03.805] [159140] [HailoRT] [info] [vstream.cpp:1107] [OutputVStreamImpl] Creating palm_detection_lite/conv25...
[2024-11-13 10:07:03.805] [159140] [HailoRT] [info] [vstream_builder.cpp:225] [create_outputs] Output pipeline 'palm_detection_lite/conv25': HW >> (HwReadEl3palm_detection_lite/conv25 | hw_frame_size: 16128) >> (PullQEl_hw_read3palm_detection_lite/conv25) >> (PostInferEl3palm_detection_lite/conv25 | Quantization - src_type: UINT8, dst_type FLOAT32, limvals_min: -75.2335, limvals_max: 140.323 | Reorder - src_order: FCR, src_shape: (12, 12, 112), dst_order: FCR, dst_shape: (12, 12, 108)) >> (UserBuffQEl3palm_detection_lite/conv25 | timeout: 10s)
[2024-11-13 10:07:03.805] [159140] [HailoRT] [info] [edge_elements.cpp:287] [create] Created (HwReadEl2palm_detection_lite/conv29 | hw_frame_size: 1152)
[2024-11-13 10:07:03.805] [159140] [HailoRT] [info] [queue_elements.cpp:613] [create] Created (PullQEl_hw_read2palm_detection_lite/conv29)
[2024-11-13 10:07:03.805] [159140] [HailoRT] [info] [filter_elements.cpp:360] [create] Created (PostInferEl2palm_detection_lite/conv29 | Quantization - src_type: UINT8, dst_type FLOAT32, limvals_min: -21.9402, limvals_max: 3.03637)
[2024-11-13 10:07:03.805] [159140] [HailoRT] [info] [queue_elements.cpp:756] [create] Created (UserBuffQEl2palm_detection_lite/conv29 | timeout: 10s)
[2024-11-13 10:07:03.805] [159140] [HailoRT] [info] [vstream.cpp:1107] [OutputVStreamImpl] Creating palm_detection_lite/conv29...
[2024-11-13 10:07:03.805] [159140] [HailoRT] [info] [vstream_builder.cpp:225] [create_outputs] Output pipeline 'palm_detection_lite/conv29': HW >> (HwReadEl2palm_detection_lite/conv29 | hw_frame_size: 1152) >> (PullQEl_hw_read2palm_detection_lite/conv29) >> (PostInferEl2palm_detection_lite/conv29 | Quantization - src_type: UINT8, dst_type FLOAT32, limvals_min: -21.9402, limvals_max: 3.03637) >> (UserBuffQEl2palm_detection_lite/conv29 | timeout: 10s)
[2024-11-13 10:07:03.805] [159140] [HailoRT] [info] [edge_elements.cpp:287] [create] Created (HwReadEl0palm_detection_lite/conv30 | hw_frame_size: 23040)
[2024-11-13 10:07:03.805] [159140] [HailoRT] [info] [queue_elements.cpp:613] [create] Created (PullQEl_hw_read0palm_detection_lite/conv30)
[2024-11-13 10:07:03.805] [159140] [HailoRT] [info] [filter_elements.cpp:360] [create] Created (PostInferEl0palm_detection_lite/conv30 | Quantization - src_type: UINT8, dst_type FLOAT32, limvals_min: -36.3947, limvals_max: 52.8423 | Reorder - src_order: FCR, src_shape: (24, 24, 40), dst_order: FCR, dst_shape: (24, 24, 36))
[2024-11-13 10:07:03.805] [159140] [HailoRT] [info] [queue_elements.cpp:756] [create] Created (UserBuffQEl0palm_detection_lite/conv30 | timeout: 10s)
[2024-11-13 10:07:03.805] [159140] [HailoRT] [info] [vstream.cpp:1107] [OutputVStreamImpl] Creating palm_detection_lite/conv30...
[2024-11-13 10:07:03.806] [159140] [HailoRT] [info] [vstream_builder.cpp:225] [create_outputs] Output pipeline 'palm_detection_lite/conv30': HW >> (HwReadEl0palm_detection_lite/conv30 | hw_frame_size: 23040) >> (PullQEl_hw_read0palm_detection_lite/conv30) >> (PostInferEl0palm_detection_lite/conv30 | Quantization - src_type: UINT8, dst_type FLOAT32, limvals_min: -36.3947, limvals_max: 52.8423 | Reorder - src_order: FCR, src_shape: (24, 24, 40), dst_order: FCR, dst_shape: (24, 24, 36)) >> (UserBuffQEl0palm_detection_lite/conv30 | timeout: 10s)
[2024-11-13 10:07:03.806] [159140] [HailoRT] [info] [core_op.cpp:156] [activate] Activating palm_detection_lite took 0.410998 milliseconds. Note that the function is asynchronous and thus the network is not fully activated yet.
[2024-11-13 10:07:03.806] [159140] [HailoRT] [info] [core_op.cpp:156] [activate] Activating palm_detection_lite took 0.424202 milliseconds. Note that the function is asynchronous and thus the network is not fully activated yet.
[2024-11-13 10:07:03.815] [189864] [HailoRT] [info] [vdevice_native_stream.cpp:331] [read_impl] Failed read from stream HAILO_STREAM_NOT_ACTIVATED(72) (device: 0000:01:00.0)
[2024-11-13 10:07:03.815] [189868] [HailoRT] [info] [vdevice_native_stream.cpp:331] [read_impl] Failed read from stream HAILO_STREAM_NOT_ACTIVATED(72) (device: 0000:01:00.0)
[2024-11-13 10:07:03.815] [189870] [HailoRT] [info] [vdevice_native_stream.cpp:331] [read_impl] Failed read from stream HAILO_STREAM_NOT_ACTIVATED(72) (device: 0000:01:00.0)
[2024-11-13 10:07:03.815] [189866] [HailoRT] [info] [vdevice_native_stream.cpp:331] [read_impl] Failed read from stream HAILO_STREAM_NOT_ACTIVATED(72) (device: 0000:01:00.0)
[2024-11-13 10:07:03.816] [159140] [HailoRT] [info] [core_op.cpp:186] [deactivate] Deactivating took 0.460276 ms
[2024-11-13 10:07:03.816] [159140] [HailoRT] [info] [core_op.cpp:186] [deactivate] Deactivating took 0.474516 ms
[2024-11-13 10:07:03.816] [189864] [HailoRT] [info] [queue_elements.cpp:690] [run_in_thread] Shutdown event was signaled in run_pull of queue element PullQEl_hw_read1palm_detection_lite/conv24!
[2024-11-13 10:07:03.816] [189865] [HailoRT] [info] [queue_elements.cpp:811] [run_in_thread] Shutdown event was signaled in dequeue of UserBuffQEl1palm_detection_lite/conv24!
[2024-11-13 10:07:03.816] [189864] [HailoRT] [info] [queue_elements.cpp:54] [operator()] Thread in element PullQEl_hw_read1palm_detection_lite/conv24 is not running anymore, exiting..
[2024-11-13 10:07:03.816] [159140] [HailoRT] [info] [queue_elements.cpp:43] [~BaseQueueElement] Queue element PullQEl_hw_read1palm_detection_lite/conv24 has 0 frames in his Queue on destruction
[2024-11-13 10:07:03.816] [189865] [HailoRT] [info] [queue_elements.cpp:54] [operator()] Thread in element UserBuffQEl1palm_detection_lite/conv24 is not running anymore, exiting..
[2024-11-13 10:07:03.816] [159140] [HailoRT] [info] [queue_elements.cpp:43] [~BaseQueueElement] Queue element UserBuffQEl1palm_detection_lite/conv24 has 0 frames in his Queue on destruction
[2024-11-13 10:07:03.816] [189866] [HailoRT] [info] [queue_elements.cpp:690] [run_in_thread] Shutdown event was signaled in run_pull of queue element PullQEl_hw_read3palm_detection_lite/conv25!
[2024-11-13 10:07:03.816] [189867] [HailoRT] [info] [queue_elements.cpp:811] [run_in_thread] Shutdown event was signaled in dequeue of UserBuffQEl3palm_detection_lite/conv25!
[2024-11-13 10:07:03.816] [189866] [HailoRT] [info] [queue_elements.cpp:54] [operator()] Thread in element PullQEl_hw_read3palm_detection_lite/conv25 is not running anymore, exiting..
[2024-11-13 10:07:03.816] [159140] [HailoRT] [info] [queue_elements.cpp:43] [~BaseQueueElement] Queue element PullQEl_hw_read3palm_detection_lite/conv25 has 0 frames in his Queue on destruction
[2024-11-13 10:07:03.816] [189867] [HailoRT] [info] [queue_elements.cpp:54] [operator()] Thread in element UserBuffQEl3palm_detection_lite/conv25 is not running anymore, exiting..
[2024-11-13 10:07:03.816] [159140] [HailoRT] [info] [queue_elements.cpp:43] [~BaseQueueElement] Queue element UserBuffQEl3palm_detection_lite/conv25 has 0 frames in his Queue on destruction
[2024-11-13 10:07:03.816] [189868] [HailoRT] [info] [queue_elements.cpp:690] [run_in_thread] Shutdown event was signaled in run_pull of queue element PullQEl_hw_read2palm_detection_lite/conv29!
[2024-11-13 10:07:03.816] [189869] [HailoRT] [info] [queue_elements.cpp:811] [run_in_thread] Shutdown event was signaled in dequeue of UserBuffQEl2palm_detection_lite/conv29!
[2024-11-13 10:07:03.816] [189868] [HailoRT] [info] [queue_elements.cpp:54] [operator()] Thread in element PullQEl_hw_read2palm_detection_lite/conv29 is not running anymore, exiting..
[2024-11-13 10:07:03.816] [159140] [HailoRT] [info] [queue_elements.cpp:43] [~BaseQueueElement] Queue element PullQEl_hw_read2palm_detection_lite/conv29 has 0 frames in his Queue on destruction
[2024-11-13 10:07:03.816] [189869] [HailoRT] [info] [queue_elements.cpp:54] [operator()] Thread in element UserBuffQEl2palm_detection_lite/conv29 is not running anymore, exiting..
[2024-11-13 10:07:03.816] [159140] [HailoRT] [info] [queue_elements.cpp:43] [~BaseQueueElement] Queue element UserBuffQEl2palm_detection_lite/conv29 has 0 frames in his Queue on destruction
[2024-11-13 10:07:03.816] [189870] [HailoRT] [info] [queue_elements.cpp:690] [run_in_thread] Shutdown event was signaled in run_pull of queue element PullQEl_hw_read0palm_detection_lite/conv30!
[2024-11-13 10:07:03.816] [189871] [HailoRT] [info] [queue_elements.cpp:811] [run_in_thread] Shutdown event was signaled in dequeue of UserBuffQEl0palm_detection_lite/conv30!
[2024-11-13 10:07:03.816] [189870] [HailoRT] [info] [queue_elements.cpp:54] [operator()] Thread in element PullQEl_hw_read0palm_detection_lite/conv30 is not running anymore, exiting..
[2024-11-13 10:07:03.816] [159140] [HailoRT] [info] [queue_elements.cpp:43] [~BaseQueueElement] Queue element PullQEl_hw_read0palm_detection_lite/conv30 has 0 frames in his Queue on destruction
[2024-11-13 10:07:03.816] [189871] [HailoRT] [info] [queue_elements.cpp:54] [operator()] Thread in element UserBuffQEl0palm_detection_lite/conv30 is not running anymore, exiting..
[2024-11-13 10:07:03.816] [159140] [HailoRT] [info] [queue_elements.cpp:43] [~BaseQueueElement] Queue element UserBuffQEl0palm_detection_lite/conv30 has 0 frames in his Queue on destruction
[2024-11-13 10:07:03.838] [159140] [HailoRT] [info] [edge_elements.cpp:52] [create] Created (HwWriteEl2palm_detection_lite/input_layer1 | hw_frame_size: 110592)
[2024-11-13 10:07:03.838] [159140] [HailoRT] [info] [vstream.cpp:754] [InputVStreamImpl] Creating palm_detection_lite/input_layer1...
[2024-11-13 10:07:03.838] [159140] [HailoRT] [info] [vstream_builder.cpp:102] [create_inputs] Input pipeline 'palm_detection_lite/input_layer1': (HwWriteEl2palm_detection_lite/input_layer1 | hw_frame_size: 110592) >> HW
[2024-11-13 10:07:03.838] [159140] [HailoRT] [info] [edge_elements.cpp:287] [create] Created (HwReadEl1palm_detection_lite/conv24 | hw_frame_size: 1152)
[2024-11-13 10:07:03.838] [159140] [HailoRT] [info] [queue_elements.cpp:613] [create] Created (PullQEl_hw_read1palm_detection_lite/conv24)
[2024-11-13 10:07:03.838] [159140] [HailoRT] [info] [filter_elements.cpp:360] [create] Created (PostInferEl1palm_detection_lite/conv24 | Quantization - src_type: UINT8, dst_type FLOAT32, limvals_min: -25.5854, limvals_max: 4.76007 | Reorder - src_order: FCR, src_shape: (12, 12, 8), dst_order: FCR, dst_shape: (12, 12, 6))
[2024-11-13 10:07:03.838] [159140] [HailoRT] [info] [queue_elements.cpp:756] [create] Created (UserBuffQEl1palm_detection_lite/conv24 | timeout: 10s)
[2024-11-13 10:07:03.838] [159140] [HailoRT] [info] [vstream.cpp:1107] [OutputVStreamImpl] Creating palm_detection_lite/conv24...
[2024-11-13 10:07:03.838] [159140] [HailoRT] [info] [vstream_builder.cpp:225] [create_outputs] Output pipeline 'palm_detection_lite/conv24': HW >> (HwReadEl1palm_detection_lite/conv24 | hw_frame_size: 1152) >> (PullQEl_hw_read1palm_detection_lite/conv24) >> (PostInferEl1palm_detection_lite/conv24 | Quantization - src_type: UINT8, dst_type FLOAT32, limvals_min: -25.5854, limvals_max: 4.76007 | Reorder - src_order: FCR, src_shape: (12, 12, 8), dst_order: FCR, dst_shape: (12, 12, 6)) >> (UserBuffQEl1palm_detection_lite/conv24 | timeout: 10s)
[2024-11-13 10:07:03.839] [159140] [HailoRT] [info] [edge_elements.cpp:287] [create] Created (HwReadEl3palm_detection_lite/conv25 | hw_frame_size: 16128)
[2024-11-13 10:07:03.839] [159140] [HailoRT] [info] [queue_elements.cpp:613] [create] Created (PullQEl_hw_read3palm_detection_lite/conv25)
[2024-11-13 10:07:03.839] [159140] [HailoRT] [info] [filter_elements.cpp:360] [create] Created (PostInferEl3palm_detection_lite/conv25 | Quantization - src_type: UINT8, dst_type FLOAT32, limvals_min: -75.2335, limvals_max: 140.323 | Reorder - src_order: FCR, src_shape: (12, 12, 112), dst_order: FCR, dst_shape: (12, 12, 108))
[2024-11-13 10:07:03.839] [159140] [HailoRT] [info] [queue_elements.cpp:756] [create] Created (UserBuffQEl3palm_detection_lite/conv25 | timeout: 10s)
[2024-11-13 10:07:03.839] [159140] [HailoRT] [info] [vstream.cpp:1107] [OutputVStreamImpl] Creating palm_detection_lite/conv25...
[2024-11-13 10:07:03.839] [159140] [HailoRT] [info] [vstream_builder.cpp:225] [create_outputs] Output pipeline 'palm_detection_lite/conv25': HW >> (HwReadEl3palm_detection_lite/conv25 | hw_frame_size: 16128) >> (PullQEl_hw_read3palm_detection_lite/conv25) >> (PostInferEl3palm_detection_lite/conv25 | Quantization - src_type: UINT8, dst_type FLOAT32, limvals_min: -75.2335, limvals_max: 140.323 | Reorder - src_order: FCR, src_shape: (12, 12, 112), dst_order: FCR, dst_shape: (12, 12, 108)) >> (UserBuffQEl3palm_detection_lite/conv25 | timeout: 10s)
[2024-11-13 10:07:03.839] [159140] [HailoRT] [info] [edge_elements.cpp:287] [create] Created (HwReadEl2palm_detection_lite/conv29 | hw_frame_size: 1152)
[2024-11-13 10:07:03.839] [159140] [HailoRT] [info] [queue_elements.cpp:613] [create] Created (PullQEl_hw_read2palm_detection_lite/conv29)
[2024-11-13 10:07:03.839] [159140] [HailoRT] [info] [filter_elements.cpp:360] [create] Created (PostInferEl2palm_detection_lite/conv29 | Quantization - src_type: UINT8, dst_type FLOAT32, limvals_min: -21.9402, limvals_max: 3.03637)
[2024-11-13 10:07:03.839] [159140] [HailoRT] [info] [queue_elements.cpp:756] [create] Created (UserBuffQEl2palm_detection_lite/conv29 | timeout: 10s)
[2024-11-13 10:07:03.839] [159140] [HailoRT] [info] [vstream.cpp:1107] [OutputVStreamImpl] Creating palm_detection_lite/conv29...
[2024-11-13 10:07:03.839] [159140] [HailoRT] [info] [vstream_builder.cpp:225] [create_outputs] Output pipeline 'palm_detection_lite/conv29': HW >> (HwReadEl2palm_detection_lite/conv29 | hw_frame_size: 1152) >> (PullQEl_hw_read2palm_detection_lite/conv29) >> (PostInferEl2palm_detection_lite/conv29 | Quantization - src_type: UINT8, dst_type FLOAT32, limvals_min: -21.9402, limvals_max: 3.03637) >> (UserBuffQEl2palm_detection_lite/conv29 | timeout: 10s)
[2024-11-13 10:07:03.839] [159140] [HailoRT] [info] [edge_elements.cpp:287] [create] Created (HwReadEl0palm_detection_lite/conv30 | hw_frame_size: 23040)
[2024-11-13 10:07:03.839] [159140] [HailoRT] [info] [queue_elements.cpp:613] [create] Created (PullQEl_hw_read0palm_detection_lite/conv30)
[2024-11-13 10:07:03.839] [159140] [HailoRT] [info] [filter_elements.cpp:360] [create] Created (PostInferEl0palm_detection_lite/conv30 | Quantization - src_type: UINT8, dst_type FLOAT32, limvals_min: -36.3947, limvals_max: 52.8423 | Reorder - src_order: FCR, src_shape: (24, 24, 40), dst_order: FCR, dst_shape: (24, 24, 36))
[2024-11-13 10:07:03.839] [159140] [HailoRT] [info] [queue_elements.cpp:756] [create] Created (UserBuffQEl0palm_detection_lite/conv30 | timeout: 10s)
[2024-11-13 10:07:03.839] [159140] [HailoRT] [info] [vstream.cpp:1107] [OutputVStreamImpl] Creating palm_detection_lite/conv30...
[2024-11-13 10:07:03.839] [159140] [HailoRT] [info] [vstream_builder.cpp:225] [create_outputs] Output pipeline 'palm_detection_lite/conv30': HW >> (HwReadEl0palm_detection_lite/conv30 | hw_frame_size: 23040) >> (PullQEl_hw_read0palm_detection_lite/conv30) >> (PostInferEl0palm_detection_lite/conv30 | Quantization - src_type: UINT8, dst_type FLOAT32, limvals_min: -36.3947, limvals_max: 52.8423 | Reorder - src_order: FCR, src_shape: (24, 24, 40), dst_order: FCR, dst_shape: (24, 24, 36)) >> (UserBuffQEl0palm_detection_lite/conv30 | timeout: 10s)
[2024-11-13 10:07:03.840] [159140] [HailoRT] [info] [core_op.cpp:156] [activate] Activating palm_detection_lite took 0.470998 milliseconds. Note that the function is asynchronous and thus the network is not fully activated yet.
[2024-11-13 10:07:03.840] [159140] [HailoRT] [info] [core_op.cpp:156] [activate] Activating palm_detection_lite took 0.487646 milliseconds. Note that the function is asynchronous and thus the network is not fully activated yet.
[2024-11-13 10:07:03.849] [189879] [HailoRT] [info] [vdevice_native_stream.cpp:331] [read_impl] Failed read from stream HAILO_STREAM_NOT_ACTIVATED(72) (device: 0000:01:00.0)
[2024-11-13 10:07:03.849] [189877] [HailoRT] [info] [vdevice_native_stream.cpp:331] [read_impl] Failed read from stream HAILO_STREAM_NOT_ACTIVATED(72) (device: 0000:01:00.0)
[2024-11-13 10:07:03.849] [189883] [HailoRT] [info] [vdevice_native_stream.cpp:331] [read_impl] Failed read from stream HAILO_STREAM_NOT_ACTIVATED(72) (device: 0000:01:00.0)
[2024-11-13 10:07:03.849] [189881] [HailoRT] [info] [vdevice_native_stream.cpp:331] [read_impl] Failed read from stream HAILO_STREAM_NOT_ACTIVATED(72) (device: 0000:01:00.0)
[2024-11-13 10:07:03.850] [159140] [HailoRT] [info] [core_op.cpp:186] [deactivate] Deactivating took 0.469905 ms
[2024-11-13 10:07:03.850] [159140] [HailoRT] [info] [core_op.cpp:186] [deactivate] Deactivating took 0.485276 ms
[2024-11-13 10:07:03.850] [189877] [HailoRT] [info] [queue_elements.cpp:690] [run_in_thread] Shutdown event was signaled in run_pull of queue element PullQEl_hw_read1palm_detection_lite/conv24!
[2024-11-13 10:07:03.850] [189878] [HailoRT] [info] [queue_elements.cpp:811] [run_in_thread] Shutdown event was signaled in dequeue of UserBuffQEl1palm_detection_lite/conv24!
[2024-11-13 10:07:03.850] [189877] [HailoRT] [info] [queue_elements.cpp:54] [operator()] Thread in element PullQEl_hw_read1palm_detection_lite/conv24 is not running anymore, exiting..
[2024-11-13 10:07:03.850] [159140] [HailoRT] [info] [queue_elements.cpp:43] [~BaseQueueElement] Queue element PullQEl_hw_read1palm_detection_lite/conv24 has 0 frames in his Queue on destruction
[2024-11-13 10:07:03.850] [189878] [HailoRT] [info] [queue_elements.cpp:54] [operator()] Thread in element UserBuffQEl1palm_detection_lite/conv24 is not running anymore, exiting..
[2024-11-13 10:07:03.850] [159140] [HailoRT] [info] [queue_elements.cpp:43] [~BaseQueueElement] Queue element UserBuffQEl1palm_detection_lite/conv24 has 0 frames in his Queue on destruction
[2024-11-13 10:07:03.850] [189879] [HailoRT] [info] [queue_elements.cpp:690] [run_in_thread] Shutdown event was signaled in run_pull of queue element PullQEl_hw_read3palm_detection_lite/conv25!
[2024-11-13 10:07:03.850] [189880] [HailoRT] [info] [queue_elements.cpp:811] [run_in_thread] Shutdown event was signaled in dequeue of UserBuffQEl3palm_detection_lite/conv25!
[2024-11-13 10:07:03.850] [189879] [HailoRT] [info] [queue_elements.cpp:54] [operator()] Thread in element PullQEl_hw_read3palm_detection_lite/conv25 is not running anymore, exiting..
[2024-11-13 10:07:03.850] [159140] [HailoRT] [info] [queue_elements.cpp:43] [~BaseQueueElement] Queue element PullQEl_hw_read3palm_detection_lite/conv25 has 0 frames in his Queue on destruction
[2024-11-13 10:07:03.850] [189880] [HailoRT] [info] [queue_elements.cpp:54] [operator()] Thread in element UserBuffQEl3palm_detection_lite/conv25 is not running anymore, exiting..
[2024-11-13 10:07:03.850] [159140] [HailoRT] [info] [queue_elements.cpp:43] [~BaseQueueElement] Queue element UserBuffQEl3palm_detection_lite/conv25 has 0 frames in his Queue on destruction
[2024-11-13 10:07:03.850] [189881] [HailoRT] [info] [queue_elements.cpp:690] [run_in_thread] Shutdown event was signaled in run_pull of queue element PullQEl_hw_read2palm_detection_lite/conv29!
[2024-11-13 10:07:03.850] [189882] [HailoRT] [info] [queue_elements.cpp:811] [run_in_thread] Shutdown event was signaled in dequeue of UserBuffQEl2palm_detection_lite/conv29!
[2024-11-13 10:07:03.850] [189881] [HailoRT] [info] [queue_elements.cpp:54] [operator()] Thread in element PullQEl_hw_read2palm_detection_lite/conv29 is not running anymore, exiting..
[2024-11-13 10:07:03.850] [159140] [HailoRT] [info] [queue_elements.cpp:43] [~BaseQueueElement] Queue element PullQEl_hw_read2palm_detection_lite/conv29 has 0 frames in his Queue on destruction
[2024-11-13 10:07:03.850] [189882] [HailoRT] [info] [queue_elements.cpp:54] [operator()] Thread in element UserBuffQEl2palm_detection_lite/conv29 is not running anymore, exiting..
[2024-11-13 10:07:03.850] [159140] [HailoRT] [info] [queue_elements.cpp:43] [~BaseQueueElement] Queue element UserBuffQEl2palm_detection_lite/conv29 has 0 frames in his Queue on destruction
[2024-11-13 10:07:03.850] [189883] [HailoRT] [info] [queue_elements.cpp:690] [run_in_thread] Shutdown event was signaled in run_pull of queue element PullQEl_hw_read0palm_detection_lite/conv30!
[2024-11-13 10:07:03.850] [189884] [HailoRT] [info] [queue_elements.cpp:811] [run_in_thread] Shutdown event was signaled in dequeue of UserBuffQEl0palm_detection_lite/conv30!
[2024-11-13 10:07:03.850] [189883] [HailoRT] [info] [queue_elements.cpp:54] [operator()] Thread in element PullQEl_hw_read0palm_detection_lite/conv30 is not running anymore, exiting..
[2024-11-13 10:07:03.850] [159140] [HailoRT] [info] [queue_elements.cpp:43] [~BaseQueueElement] Queue element PullQEl_hw_read0palm_detection_lite/conv30 has 0 frames in his Queue on destruction
[2024-11-13 10:07:03.850] [189884] [HailoRT] [info] [queue_elements.cpp:54] [operator()] Thread in element UserBuffQEl0palm_detection_lite/conv30 is not running anymore, exiting..
[2024-11-13 10:07:03.850] [159140] [HailoRT] [info] [queue_elements.cpp:43] [~BaseQueueElement] Queue element UserBuffQEl0palm_detection_lite/conv30 has 0 frames in his Queue on destruction
[2024-11-13 10:07:03.869] [159140] [HailoRT] [info] [edge_elements.cpp:52] [create] Created (HwWriteEl2palm_detection_lite/input_layer1 | hw_frame_size: 110592)
[2024-11-13 10:07:03.869] [159140] [HailoRT] [info] [vstream.cpp:754] [InputVStreamImpl] Creating palm_detection_lite/input_layer1...
[2024-11-13 10:07:03.869] [159140] [HailoRT] [info] [vstream_builder.cpp:102] [create_inputs] Input pipeline 'palm_detection_lite/input_layer1': (HwWriteEl2palm_detection_lite/input_layer1 | hw_frame_size: 110592) >> HW
[2024-11-13 10:07:03.869] [159140] [HailoRT] [info] [edge_elements.cpp:287] [create] Created (HwReadEl1palm_detection_lite/conv24 | hw_frame_size: 1152)
[2024-11-13 10:07:03.869] [159140] [HailoRT] [info] [queue_elements.cpp:613] [create] Created (PullQEl_hw_read1palm_detection_lite/conv24)
[2024-11-13 10:07:03.869] [159140] [HailoRT] [info] [filter_elements.cpp:360] [create] Created (PostInferEl1palm_detection_lite/conv24 | Quantization - src_type: UINT8, dst_type FLOAT32, limvals_min: -25.5854, limvals_max: 4.76007 | Reorder - src_order: FCR, src_shape: (12, 12, 8), dst_order: FCR, dst_shape: (12, 12, 6))
[2024-11-13 10:07:03.870] [159140] [HailoRT] [info] [queue_elements.cpp:756] [create] Created (UserBuffQEl1palm_detection_lite/conv24 | timeout: 10s)
[2024-11-13 10:07:03.870] [159140] [HailoRT] [info] [vstream.cpp:1107] [OutputVStreamImpl] Creating palm_detection_lite/conv24...
[2024-11-13 10:07:03.870] [159140] [HailoRT] [info] [vstream_builder.cpp:225] [create_outputs] Output pipeline 'palm_detection_lite/conv24': HW >> (HwReadEl1palm_detection_lite/conv24 | hw_frame_size: 1152) >> (PullQEl_hw_read1palm_detection_lite/conv24) >> (PostInferEl1palm_detection_lite/conv24 | Quantization - src_type: UINT8, dst_type FLOAT32, limvals_min: -25.5854, limvals_max: 4.76007 | Reorder - src_order: FCR, src_shape: (12, 12, 8), dst_order: FCR, dst_shape: (12, 12, 6)) >> (UserBuffQEl1palm_detection_lite/conv24 | timeout: 10s)
[2024-11-13 10:07:03.870] [159140] [HailoRT] [info] [edge_elements.cpp:287] [create] Created (HwReadEl3palm_detection_lite/conv25 | hw_frame_size: 16128)
[2024-11-13 10:07:03.870] [159140] [HailoRT] [info] [queue_elements.cpp:613] [create] Created (PullQEl_hw_read3palm_detection_lite/conv25)
[2024-11-13 10:07:03.870] [159140] [HailoRT] [info] [filter_elements.cpp:360] [create] Created (PostInferEl3palm_detection_lite/conv25 | Quantization - src_type: UINT8, dst_type FLOAT32, limvals_min: -75.2335, limvals_max: 140.323 | Reorder - src_order: FCR, src_shape: (12, 12, 112), dst_order: FCR, dst_shape: (12, 12, 108))
[2024-11-13 10:07:03.870] [159140] [HailoRT] [info] [queue_elements.cpp:756] [create] Created (UserBuffQEl3palm_detection_lite/conv25 | timeout: 10s)
[2024-11-13 10:07:03.870] [159140] [HailoRT] [info] [vstream.cpp:1107] [OutputVStreamImpl] Creating palm_detection_lite/conv25...
[2024-11-13 10:07:03.870] [159140] [HailoRT] [info] [vstream_builder.cpp:225] [create_outputs] Output pipeline 'palm_detection_lite/conv25': HW >> (HwReadEl3palm_detection_lite/conv25 | hw_frame_size: 16128) >> (PullQEl_hw_read3palm_detection_lite/conv25) >> (PostInferEl3palm_detection_lite/conv25 | Quantization - src_type: UINT8, dst_type FLOAT32, limvals_min: -75.2335, limvals_max: 140.323 | Reorder - src_order: FCR, src_shape: (12, 12, 112), dst_order: FCR, dst_shape: (12, 12, 108)) >> (UserBuffQEl3palm_detection_lite/conv25 | timeout: 10s)
[2024-11-13 10:07:03.870] [159140] [HailoRT] [info] [edge_elements.cpp:287] [create] Created (HwReadEl2palm_detection_lite/conv29 | hw_frame_size: 1152)
[2024-11-13 10:07:03.870] [159140] [HailoRT] [info] [queue_elements.cpp:613] [create] Created (PullQEl_hw_read2palm_detection_lite/conv29)
[2024-11-13 10:07:03.870] [159140] [HailoRT] [info] [filter_elements.cpp:360] [create] Created (PostInferEl2palm_detection_lite/conv29 | Quantization - src_type: UINT8, dst_type FLOAT32, limvals_min: -21.9402, limvals_max: 3.03637)
[2024-11-13 10:07:03.870] [159140] [HailoRT] [info] [queue_elements.cpp:756] [create] Created (UserBuffQEl2palm_detection_lite/conv29 | timeout: 10s)
[2024-11-13 10:07:03.870] [159140] [HailoRT] [info] [vstream.cpp:1107] [OutputVStreamImpl] Creating palm_detection_lite/conv29...
[2024-11-13 10:07:03.870] [159140] [HailoRT] [info] [vstream_builder.cpp:225] [create_outputs] Output pipeline 'palm_detection_lite/conv29': HW >> (HwReadEl2palm_detection_lite/conv29 | hw_frame_size: 1152) >> (PullQEl_hw_read2palm_detection_lite/conv29) >> (PostInferEl2palm_detection_lite/conv29 | Quantization - src_type: UINT8, dst_type FLOAT32, limvals_min: -21.9402, limvals_max: 3.03637) >> (UserBuffQEl2palm_detection_lite/conv29 | timeout: 10s)
[2024-11-13 10:07:03.870] [159140] [HailoRT] [info] [edge_elements.cpp:287] [create] Created (HwReadEl0palm_detection_lite/conv30 | hw_frame_size: 23040)
[2024-11-13 10:07:03.870] [159140] [HailoRT] [info] [queue_elements.cpp:613] [create] Created (PullQEl_hw_read0palm_detection_lite/conv30)
[2024-11-13 10:07:03.870] [159140] [HailoRT] [info] [filter_elements.cpp:360] [create] Created (PostInferEl0palm_detection_lite/conv30 | Quantization - src_type: UINT8, dst_type FLOAT32, limvals_min: -36.3947, limvals_max: 52.8423 | Reorder - src_order: FCR, src_shape: (24, 24, 40), dst_order: FCR, dst_shape: (24, 24, 36))
[2024-11-13 10:07:03.870] [159140] [HailoRT] [info] [queue_elements.cpp:756] [create] Created (UserBuffQEl0palm_detection_lite/conv30 | timeout: 10s)
[2024-11-13 10:07:03.870] [159140] [HailoRT] [info] [vstream.cpp:1107] [OutputVStreamImpl] Creating palm_detection_lite/conv30...
[2024-11-13 10:07:03.870] [159140] [HailoRT] [info] [vstream_builder.cpp:225] [create_outputs] Output pipeline 'palm_detection_lite/conv30': HW >> (HwReadEl0palm_detection_lite/conv30 | hw_frame_size: 23040) >> (PullQEl_hw_read0palm_detection_lite/conv30) >> (PostInferEl0palm_detection_lite/conv30 | Quantization - src_type: UINT8, dst_type FLOAT32, limvals_min: -36.3947, limvals_max: 52.8423 | Reorder - src_order: FCR, src_shape: (24, 24, 40), dst_order: FCR, dst_shape: (24, 24, 36)) >> (UserBuffQEl0palm_detection_lite/conv30 | timeout: 10s)
[2024-11-13 10:07:03.871] [159140] [HailoRT] [info] [core_op.cpp:156] [activate] Activating palm_detection_lite took 0.445887 milliseconds. Note that the function is asynchronous and thus the network is not fully activated yet.
[2024-11-13 10:07:03.871] [159140] [HailoRT] [info] [core_op.cpp:156] [activate] Activating palm_detection_lite took 0.461757 milliseconds. Note that the function is asynchronous and thus the network is not fully activated yet.
[2024-11-13 10:07:03.880] [189892] [HailoRT] [info] [vdevice_native_stream.cpp:331] [read_impl] Failed read from stream HAILO_STREAM_NOT_ACTIVATED(72) (device: 0000:01:00.0)
[2024-11-13 10:07:03.880] [189890] [HailoRT] [info] [vdevice_native_stream.cpp:331] [read_impl] Failed read from stream HAILO_STREAM_NOT_ACTIVATED(72) (device: 0000:01:00.0)
[2024-11-13 10:07:03.880] [189896] [HailoRT] [info] [vdevice_native_stream.cpp:331] [read_impl] Failed read from stream HAILO_STREAM_NOT_ACTIVATED(72) (device: 0000:01:00.0)
[2024-11-13 10:07:03.880] [189894] [HailoRT] [info] [vdevice_native_stream.cpp:331] [read_impl] Failed read from stream HAILO_STREAM_NOT_ACTIVATED(72) (device: 0000:01:00.0)
[2024-11-13 10:07:03.881] [159140] [HailoRT] [info] [core_op.cpp:186] [deactivate] Deactivating took 0.467368 ms
[2024-11-13 10:07:03.881] [159140] [HailoRT] [info] [core_op.cpp:186] [deactivate] Deactivating took 0.48072 ms
[2024-11-13 10:07:03.881] [189890] [HailoRT] [info] [queue_elements.cpp:690] [run_in_thread] Shutdown event was signaled in run_pull of queue element PullQEl_hw_read1palm_detection_lite/conv24!
[2024-11-13 10:07:03.881] [189891] [HailoRT] [info] [queue_elements.cpp:811] [run_in_thread] Shutdown event was signaled in dequeue of UserBuffQEl1palm_detection_lite/conv24!
[2024-11-13 10:07:03.881] [189890] [HailoRT] [info] [queue_elements.cpp:54] [operator()] Thread in element PullQEl_hw_read1palm_detection_lite/conv24 is not running anymore, exiting..
[2024-11-13 10:07:03.881] [159140] [HailoRT] [info] [queue_elements.cpp:43] [~BaseQueueElement] Queue element PullQEl_hw_read1palm_detection_lite/conv24 has 0 frames in his Queue on destruction
[2024-11-13 10:07:03.881] [189891] [HailoRT] [info] [queue_elements.cpp:54] [operator()] Thread in element UserBuffQEl1palm_detection_lite/conv24 is not running anymore, exiting..
[2024-11-13 10:07:03.881] [159140] [HailoRT] [info] [queue_elements.cpp:43] [~BaseQueueElement] Queue element UserBuffQEl1palm_detection_lite/conv24 has 0 frames in his Queue on destruction
[2024-11-13 10:07:03.881] [189892] [HailoRT] [info] [queue_elements.cpp:690] [run_in_thread] Shutdown event was signaled in run_pull of queue element PullQEl_hw_read3palm_detection_lite/conv25!
[2024-11-13 10:07:03.881] [189893] [HailoRT] [info] [queue_elements.cpp:811] [run_in_thread] Shutdown event was signaled in dequeue of UserBuffQEl3palm_detection_lite/conv25!
[2024-11-13 10:07:03.881] [189892] [HailoRT] [info] [queue_elements.cpp:54] [operator()] Thread in element PullQEl_hw_read3palm_detection_lite/conv25 is not running anymore, exiting..
[2024-11-13 10:07:03.881] [159140] [HailoRT] [info] [queue_elements.cpp:43] [~BaseQueueElement] Queue element PullQEl_hw_read3palm_detection_lite/conv25 has 0 frames in his Queue on destruction
[2024-11-13 10:07:03.881] [189893] [HailoRT] [info] [queue_elements.cpp:54] [operator()] Thread in element UserBuffQEl3palm_detection_lite/conv25 is not running anymore, exiting..
[2024-11-13 10:07:03.881] [159140] [HailoRT] [info] [queue_elements.cpp:43] [~BaseQueueElement] Queue element UserBuffQEl3palm_detection_lite/conv25 has 0 frames in his Queue on destruction
[2024-11-13 10:07:03.881] [189894] [HailoRT] [info] [queue_elements.cpp:690] [run_in_thread] Shutdown event was signaled in run_pull of queue element PullQEl_hw_read2palm_detection_lite/conv29!
[2024-11-13 10:07:03.881] [189895] [HailoRT] [info] [queue_elements.cpp:811] [run_in_thread] Shutdown event was signaled in dequeue of UserBuffQEl2palm_detection_lite/conv29!
[2024-11-13 10:07:03.881] [189894] [HailoRT] [info] [queue_elements.cpp:54] [operator()] Thread in element PullQEl_hw_read2palm_detection_lite/conv29 is not running anymore, exiting..
[2024-11-13 10:07:03.881] [159140] [HailoRT] [info] [queue_elements.cpp:43] [~BaseQueueElement] Queue element PullQEl_hw_read2palm_detection_lite/conv29 has 0 frames in his Queue on destruction
[2024-11-13 10:07:03.881] [189895] [HailoRT] [info] [queue_elements.cpp:54] [operator()] Thread in element UserBuffQEl2palm_detection_lite/conv29 is not running anymore, exiting..
[2024-11-13 10:07:03.881] [159140] [HailoRT] [info] [queue_elements.cpp:43] [~BaseQueueElement] Queue element UserBuffQEl2palm_detection_lite/conv29 has 0 frames in his Queue on destruction
[2024-11-13 10:07:03.881] [189896] [HailoRT] [info] [queue_elements.cpp:690] [run_in_thread] Shutdown event was signaled in run_pull of queue element PullQEl_hw_read0palm_detection_lite/conv30!
[2024-11-13 10:07:03.881] [189897] [HailoRT] [info] [queue_elements.cpp:811] [run_in_thread] Shutdown event was signaled in dequeue of UserBuffQEl0palm_detection_lite/conv30!
[2024-11-13 10:07:03.881] [189896] [HailoRT] [info] [queue_elements.cpp:54] [operator()] Thread in element PullQEl_hw_read0palm_detection_lite/conv30 is not running anymore, exiting..
[2024-11-13 10:07:03.881] [159140] [HailoRT] [info] [queue_elements.cpp:43] [~BaseQueueElement] Queue element PullQEl_hw_read0palm_detection_lite/conv30 has 0 frames in his Queue on destruction
[2024-11-13 10:07:03.881] [189897] [HailoRT] [info] [queue_elements.cpp:54] [operator()] Thread in element UserBuffQEl0palm_detection_lite/conv30 is not running anymore, exiting..
[2024-11-13 10:07:03.881] [159140] [HailoRT] [info] [queue_elements.cpp:43] [~BaseQueueElement] Queue element UserBuffQEl0palm_detection_lite/conv30 has 0 frames in his Queue on destruction
[2024-11-13 10:07:03.906] [159140] [HailoRT] [info] [edge_elements.cpp:52] [create] Created (HwWriteEl2palm_detection_lite/input_layer1 | hw_frame_size: 110592)
[2024-11-13 10:07:03.906] [159140] [HailoRT] [info] [vstream.cpp:754] [InputVStreamImpl] Creating palm_detection_lite/input_layer1...
[2024-11-13 10:07:03.906] [159140] [HailoRT] [info] [vstream_builder.cpp:102] [create_inputs] Input pipeline 'palm_detection_lite/input_layer1': (HwWriteEl2palm_detection_lite/input_layer1 | hw_frame_size: 110592) >> HW
[2024-11-13 10:07:03.906] [159140] [HailoRT] [info] [edge_elements.cpp:287] [create] Created (HwReadEl1palm_detection_lite/conv24 | hw_frame_size: 1152)
[2024-11-13 10:07:03.906] [159140] [HailoRT] [info] [queue_elements.cpp:613] [create] Created (PullQEl_hw_read1palm_detection_lite/conv24)
[2024-11-13 10:07:03.906] [159140] [HailoRT] [info] [filter_elements.cpp:360] [create] Created (PostInferEl1palm_detection_lite/conv24 | Quantization - src_type: UINT8, dst_type FLOAT32, limvals_min: -25.5854, limvals_max: 4.76007 | Reorder - src_order: FCR, src_shape: (12, 12, 8), dst_order: FCR, dst_shape: (12, 12, 6))
[2024-11-13 10:07:03.906] [159140] [HailoRT] [info] [queue_elements.cpp:756] [create] Created (UserBuffQEl1palm_detection_lite/conv24 | timeout: 10s)
[2024-11-13 10:07:03.906] [159140] [HailoRT] [info] [vstream.cpp:1107] [OutputVStreamImpl] Creating palm_detection_lite/conv24...
[2024-11-13 10:07:03.906] [159140] [HailoRT] [info] [vstream_builder.cpp:225] [create_outputs] Output pipeline 'palm_detection_lite/conv24': HW >> (HwReadEl1palm_detection_lite/conv24 | hw_frame_size: 1152) >> (PullQEl_hw_read1palm_detection_lite/conv24) >> (PostInferEl1palm_detection_lite/conv24 | Quantization - src_type: UINT8, dst_type FLOAT32, limvals_min: -25.5854, limvals_max: 4.76007 | Reorder - src_order: FCR, src_shape: (12, 12, 8), dst_order: FCR, dst_shape: (12, 12, 6)) >> (UserBuffQEl1palm_detection_lite/conv24 | timeout: 10s)
[2024-11-13 10:07:03.906] [159140] [HailoRT] [info] [edge_elements.cpp:287] [create] Created (HwReadEl3palm_detection_lite/conv25 | hw_frame_size: 16128)
[2024-11-13 10:07:03.906] [159140] [HailoRT] [info] [queue_elements.cpp:613] [create] Created (PullQEl_hw_read3palm_detection_lite/conv25)
[2024-11-13 10:07:03.906] [159140] [HailoRT] [info] [filter_elements.cpp:360] [create] Created (PostInferEl3palm_detection_lite/conv25 | Quantization - src_type: UINT8, dst_type FLOAT32, limvals_min: -75.2335, limvals_max: 140.323 | Reorder - src_order: FCR, src_shape: (12, 12, 112), dst_order: FCR, dst_shape: (12, 12, 108))
[2024-11-13 10:07:03.906] [159140] [HailoRT] [info] [queue_elements.cpp:756] [create] Created (UserBuffQEl3palm_detection_lite/conv25 | timeout: 10s)
[2024-11-13 10:07:03.906] [159140] [HailoRT] [info] [vstream.cpp:1107] [OutputVStreamImpl] Creating palm_detection_lite/conv25...
[2024-11-13 10:07:03.906] [159140] [HailoRT] [info] [vstream_builder.cpp:225] [create_outputs] Output pipeline 'palm_detection_lite/conv25': HW >> (HwReadEl3palm_detection_lite/conv25 | hw_frame_size: 16128) >> (PullQEl_hw_read3palm_detection_lite/conv25) >> (PostInferEl3palm_detection_lite/conv25 | Quantization - src_type: UINT8, dst_type FLOAT32, limvals_min: -75.2335, limvals_max: 140.323 | Reorder - src_order: FCR, src_shape: (12, 12, 112), dst_order: FCR, dst_shape: (12, 12, 108)) >> (UserBuffQEl3palm_detection_lite/conv25 | timeout: 10s)
[2024-11-13 10:07:03.906] [159140] [HailoRT] [info] [edge_elements.cpp:287] [create] Created (HwReadEl2palm_detection_lite/conv29 | hw_frame_size: 1152)
[2024-11-13 10:07:03.907] [159140] [HailoRT] [info] [queue_elements.cpp:613] [create] Created (PullQEl_hw_read2palm_detection_lite/conv29)
[2024-11-13 10:07:03.907] [159140] [HailoRT] [info] [filter_elements.cpp:360] [create] Created (PostInferEl2palm_detection_lite/conv29 | Quantization - src_type: UINT8, dst_type FLOAT32, limvals_min: -21.9402, limvals_max: 3.03637)
[2024-11-13 10:07:03.907] [159140] [HailoRT] [info] [queue_elements.cpp:756] [create] Created (UserBuffQEl2palm_detection_lite/conv29 | timeout: 10s)
[2024-11-13 10:07:03.907] [159140] [HailoRT] [info] [vstream.cpp:1107] [OutputVStreamImpl] Creating palm_detection_lite/conv29...
[2024-11-13 10:07:03.907] [159140] [HailoRT] [info] [vstream_builder.cpp:225] [create_outputs] Output pipeline 'palm_detection_lite/conv29': HW >> (HwReadEl2palm_detection_lite/conv29 | hw_frame_size: 1152) >> (PullQEl_hw_read2palm_detection_lite/conv29) >> (PostInferEl2palm_detection_lite/conv29 | Quantization - src_type: UINT8, dst_type FLOAT32, limvals_min: -21.9402, limvals_max: 3.03637) >> (UserBuffQEl2palm_detection_lite/conv29 | timeout: 10s)
[2024-11-13 10:07:03.907] [159140] [HailoRT] [info] [edge_elements.cpp:287] [create] Created (HwReadEl0palm_detection_lite/conv30 | hw_frame_size: 23040)
[2024-11-13 10:07:03.907] [159140] [HailoRT] [info] [queue_elements.cpp:613] [create] Created (PullQEl_hw_read0palm_detection_lite/conv30)
[2024-11-13 10:07:03.907] [159140] [HailoRT] [info] [filter_elements.cpp:360] [create] Created (PostInferEl0palm_detection_lite/conv30 | Quantization - src_type: UINT8, dst_type FLOAT32, limvals_min: -36.3947, limvals_max: 52.8423 | Reorder - src_order: FCR, src_shape: (24, 24, 40), dst_order: FCR, dst_shape: (24, 24, 36))
[2024-11-13 10:07:03.907] [159140] [HailoRT] [info] [queue_elements.cpp:756] [create] Created (UserBuffQEl0palm_detection_lite/conv30 | timeout: 10s)
[2024-11-13 10:07:03.907] [159140] [HailoRT] [info] [vstream.cpp:1107] [OutputVStreamImpl] Creating palm_detection_lite/conv30...
[2024-11-13 10:07:03.907] [159140] [HailoRT] [info] [vstream_builder.cpp:225] [create_outputs] Output pipeline 'palm_detection_lite/conv30': HW >> (HwReadEl0palm_detection_lite/conv30 | hw_frame_size: 23040) >> (PullQEl_hw_read0palm_detection_lite/conv30) >> (PostInferEl0palm_detection_lite/conv30 | Quantization - src_type: UINT8, dst_type FLOAT32, limvals_min: -36.3947, limvals_max: 52.8423 | Reorder - src_order: FCR, src_shape: (24, 24, 40), dst_order: FCR, dst_shape: (24, 24, 36)) >> (UserBuffQEl0palm_detection_lite/conv30 | timeout: 10s)
[2024-11-13 10:07:03.907] [159140] [HailoRT] [info] [core_op.cpp:156] [activate] Activating palm_detection_lite took 0.389573 milliseconds. Note that the function is asynchronous and thus the network is not fully activated yet.
[2024-11-13 10:07:03.907] [159140] [HailoRT] [info] [core_op.cpp:156] [activate] Activating palm_detection_lite took 0.408684 milliseconds. Note that the function is asynchronous and thus the network is not fully activated yet.
[2024-11-13 10:07:03.917] [189905] [HailoRT] [info] [vdevice_native_stream.cpp:331] [read_impl] Failed read from stream HAILO_STREAM_NOT_ACTIVATED(72) (device: 0000:01:00.0)
[2024-11-13 10:07:03.917] [189909] [HailoRT] [info] [vdevice_native_stream.cpp:331] [read_impl] Failed read from stream HAILO_STREAM_NOT_ACTIVATED(72) (device: 0000:01:00.0)
[2024-11-13 10:07:03.917] [189907] [HailoRT] [info] [vdevice_native_stream.cpp:331] [read_impl] Failed read from stream HAILO_STREAM_NOT_ACTIVATED(72) (device: 0000:01:00.0)
[2024-11-13 10:07:03.917] [189903] [HailoRT] [info] [vdevice_native_stream.cpp:331] [read_impl] Failed read from stream HAILO_STREAM_NOT_ACTIVATED(72) (device: 0000:01:00.0)
[2024-11-13 10:07:03.917] [159140] [HailoRT] [info] [core_op.cpp:186] [deactivate] Deactivating took 0.461165 ms
[2024-11-13 10:07:03.917] [159140] [HailoRT] [info] [core_op.cpp:186] [deactivate] Deactivating took 0.476813 ms
[2024-11-13 10:07:03.917] [189903] [HailoRT] [info] [queue_elements.cpp:690] [run_in_thread] Shutdown event was signaled in run_pull of queue element PullQEl_hw_read1palm_detection_lite/conv24!
[2024-11-13 10:07:03.917] [189904] [HailoRT] [info] [queue_elements.cpp:811] [run_in_thread] Shutdown event was signaled in dequeue of UserBuffQEl1palm_detection_lite/conv24!
[2024-11-13 10:07:03.917] [189903] [HailoRT] [info] [queue_elements.cpp:54] [operator()] Thread in element PullQEl_hw_read1palm_detection_lite/conv24 is not running anymore, exiting..
[2024-11-13 10:07:03.917] [159140] [HailoRT] [info] [queue_elements.cpp:43] [~BaseQueueElement] Queue element PullQEl_hw_read1palm_detection_lite/conv24 has 0 frames in his Queue on destruction
[2024-11-13 10:07:03.917] [189904] [HailoRT] [info] [queue_elements.cpp:54] [operator()] Thread in element UserBuffQEl1palm_detection_lite/conv24 is not running anymore, exiting..
[2024-11-13 10:07:03.917] [159140] [HailoRT] [info] [queue_elements.cpp:43] [~BaseQueueElement] Queue element UserBuffQEl1palm_detection_lite/conv24 has 0 frames in his Queue on destruction
[2024-11-13 10:07:03.917] [189906] [HailoRT] [info] [queue_elements.cpp:811] [run_in_thread] Shutdown event was signaled in dequeue of UserBuffQEl3palm_detection_lite/conv25!
[2024-11-13 10:07:03.917] [189905] [HailoRT] [info] [queue_elements.cpp:690] [run_in_thread] Shutdown event was signaled in run_pull of queue element PullQEl_hw_read3palm_detection_lite/conv25!
[2024-11-13 10:07:03.917] [189905] [HailoRT] [info] [queue_elements.cpp:54] [operator()] Thread in element PullQEl_hw_read3palm_detection_lite/conv25 is not running anymore, exiting..
[2024-11-13 10:07:03.917] [159140] [HailoRT] [info] [queue_elements.cpp:43] [~BaseQueueElement] Queue element PullQEl_hw_read3palm_detection_lite/conv25 has 0 frames in his Queue on destruction
[2024-11-13 10:07:03.917] [189906] [HailoRT] [info] [queue_elements.cpp:54] [operator()] Thread in element UserBuffQEl3palm_detection_lite/conv25 is not running anymore, exiting..
[2024-11-13 10:07:03.918] [159140] [HailoRT] [info] [queue_elements.cpp:43] [~BaseQueueElement] Queue element UserBuffQEl3palm_detection_lite/conv25 has 0 frames in his Queue on destruction
[2024-11-13 10:07:03.918] [189907] [HailoRT] [info] [queue_elements.cpp:690] [run_in_thread] Shutdown event was signaled in run_pull of queue element PullQEl_hw_read2palm_detection_lite/conv29!
[2024-11-13 10:07:03.918] [189908] [HailoRT] [info] [queue_elements.cpp:811] [run_in_thread] Shutdown event was signaled in dequeue of UserBuffQEl2palm_detection_lite/conv29!
[2024-11-13 10:07:03.918] [189907] [HailoRT] [info] [queue_elements.cpp:54] [operator()] Thread in element PullQEl_hw_read2palm_detection_lite/conv29 is not running anymore, exiting..
[2024-11-13 10:07:03.918] [159140] [HailoRT] [info] [queue_elements.cpp:43] [~BaseQueueElement] Queue element PullQEl_hw_read2palm_detection_lite/conv29 has 0 frames in his Queue on destruction
[2024-11-13 10:07:03.918] [189908] [HailoRT] [info] [queue_elements.cpp:54] [operator()] Thread in element UserBuffQEl2palm_detection_lite/conv29 is not running anymore, exiting..
[2024-11-13 10:07:03.918] [159140] [HailoRT] [info] [queue_elements.cpp:43] [~BaseQueueElement] Queue element UserBuffQEl2palm_detection_lite/conv29 has 0 frames in his Queue on destruction
[2024-11-13 10:07:03.918] [189909] [HailoRT] [info] [queue_elements.cpp:690] [run_in_thread] Shutdown event was signaled in run_pull of queue element PullQEl_hw_read0palm_detection_lite/conv30!
[2024-11-13 10:07:03.918] [189910] [HailoRT] [info] [queue_elements.cpp:811] [run_in_thread] Shutdown event was signaled in dequeue of UserBuffQEl0palm_detection_lite/conv30!
[2024-11-13 10:07:03.918] [189909] [HailoRT] [info] [queue_elements.cpp:54] [operator()] Thread in element PullQEl_hw_read0palm_detection_lite/conv30 is not running anymore, exiting..
[2024-11-13 10:07:03.918] [159140] [HailoRT] [info] [queue_elements.cpp:43] [~BaseQueueElement] Queue element PullQEl_hw_read0palm_detection_lite/conv30 has 0 frames in his Queue on destruction
[2024-11-13 10:07:03.918] [189910] [HailoRT] [info] [queue_elements.cpp:54] [operator()] Thread in element UserBuffQEl0palm_detection_lite/conv30 is not running anymore, exiting..
[2024-11-13 10:07:03.918] [159140] [HailoRT] [info] [queue_elements.cpp:43] [~BaseQueueElement] Queue element UserBuffQEl0palm_detection_lite/conv30 has 0 frames in his Queue on destruction
[2024-11-13 10:07:03.938] [159140] [HailoRT] [info] [edge_elements.cpp:52] [create] Created (HwWriteEl2palm_detection_lite/input_layer1 | hw_frame_size: 110592)
[2024-11-13 10:07:03.938] [159140] [HailoRT] [info] [vstream.cpp:754] [InputVStreamImpl] Creating palm_detection_lite/input_layer1...
[2024-11-13 10:07:03.938] [159140] [HailoRT] [info] [vstream_builder.cpp:102] [create_inputs] Input pipeline 'palm_detection_lite/input_layer1': (HwWriteEl2palm_detection_lite/input_layer1 | hw_frame_size: 110592) >> HW
[2024-11-13 10:07:03.938] [159140] [HailoRT] [info] [edge_elements.cpp:287] [create] Created (HwReadEl1palm_detection_lite/conv24 | hw_frame_size: 1152)
[2024-11-13 10:07:03.938] [159140] [HailoRT] [info] [queue_elements.cpp:613] [create] Created (PullQEl_hw_read1palm_detection_lite/conv24)
[2024-11-13 10:07:03.938] [159140] [HailoRT] [info] [filter_elements.cpp:360] [create] Created (PostInferEl1palm_detection_lite/conv24 | Quantization - src_type: UINT8, dst_type FLOAT32, limvals_min: -25.5854, limvals_max: 4.76007 | Reorder - src_order: FCR, src_shape: (12, 12, 8), dst_order: FCR, dst_shape: (12, 12, 6))
[2024-11-13 10:07:03.939] [159140] [HailoRT] [info] [queue_elements.cpp:756] [create] Created (UserBuffQEl1palm_detection_lite/conv24 | timeout: 10s)
[2024-11-13 10:07:03.939] [159140] [HailoRT] [info] [vstream.cpp:1107] [OutputVStreamImpl] Creating palm_detection_lite/conv24...
[2024-11-13 10:07:03.939] [159140] [HailoRT] [info] [vstream_builder.cpp:225] [create_outputs] Output pipeline 'palm_detection_lite/conv24': HW >> (HwReadEl1palm_detection_lite/conv24 | hw_frame_size: 1152) >> (PullQEl_hw_read1palm_detection_lite/conv24) >> (PostInferEl1palm_detection_lite/conv24 | Quantization - src_type: UINT8, dst_type FLOAT32, limvals_min: -25.5854, limvals_max: 4.76007 | Reorder - src_order: FCR, src_shape: (12, 12, 8), dst_order: FCR, dst_shape: (12, 12, 6)) >> (UserBuffQEl1palm_detection_lite/conv24 | timeout: 10s)
[2024-11-13 10:07:03.939] [159140] [HailoRT] [info] [edge_elements.cpp:287] [create] Created (HwReadEl3palm_detection_lite/conv25 | hw_frame_size: 16128)
[2024-11-13 10:07:03.939] [159140] [HailoRT] [info] [queue_elements.cpp:613] [create] Created (PullQEl_hw_read3palm_detection_lite/conv25)
[2024-11-13 10:07:03.939] [159140] [HailoRT] [info] [filter_elements.cpp:360] [create] Created (PostInferEl3palm_detection_lite/conv25 | Quantization - src_type: UINT8, dst_type FLOAT32, limvals_min: -75.2335, limvals_max: 140.323 | Reorder - src_order: FCR, src_shape: (12, 12, 112), dst_order: FCR, dst_shape: (12, 12, 108))
[2024-11-13 10:07:03.939] [159140] [HailoRT] [info] [queue_elements.cpp:756] [create] Created (UserBuffQEl3palm_detection_lite/conv25 | timeout: 10s)
[2024-11-13 10:07:03.939] [159140] [HailoRT] [info] [vstream.cpp:1107] [OutputVStreamImpl] Creating palm_detection_lite/conv25...
[2024-11-13 10:07:03.939] [159140] [HailoRT] [info] [vstream_builder.cpp:225] [create_outputs] Output pipeline 'palm_detection_lite/conv25': HW >> (HwReadEl3palm_detection_lite/conv25 | hw_frame_size: 16128) >> (PullQEl_hw_read3palm_detection_lite/conv25) >> (PostInferEl3palm_detection_lite/conv25 | Quantization - src_type: UINT8, dst_type FLOAT32, limvals_min: -75.2335, limvals_max: 140.323 | Reorder - src_order: FCR, src_shape: (12, 12, 112), dst_order: FCR, dst_shape: (12, 12, 108)) >> (UserBuffQEl3palm_detection_lite/conv25 | timeout: 10s)
[2024-11-13 10:07:03.939] [159140] [HailoRT] [info] [edge_elements.cpp:287] [create] Created (HwReadEl2palm_detection_lite/conv29 | hw_frame_size: 1152)
[2024-11-13 10:07:03.939] [159140] [HailoRT] [info] [queue_elements.cpp:613] [create] Created (PullQEl_hw_read2palm_detection_lite/conv29)
[2024-11-13 10:07:03.939] [159140] [HailoRT] [info] [filter_elements.cpp:360] [create] Created (PostInferEl2palm_detection_lite/conv29 | Quantization - src_type: UINT8, dst_type FLOAT32, limvals_min: -21.9402, limvals_max: 3.03637)
[2024-11-13 10:07:03.939] [159140] [HailoRT] [info] [queue_elements.cpp:756] [create] Created (UserBuffQEl2palm_detection_lite/conv29 | timeout: 10s)
[2024-11-13 10:07:03.939] [159140] [HailoRT] [info] [vstream.cpp:1107] [OutputVStreamImpl] Creating palm_detection_lite/conv29...
[2024-11-13 10:07:03.939] [159140] [HailoRT] [info] [vstream_builder.cpp:225] [create_outputs] Output pipeline 'palm_detection_lite/conv29': HW >> (HwReadEl2palm_detection_lite/conv29 | hw_frame_size: 1152) >> (PullQEl_hw_read2palm_detection_lite/conv29) >> (PostInferEl2palm_detection_lite/conv29 | Quantization - src_type: UINT8, dst_type FLOAT32, limvals_min: -21.9402, limvals_max: 3.03637) >> (UserBuffQEl2palm_detection_lite/conv29 | timeout: 10s)
[2024-11-13 10:07:03.939] [159140] [HailoRT] [info] [edge_elements.cpp:287] [create] Created (HwReadEl0palm_detection_lite/conv30 | hw_frame_size: 23040)
[2024-11-13 10:07:03.939] [159140] [HailoRT] [info] [queue_elements.cpp:613] [create] Created (PullQEl_hw_read0palm_detection_lite/conv30)
[2024-11-13 10:07:03.939] [159140] [HailoRT] [info] [filter_elements.cpp:360] [create] Created (PostInferEl0palm_detection_lite/conv30 | Quantization - src_type: UINT8, dst_type FLOAT32, limvals_min: -36.3947, limvals_max: 52.8423 | Reorder - src_order: FCR, src_shape: (24, 24, 40), dst_order: FCR, dst_shape: (24, 24, 36))
[2024-11-13 10:07:03.939] [159140] [HailoRT] [info] [queue_elements.cpp:756] [create] Created (UserBuffQEl0palm_detection_lite/conv30 | timeout: 10s)
[2024-11-13 10:07:03.939] [159140] [HailoRT] [info] [vstream.cpp:1107] [OutputVStreamImpl] Creating palm_detection_lite/conv30...
[2024-11-13 10:07:03.939] [159140] [HailoRT] [info] [vstream_builder.cpp:225] [create_outputs] Output pipeline 'palm_detection_lite/conv30': HW >> (HwReadEl0palm_detection_lite/conv30 | hw_frame_size: 23040) >> (PullQEl_hw_read0palm_detection_lite/conv30) >> (PostInferEl0palm_detection_lite/conv30 | Quantization - src_type: UINT8, dst_type FLOAT32, limvals_min: -36.3947, limvals_max: 52.8423 | Reorder - src_order: FCR, src_shape: (24, 24, 40), dst_order: FCR, dst_shape: (24, 24, 36)) >> (UserBuffQEl0palm_detection_lite/conv30 | timeout: 10s)
[2024-11-13 10:07:03.940] [159140] [HailoRT] [info] [core_op.cpp:156] [activate] Activating palm_detection_lite took 0.413091 milliseconds. Note that the function is asynchronous and thus the network is not fully activated yet.
[2024-11-13 10:07:03.940] [159140] [HailoRT] [info] [core_op.cpp:156] [activate] Activating palm_detection_lite took 0.425536 milliseconds. Note that the function is asynchronous and thus the network is not fully activated yet.
[2024-11-13 10:07:03.949] [189918] [HailoRT] [info] [vdevice_native_stream.cpp:331] [read_impl] Failed read from stream HAILO_STREAM_NOT_ACTIVATED(72) (device: 0000:01:00.0)
[2024-11-13 10:07:03.949] [189920] [HailoRT] [info] [vdevice_native_stream.cpp:331] [read_impl] Failed read from stream HAILO_STREAM_NOT_ACTIVATED(72) (device: 0000:01:00.0)
[2024-11-13 10:07:03.949] [189916] [HailoRT] [info] [vdevice_native_stream.cpp:331] [read_impl] Failed read from stream HAILO_STREAM_NOT_ACTIVATED(72) (device: 0000:01:00.0)
[2024-11-13 10:07:03.949] [189922] [HailoRT] [info] [vdevice_native_stream.cpp:331] [read_impl] Failed read from stream HAILO_STREAM_NOT_ACTIVATED(72) (device: 0000:01:00.0)
[2024-11-13 10:07:03.950] [159140] [HailoRT] [info] [core_op.cpp:186] [deactivate] Deactivating took 0.472294 ms
[2024-11-13 10:07:03.950] [159140] [HailoRT] [info] [core_op.cpp:186] [deactivate] Deactivating took 0.487942 ms
[2024-11-13 10:07:03.950] [189916] [HailoRT] [info] [queue_elements.cpp:690] [run_in_thread] Shutdown event was signaled in run_pull of queue element PullQEl_hw_read1palm_detection_lite/conv24!
[2024-11-13 10:07:03.950] [189917] [HailoRT] [info] [queue_elements.cpp:811] [run_in_thread] Shutdown event was signaled in dequeue of UserBuffQEl1palm_detection_lite/conv24!
[2024-11-13 10:07:03.950] [189916] [HailoRT] [info] [queue_elements.cpp:54] [operator()] Thread in element PullQEl_hw_read1palm_detection_lite/conv24 is not running anymore, exiting..
[2024-11-13 10:07:03.950] [159140] [HailoRT] [info] [queue_elements.cpp:43] [~BaseQueueElement] Queue element PullQEl_hw_read1palm_detection_lite/conv24 has 0 frames in his Queue on destruction
[2024-11-13 10:07:03.950] [189917] [HailoRT] [info] [queue_elements.cpp:54] [operator()] Thread in element UserBuffQEl1palm_detection_lite/conv24 is not running anymore, exiting..
[2024-11-13 10:07:03.950] [159140] [HailoRT] [info] [queue_elements.cpp:43] [~BaseQueueElement] Queue element UserBuffQEl1palm_detection_lite/conv24 has 0 frames in his Queue on destruction
[2024-11-13 10:07:03.950] [189918] [HailoRT] [info] [queue_elements.cpp:690] [run_in_thread] Shutdown event was signaled in run_pull of queue element PullQEl_hw_read3palm_detection_lite/conv25!
[2024-11-13 10:07:03.950] [189919] [HailoRT] [info] [queue_elements.cpp:811] [run_in_thread] Shutdown event was signaled in dequeue of UserBuffQEl3palm_detection_lite/conv25!
[2024-11-13 10:07:03.950] [189918] [HailoRT] [info] [queue_elements.cpp:54] [operator()] Thread in element PullQEl_hw_read3palm_detection_lite/conv25 is not running anymore, exiting..
[2024-11-13 10:07:03.950] [159140] [HailoRT] [info] [queue_elements.cpp:43] [~BaseQueueElement] Queue element PullQEl_hw_read3palm_detection_lite/conv25 has 0 frames in his Queue on destruction
[2024-11-13 10:07:03.950] [189919] [HailoRT] [info] [queue_elements.cpp:54] [operator()] Thread in element UserBuffQEl3palm_detection_lite/conv25 is not running anymore, exiting..
[2024-11-13 10:07:03.950] [159140] [HailoRT] [info] [queue_elements.cpp:43] [~BaseQueueElement] Queue element UserBuffQEl3palm_detection_lite/conv25 has 0 frames in his Queue on destruction
[2024-11-13 10:07:03.950] [189921] [HailoRT] [info] [queue_elements.cpp:811] [run_in_thread] Shutdown event was signaled in dequeue of UserBuffQEl2palm_detection_lite/conv29!
[2024-11-13 10:07:03.950] [189920] [HailoRT] [info] [queue_elements.cpp:690] [run_in_thread] Shutdown event was signaled in run_pull of queue element PullQEl_hw_read2palm_detection_lite/conv29!
[2024-11-13 10:07:03.950] [189920] [HailoRT] [info] [queue_elements.cpp:54] [operator()] Thread in element PullQEl_hw_read2palm_detection_lite/conv29 is not running anymore, exiting..
[2024-11-13 10:07:03.950] [159140] [HailoRT] [info] [queue_elements.cpp:43] [~BaseQueueElement] Queue element PullQEl_hw_read2palm_detection_lite/conv29 has 0 frames in his Queue on destruction
[2024-11-13 10:07:03.950] [189921] [HailoRT] [info] [queue_elements.cpp:54] [operator()] Thread in element UserBuffQEl2palm_detection_lite/conv29 is not running anymore, exiting..
[2024-11-13 10:07:03.950] [159140] [HailoRT] [info] [queue_elements.cpp:43] [~BaseQueueElement] Queue element UserBuffQEl2palm_detection_lite/conv29 has 0 frames in his Queue on destruction
[2024-11-13 10:07:03.950] [189922] [HailoRT] [info] [queue_elements.cpp:690] [run_in_thread] Shutdown event was signaled in run_pull of queue element PullQEl_hw_read0palm_detection_lite/conv30!
[2024-11-13 10:07:03.950] [189923] [HailoRT] [info] [queue_elements.cpp:811] [run_in_thread] Shutdown event was signaled in dequeue of UserBuffQEl0palm_detection_lite/conv30!
[2024-11-13 10:07:03.950] [189922] [HailoRT] [info] [queue_elements.cpp:54] [operator()] Thread in element PullQEl_hw_read0palm_detection_lite/conv30 is not running anymore, exiting..
[2024-11-13 10:07:03.950] [159140] [HailoRT] [info] [queue_elements.cpp:43] [~BaseQueueElement] Queue element PullQEl_hw_read0palm_detection_lite/conv30 has 0 frames in his Queue on destruction
[2024-11-13 10:07:03.950] [189923] [HailoRT] [info] [queue_elements.cpp:54] [operator()] Thread in element UserBuffQEl0palm_detection_lite/conv30 is not running anymore, exiting..
[2024-11-13 10:07:03.950] [159140] [HailoRT] [info] [queue_elements.cpp:43] [~BaseQueueElement] Queue element UserBuffQEl0palm_detection_lite/conv30 has 0 frames in his Queue on destruction
[2024-11-13 10:07:03.969] [159140] [HailoRT] [info] [edge_elements.cpp:52] [create] Created (HwWriteEl2palm_detection_lite/input_layer1 | hw_frame_size: 110592)
[2024-11-13 10:07:03.969] [159140] [HailoRT] [info] [vstream.cpp:754] [InputVStreamImpl] Creating palm_detection_lite/input_layer1...
[2024-11-13 10:07:03.969] [159140] [HailoRT] [info] [vstream_builder.cpp:102] [create_inputs] Input pipeline 'palm_detection_lite/input_layer1': (HwWriteEl2palm_detection_lite/input_layer1 | hw_frame_size: 110592) >> HW
[2024-11-13 10:07:03.969] [159140] [HailoRT] [info] [edge_elements.cpp:287] [create] Created (HwReadEl1palm_detection_lite/conv24 | hw_frame_size: 1152)
[2024-11-13 10:07:03.969] [159140] [HailoRT] [info] [queue_elements.cpp:613] [create] Created (PullQEl_hw_read1palm_detection_lite/conv24)
[2024-11-13 10:07:03.970] [159140] [HailoRT] [info] [filter_elements.cpp:360] [create] Created (PostInferEl1palm_detection_lite/conv24 | Quantization - src_type: UINT8, dst_type FLOAT32, limvals_min: -25.5854, limvals_max: 4.76007 | Reorder - src_order: FCR, src_shape: (12, 12, 8), dst_order: FCR, dst_shape: (12, 12, 6))
[2024-11-13 10:07:03.970] [159140] [HailoRT] [info] [queue_elements.cpp:756] [create] Created (UserBuffQEl1palm_detection_lite/conv24 | timeout: 10s)
[2024-11-13 10:07:03.970] [159140] [HailoRT] [info] [vstream.cpp:1107] [OutputVStreamImpl] Creating palm_detection_lite/conv24...
[2024-11-13 10:07:03.970] [159140] [HailoRT] [info] [vstream_builder.cpp:225] [create_outputs] Output pipeline 'palm_detection_lite/conv24': HW >> (HwReadEl1palm_detection_lite/conv24 | hw_frame_size: 1152) >> (PullQEl_hw_read1palm_detection_lite/conv24) >> (PostInferEl1palm_detection_lite/conv24 | Quantization - src_type: UINT8, dst_type FLOAT32, limvals_min: -25.5854, limvals_max: 4.76007 | Reorder - src_order: FCR, src_shape: (12, 12, 8), dst_order: FCR, dst_shape: (12, 12, 6)) >> (UserBuffQEl1palm_detection_lite/conv24 | timeout: 10s)
[2024-11-13 10:07:03.970] [159140] [HailoRT] [info] [edge_elements.cpp:287] [create] Created (HwReadEl3palm_detection_lite/conv25 | hw_frame_size: 16128)
[2024-11-13 10:07:03.970] [159140] [HailoRT] [info] [queue_elements.cpp:613] [create] Created (PullQEl_hw_read3palm_detection_lite/conv25)
[2024-11-13 10:07:03.970] [159140] [HailoRT] [info] [filter_elements.cpp:360] [create] Created (PostInferEl3palm_detection_lite/conv25 | Quantization - src_type: UINT8, dst_type FLOAT32, limvals_min: -75.2335, limvals_max: 140.323 | Reorder - src_order: FCR, src_shape: (12, 12, 112), dst_order: FCR, dst_shape: (12, 12, 108))
[2024-11-13 10:07:03.970] [159140] [HailoRT] [info] [queue_elements.cpp:756] [create] Created (UserBuffQEl3palm_detection_lite/conv25 | timeout: 10s)
[2024-11-13 10:07:03.970] [159140] [HailoRT] [info] [vstream.cpp:1107] [OutputVStreamImpl] Creating palm_detection_lite/conv25...
[2024-11-13 10:07:03.970] [159140] [HailoRT] [info] [vstream_builder.cpp:225] [create_outputs] Output pipeline 'palm_detection_lite/conv25': HW >> (HwReadEl3palm_detection_lite/conv25 | hw_frame_size: 16128) >> (PullQEl_hw_read3palm_detection_lite/conv25) >> (PostInferEl3palm_detection_lite/conv25 | Quantization - src_type: UINT8, dst_type FLOAT32, limvals_min: -75.2335, limvals_max: 140.323 | Reorder - src_order: FCR, src_shape: (12, 12, 112), dst_order: FCR, dst_shape: (12, 12, 108)) >> (UserBuffQEl3palm_detection_lite/conv25 | timeout: 10s)
[2024-11-13 10:07:03.970] [159140] [HailoRT] [info] [edge_elements.cpp:287] [create] Created (HwReadEl2palm_detection_lite/conv29 | hw_frame_size: 1152)
[2024-11-13 10:07:03.970] [159140] [HailoRT] [info] [queue_elements.cpp:613] [create] Created (PullQEl_hw_read2palm_detection_lite/conv29)
[2024-11-13 10:07:03.970] [159140] [HailoRT] [info] [filter_elements.cpp:360] [create] Created (PostInferEl2palm_detection_lite/conv29 | Quantization - src_type: UINT8, dst_type FLOAT32, limvals_min: -21.9402, limvals_max: 3.03637)
[2024-11-13 10:07:03.970] [159140] [HailoRT] [info] [queue_elements.cpp:756] [create] Created (UserBuffQEl2palm_detection_lite/conv29 | timeout: 10s)
[2024-11-13 10:07:03.970] [159140] [HailoRT] [info] [vstream.cpp:1107] [OutputVStreamImpl] Creating palm_detection_lite/conv29...
[2024-11-13 10:07:03.970] [159140] [HailoRT] [info] [vstream_builder.cpp:225] [create_outputs] Output pipeline 'palm_detection_lite/conv29': HW >> (HwReadEl2palm_detection_lite/conv29 | hw_frame_size: 1152) >> (PullQEl_hw_read2palm_detection_lite/conv29) >> (PostInferEl2palm_detection_lite/conv29 | Quantization - src_type: UINT8, dst_type FLOAT32, limvals_min: -21.9402, limvals_max: 3.03637) >> (UserBuffQEl2palm_detection_lite/conv29 | timeout: 10s)
[2024-11-13 10:07:03.970] [159140] [HailoRT] [info] [edge_elements.cpp:287] [create] Created (HwReadEl0palm_detection_lite/conv30 | hw_frame_size: 23040)
[2024-11-13 10:07:03.970] [159140] [HailoRT] [info] [queue_elements.cpp:613] [create] Created (PullQEl_hw_read0palm_detection_lite/conv30)
[2024-11-13 10:07:03.970] [159140] [HailoRT] [info] [filter_elements.cpp:360] [create] Created (PostInferEl0palm_detection_lite/conv30 | Quantization - src_type: UINT8, dst_type FLOAT32, limvals_min: -36.3947, limvals_max: 52.8423 | Reorder - src_order: FCR, src_shape: (24, 24, 40), dst_order: FCR, dst_shape: (24, 24, 36))
[2024-11-13 10:07:03.970] [159140] [HailoRT] [info] [queue_elements.cpp:756] [create] Created (UserBuffQEl0palm_detection_lite/conv30 | timeout: 10s)
[2024-11-13 10:07:03.970] [159140] [HailoRT] [info] [vstream.cpp:1107] [OutputVStreamImpl] Creating palm_detection_lite/conv30...
[2024-11-13 10:07:03.970] [159140] [HailoRT] [info] [vstream_builder.cpp:225] [create_outputs] Output pipeline 'palm_detection_lite/conv30': HW >> (HwReadEl0palm_detection_lite/conv30 | hw_frame_size: 23040) >> (PullQEl_hw_read0palm_detection_lite/conv30) >> (PostInferEl0palm_detection_lite/conv30 | Quantization - src_type: UINT8, dst_type FLOAT32, limvals_min: -36.3947, limvals_max: 52.8423 | Reorder - src_order: FCR, src_shape: (24, 24, 40), dst_order: FCR, dst_shape: (24, 24, 36)) >> (UserBuffQEl0palm_detection_lite/conv30 | timeout: 10s)
[2024-11-13 10:07:03.971] [159140] [HailoRT] [info] [core_op.cpp:156] [activate] Activating palm_detection_lite took 0.461461 milliseconds. Note that the function is asynchronous and thus the network is not fully activated yet.
[2024-11-13 10:07:03.971] [159140] [HailoRT] [info] [core_op.cpp:156] [activate] Activating palm_detection_lite took 0.477628 milliseconds. Note that the function is asynchronous and thus the network is not fully activated yet.
[2024-11-13 10:07:03.980] [189929] [HailoRT] [info] [vdevice_native_stream.cpp:331] [read_impl] Failed read from stream HAILO_STREAM_NOT_ACTIVATED(72) (device: 0000:01:00.0)
[2024-11-13 10:07:03.980] [189933] [HailoRT] [info] [vdevice_native_stream.cpp:331] [read_impl] Failed read from stream HAILO_STREAM_NOT_ACTIVATED(72) (device: 0000:01:00.0)
[2024-11-13 10:07:03.980] [189935] [HailoRT] [info] [vdevice_native_stream.cpp:331] [read_impl] Failed read from stream HAILO_STREAM_NOT_ACTIVATED(72) (device: 0000:01:00.0)
[2024-11-13 10:07:03.980] [189931] [HailoRT] [info] [vdevice_native_stream.cpp:331] [read_impl] Failed read from stream HAILO_STREAM_NOT_ACTIVATED(72) (device: 0000:01:00.0)
[2024-11-13 10:07:03.981] [159140] [HailoRT] [info] [core_op.cpp:186] [deactivate] Deactivating took 0.478998 ms
[2024-11-13 10:07:03.981] [159140] [HailoRT] [info] [core_op.cpp:186] [deactivate] Deactivating took 0.495016 ms
[2024-11-13 10:07:03.981] [189929] [HailoRT] [info] [queue_elements.cpp:690] [run_in_thread] Shutdown event was signaled in run_pull of queue element PullQEl_hw_read1palm_detection_lite/conv24!
[2024-11-13 10:07:03.981] [189930] [HailoRT] [info] [queue_elements.cpp:811] [run_in_thread] Shutdown event was signaled in dequeue of UserBuffQEl1palm_detection_lite/conv24!
[2024-11-13 10:07:03.981] [189929] [HailoRT] [info] [queue_elements.cpp:54] [operator()] Thread in element PullQEl_hw_read1palm_detection_lite/conv24 is not running anymore, exiting..
[2024-11-13 10:07:03.981] [159140] [HailoRT] [info] [queue_elements.cpp:43] [~BaseQueueElement] Queue element PullQEl_hw_read1palm_detection_lite/conv24 has 0 frames in his Queue on destruction
[2024-11-13 10:07:03.981] [189930] [HailoRT] [info] [queue_elements.cpp:54] [operator()] Thread in element UserBuffQEl1palm_detection_lite/conv24 is not running anymore, exiting..
[2024-11-13 10:07:03.981] [159140] [HailoRT] [info] [queue_elements.cpp:43] [~BaseQueueElement] Queue element UserBuffQEl1palm_detection_lite/conv24 has 0 frames in his Queue on destruction
[2024-11-13 10:07:03.981] [189931] [HailoRT] [info] [queue_elements.cpp:690] [run_in_thread] Shutdown event was signaled in run_pull of queue element PullQEl_hw_read3palm_detection_lite/conv25!
[2024-11-13 10:07:03.981] [189932] [HailoRT] [info] [queue_elements.cpp:811] [run_in_thread] Shutdown event was signaled in dequeue of UserBuffQEl3palm_detection_lite/conv25!
[2024-11-13 10:07:03.981] [189931] [HailoRT] [info] [queue_elements.cpp:54] [operator()] Thread in element PullQEl_hw_read3palm_detection_lite/conv25 is not running anymore, exiting..
[2024-11-13 10:07:03.981] [159140] [HailoRT] [info] [queue_elements.cpp:43] [~BaseQueueElement] Queue element PullQEl_hw_read3palm_detection_lite/conv25 has 0 frames in his Queue on destruction
[2024-11-13 10:07:03.981] [189932] [HailoRT] [info] [queue_elements.cpp:54] [operator()] Thread in element UserBuffQEl3palm_detection_lite/conv25 is not running anymore, exiting..
[2024-11-13 10:07:03.981] [159140] [HailoRT] [info] [queue_elements.cpp:43] [~BaseQueueElement] Queue element UserBuffQEl3palm_detection_lite/conv25 has 0 frames in his Queue on destruction
[2024-11-13 10:07:03.981] [189933] [HailoRT] [info] [queue_elements.cpp:690] [run_in_thread] Shutdown event was signaled in run_pull of queue element PullQEl_hw_read2palm_detection_lite/conv29!
[2024-11-13 10:07:03.981] [189934] [HailoRT] [info] [queue_elements.cpp:811] [run_in_thread] Shutdown event was signaled in dequeue of UserBuffQEl2palm_detection_lite/conv29!
[2024-11-13 10:07:03.981] [189933] [HailoRT] [info] [queue_elements.cpp:54] [operator()] Thread in element PullQEl_hw_read2palm_detection_lite/conv29 is not running anymore, exiting..
[2024-11-13 10:07:03.981] [159140] [HailoRT] [info] [queue_elements.cpp:43] [~BaseQueueElement] Queue element PullQEl_hw_read2palm_detection_lite/conv29 has 0 frames in his Queue on destruction
[2024-11-13 10:07:03.981] [189934] [HailoRT] [info] [queue_elements.cpp:54] [operator()] Thread in element UserBuffQEl2palm_detection_lite/conv29 is not running anymore, exiting..
[2024-11-13 10:07:03.981] [159140] [HailoRT] [info] [queue_elements.cpp:43] [~BaseQueueElement] Queue element UserBuffQEl2palm_detection_lite/conv29 has 0 frames in his Queue on destruction
[2024-11-13 10:07:03.981] [189935] [HailoRT] [info] [queue_elements.cpp:690] [run_in_thread] Shutdown event was signaled in run_pull of queue element PullQEl_hw_read0palm_detection_lite/conv30!
[2024-11-13 10:07:03.981] [189936] [HailoRT] [info] [queue_elements.cpp:811] [run_in_thread] Shutdown event was signaled in dequeue of UserBuffQEl0palm_detection_lite/conv30!
[2024-11-13 10:07:03.981] [189935] [HailoRT] [info] [queue_elements.cpp:54] [operator()] Thread in element PullQEl_hw_read0palm_detection_lite/conv30 is not running anymore, exiting..
[2024-11-13 10:07:03.981] [159140] [HailoRT] [info] [queue_elements.cpp:43] [~BaseQueueElement] Queue element PullQEl_hw_read0palm_detection_lite/conv30 has 0 frames in his Queue on destruction
[2024-11-13 10:07:03.981] [189936] [HailoRT] [info] [queue_elements.cpp:54] [operator()] Thread in element UserBuffQEl0palm_detection_lite/conv30 is not running anymore, exiting..
[2024-11-13 10:07:03.981] [159140] [HailoRT] [info] [queue_elements.cpp:43] [~BaseQueueElement] Queue element UserBuffQEl0palm_detection_lite/conv30 has 0 frames in his Queue on destruction
[2024-11-13 10:07:04.006] [159140] [HailoRT] [info] [edge_elements.cpp:52] [create] Created (HwWriteEl2palm_detection_lite/input_layer1 | hw_frame_size: 110592)
[2024-11-13 10:07:04.006] [159140] [HailoRT] [info] [vstream.cpp:754] [InputVStreamImpl] Creating palm_detection_lite/input_layer1...
[2024-11-13 10:07:04.006] [159140] [HailoRT] [info] [vstream_builder.cpp:102] [create_inputs] Input pipeline 'palm_detection_lite/input_layer1': (HwWriteEl2palm_detection_lite/input_layer1 | hw_frame_size: 110592) >> HW
[2024-11-13 10:07:04.006] [159140] [HailoRT] [info] [edge_elements.cpp:287] [create] Created (HwReadEl1palm_detection_lite/conv24 | hw_frame_size: 1152)
[2024-11-13 10:07:04.006] [159140] [HailoRT] [info] [queue_elements.cpp:613] [create] Created (PullQEl_hw_read1palm_detection_lite/conv24)
[2024-11-13 10:07:04.006] [159140] [HailoRT] [info] [filter_elements.cpp:360] [create] Created (PostInferEl1palm_detection_lite/conv24 | Quantization - src_type: UINT8, dst_type FLOAT32, limvals_min: -25.5854, limvals_max: 4.76007 | Reorder - src_order: FCR, src_shape: (12, 12, 8), dst_order: FCR, dst_shape: (12, 12, 6))
[2024-11-13 10:07:04.006] [159140] [HailoRT] [info] [queue_elements.cpp:756] [create] Created (UserBuffQEl1palm_detection_lite/conv24 | timeout: 10s)
[2024-11-13 10:07:04.006] [159140] [HailoRT] [info] [vstream.cpp:1107] [OutputVStreamImpl] Creating palm_detection_lite/conv24...
[2024-11-13 10:07:04.006] [159140] [HailoRT] [info] [vstream_builder.cpp:225] [create_outputs] Output pipeline 'palm_detection_lite/conv24': HW >> (HwReadEl1palm_detection_lite/conv24 | hw_frame_size: 1152) >> (PullQEl_hw_read1palm_detection_lite/conv24) >> (PostInferEl1palm_detection_lite/conv24 | Quantization - src_type: UINT8, dst_type FLOAT32, limvals_min: -25.5854, limvals_max: 4.76007 | Reorder - src_order: FCR, src_shape: (12, 12, 8), dst_order: FCR, dst_shape: (12, 12, 6)) >> (UserBuffQEl1palm_detection_lite/conv24 | timeout: 10s)
[2024-11-13 10:07:04.006] [159140] [HailoRT] [info] [edge_elements.cpp:287] [create] Created (HwReadEl3palm_detection_lite/conv25 | hw_frame_size: 16128)
[2024-11-13 10:07:04.006] [159140] [HailoRT] [info] [queue_elements.cpp:613] [create] Created (PullQEl_hw_read3palm_detection_lite/conv25)
[2024-11-13 10:07:04.006] [159140] [HailoRT] [info] [filter_elements.cpp:360] [create] Created (PostInferEl3palm_detection_lite/conv25 | Quantization - src_type: UINT8, dst_type FLOAT32, limvals_min: -75.2335, limvals_max: 140.323 | Reorder - src_order: FCR, src_shape: (12, 12, 112), dst_order: FCR, dst_shape: (12, 12, 108))
[2024-11-13 10:07:04.006] [159140] [HailoRT] [info] [queue_elements.cpp:756] [create] Created (UserBuffQEl3palm_detection_lite/conv25 | timeout: 10s)
[2024-11-13 10:07:04.006] [159140] [HailoRT] [info] [vstream.cpp:1107] [OutputVStreamImpl] Creating palm_detection_lite/conv25...
[2024-11-13 10:07:04.006] [159140] [HailoRT] [info] [vstream_builder.cpp:225] [create_outputs] Output pipeline 'palm_detection_lite/conv25': HW >> (HwReadEl3palm_detection_lite/conv25 | hw_frame_size: 16128) >> (PullQEl_hw_read3palm_detection_lite/conv25) >> (PostInferEl3palm_detection_lite/conv25 | Quantization - src_type: UINT8, dst_type FLOAT32, limvals_min: -75.2335, limvals_max: 140.323 | Reorder - src_order: FCR, src_shape: (12, 12, 112), dst_order: FCR, dst_shape: (12, 12, 108)) >> (UserBuffQEl3palm_detection_lite/conv25 | timeout: 10s)
[2024-11-13 10:07:04.006] [159140] [HailoRT] [info] [edge_elements.cpp:287] [create] Created (HwReadEl2palm_detection_lite/conv29 | hw_frame_size: 1152)
[2024-11-13 10:07:04.007] [159140] [HailoRT] [info] [queue_elements.cpp:613] [create] Created (PullQEl_hw_read2palm_detection_lite/conv29)
[2024-11-13 10:07:04.007] [159140] [HailoRT] [info] [filter_elements.cpp:360] [create] Created (PostInferEl2palm_detection_lite/conv29 | Quantization - src_type: UINT8, dst_type FLOAT32, limvals_min: -21.9402, limvals_max: 3.03637)
[2024-11-13 10:07:04.007] [159140] [HailoRT] [info] [queue_elements.cpp:756] [create] Created (UserBuffQEl2palm_detection_lite/conv29 | timeout: 10s)
[2024-11-13 10:07:04.007] [159140] [HailoRT] [info] [vstream.cpp:1107] [OutputVStreamImpl] Creating palm_detection_lite/conv29...
[2024-11-13 10:07:04.007] [159140] [HailoRT] [info] [vstream_builder.cpp:225] [create_outputs] Output pipeline 'palm_detection_lite/conv29': HW >> (HwReadEl2palm_detection_lite/conv29 | hw_frame_size: 1152) >> (PullQEl_hw_read2palm_detection_lite/conv29) >> (PostInferEl2palm_detection_lite/conv29 | Quantization - src_type: UINT8, dst_type FLOAT32, limvals_min: -21.9402, limvals_max: 3.03637) >> (UserBuffQEl2palm_detection_lite/conv29 | timeout: 10s)
[2024-11-13 10:07:04.007] [159140] [HailoRT] [info] [edge_elements.cpp:287] [create] Created (HwReadEl0palm_detection_lite/conv30 | hw_frame_size: 23040)
[2024-11-13 10:07:04.007] [159140] [HailoRT] [info] [queue_elements.cpp:613] [create] Created (PullQEl_hw_read0palm_detection_lite/conv30)
[2024-11-13 10:07:04.007] [159140] [HailoRT] [info] [filter_elements.cpp:360] [create] Created (PostInferEl0palm_detection_lite/conv30 | Quantization - src_type: UINT8, dst_type FLOAT32, limvals_min: -36.3947, limvals_max: 52.8423 | Reorder - src_order: FCR, src_shape: (24, 24, 40), dst_order: FCR, dst_shape: (24, 24, 36))
[2024-11-13 10:07:04.007] [159140] [HailoRT] [info] [queue_elements.cpp:756] [create] Created (UserBuffQEl0palm_detection_lite/conv30 | timeout: 10s)
[2024-11-13 10:07:04.007] [159140] [HailoRT] [info] [vstream.cpp:1107] [OutputVStreamImpl] Creating palm_detection_lite/conv30...
[2024-11-13 10:07:04.007] [159140] [HailoRT] [info] [vstream_builder.cpp:225] [create_outputs] Output pipeline 'palm_detection_lite/conv30': HW >> (HwReadEl0palm_detection_lite/conv30 | hw_frame_size: 23040) >> (PullQEl_hw_read0palm_detection_lite/conv30) >> (PostInferEl0palm_detection_lite/conv30 | Quantization - src_type: UINT8, dst_type FLOAT32, limvals_min: -36.3947, limvals_max: 52.8423 | Reorder - src_order: FCR, src_shape: (24, 24, 40), dst_order: FCR, dst_shape: (24, 24, 36)) >> (UserBuffQEl0palm_detection_lite/conv30 | timeout: 10s)
[2024-11-13 10:07:04.007] [159140] [HailoRT] [info] [core_op.cpp:156] [activate] Activating palm_detection_lite took 0.404276 milliseconds. Note that the function is asynchronous and thus the network is not fully activated yet.
[2024-11-13 10:07:04.007] [159140] [HailoRT] [info] [core_op.cpp:156] [activate] Activating palm_detection_lite took 0.417276 milliseconds. Note that the function is asynchronous and thus the network is not fully activated yet.
[2024-11-13 10:07:04.017] [189946] [HailoRT] [info] [vdevice_native_stream.cpp:331] [read_impl] Failed read from stream HAILO_STREAM_NOT_ACTIVATED(72) (device: 0000:01:00.0)
[2024-11-13 10:07:04.017] [189942] [HailoRT] [info] [vdevice_native_stream.cpp:331] [read_impl] Failed read from stream HAILO_STREAM_NOT_ACTIVATED(72) (device: 0000:01:00.0)
[2024-11-13 10:07:04.017] [189948] [HailoRT] [info] [vdevice_native_stream.cpp:331] [read_impl] Failed read from stream HAILO_STREAM_NOT_ACTIVATED(72) (device: 0000:01:00.0)
[2024-11-13 10:07:04.017] [189944] [HailoRT] [info] [vdevice_native_stream.cpp:331] [read_impl] Failed read from stream HAILO_STREAM_NOT_ACTIVATED(72) (device: 0000:01:00.0)
[2024-11-13 10:07:04.017] [159140] [HailoRT] [info] [core_op.cpp:186] [deactivate] Deactivating took 0.47111 ms
[2024-11-13 10:07:04.017] [159140] [HailoRT] [info] [core_op.cpp:186] [deactivate] Deactivating took 0.487183 ms
[2024-11-13 10:07:04.017] [189942] [HailoRT] [info] [queue_elements.cpp:690] [run_in_thread] Shutdown event was signaled in run_pull of queue element PullQEl_hw_read1palm_detection_lite/conv24!
[2024-11-13 10:07:04.017] [189943] [HailoRT] [info] [queue_elements.cpp:811] [run_in_thread] Shutdown event was signaled in dequeue of UserBuffQEl1palm_detection_lite/conv24!
[2024-11-13 10:07:04.017] [189942] [HailoRT] [info] [queue_elements.cpp:54] [operator()] Thread in element PullQEl_hw_read1palm_detection_lite/conv24 is not running anymore, exiting..
[2024-11-13 10:07:04.017] [159140] [HailoRT] [info] [queue_elements.cpp:43] [~BaseQueueElement] Queue element PullQEl_hw_read1palm_detection_lite/conv24 has 0 frames in his Queue on destruction
[2024-11-13 10:07:04.017] [189943] [HailoRT] [info] [queue_elements.cpp:54] [operator()] Thread in element UserBuffQEl1palm_detection_lite/conv24 is not running anymore, exiting..
[2024-11-13 10:07:04.017] [159140] [HailoRT] [info] [queue_elements.cpp:43] [~BaseQueueElement] Queue element UserBuffQEl1palm_detection_lite/conv24 has 0 frames in his Queue on destruction
[2024-11-13 10:07:04.017] [189944] [HailoRT] [info] [queue_elements.cpp:690] [run_in_thread] Shutdown event was signaled in run_pull of queue element PullQEl_hw_read3palm_detection_lite/conv25!
[2024-11-13 10:07:04.017] [189945] [HailoRT] [info] [queue_elements.cpp:811] [run_in_thread] Shutdown event was signaled in dequeue of UserBuffQEl3palm_detection_lite/conv25!
[2024-11-13 10:07:04.017] [189944] [HailoRT] [info] [queue_elements.cpp:54] [operator()] Thread in element PullQEl_hw_read3palm_detection_lite/conv25 is not running anymore, exiting..
[2024-11-13 10:07:04.017] [159140] [HailoRT] [info] [queue_elements.cpp:43] [~BaseQueueElement] Queue element PullQEl_hw_read3palm_detection_lite/conv25 has 0 frames in his Queue on destruction
[2024-11-13 10:07:04.017] [189945] [HailoRT] [info] [queue_elements.cpp:54] [operator()] Thread in element UserBuffQEl3palm_detection_lite/conv25 is not running anymore, exiting..
[2024-11-13 10:07:04.017] [159140] [HailoRT] [info] [queue_elements.cpp:43] [~BaseQueueElement] Queue element UserBuffQEl3palm_detection_lite/conv25 has 0 frames in his Queue on destruction
[2024-11-13 10:07:04.017] [189946] [HailoRT] [info] [queue_elements.cpp:690] [run_in_thread] Shutdown event was signaled in run_pull of queue element PullQEl_hw_read2palm_detection_lite/conv29!
[2024-11-13 10:07:04.017] [189947] [HailoRT] [info] [queue_elements.cpp:811] [run_in_thread] Shutdown event was signaled in dequeue of UserBuffQEl2palm_detection_lite/conv29!
[2024-11-13 10:07:04.017] [189946] [HailoRT] [info] [queue_elements.cpp:54] [operator()] Thread in element PullQEl_hw_read2palm_detection_lite/conv29 is not running anymore, exiting..
[2024-11-13 10:07:04.018] [159140] [HailoRT] [info] [queue_elements.cpp:43] [~BaseQueueElement] Queue element PullQEl_hw_read2palm_detection_lite/conv29 has 0 frames in his Queue on destruction
[2024-11-13 10:07:04.018] [189947] [HailoRT] [info] [queue_elements.cpp:54] [operator()] Thread in element UserBuffQEl2palm_detection_lite/conv29 is not running anymore, exiting..
[2024-11-13 10:07:04.018] [159140] [HailoRT] [info] [queue_elements.cpp:43] [~BaseQueueElement] Queue element UserBuffQEl2palm_detection_lite/conv29 has 0 frames in his Queue on destruction
[2024-11-13 10:07:04.018] [189949] [HailoRT] [info] [queue_elements.cpp:811] [run_in_thread] Shutdown event was signaled in dequeue of UserBuffQEl0palm_detection_lite/conv30!
[2024-11-13 10:07:04.018] [189948] [HailoRT] [info] [queue_elements.cpp:690] [run_in_thread] Shutdown event was signaled in run_pull of queue element PullQEl_hw_read0palm_detection_lite/conv30!
[2024-11-13 10:07:04.018] [189948] [HailoRT] [info] [queue_elements.cpp:54] [operator()] Thread in element PullQEl_hw_read0palm_detection_lite/conv30 is not running anymore, exiting..
[2024-11-13 10:07:04.018] [159140] [HailoRT] [info] [queue_elements.cpp:43] [~BaseQueueElement] Queue element PullQEl_hw_read0palm_detection_lite/conv30 has 0 frames in his Queue on destruction
[2024-11-13 10:07:04.018] [189949] [HailoRT] [info] [queue_elements.cpp:54] [operator()] Thread in element UserBuffQEl0palm_detection_lite/conv30 is not running anymore, exiting..
[2024-11-13 10:07:04.018] [159140] [HailoRT] [info] [queue_elements.cpp:43] [~BaseQueueElement] Queue element UserBuffQEl0palm_detection_lite/conv30 has 0 frames in his Queue on destruction
[2024-11-13 10:07:04.038] [159140] [HailoRT] [info] [edge_elements.cpp:52] [create] Created (HwWriteEl2palm_detection_lite/input_layer1 | hw_frame_size: 110592)
[2024-11-13 10:07:04.038] [159140] [HailoRT] [info] [vstream.cpp:754] [InputVStreamImpl] Creating palm_detection_lite/input_layer1...
[2024-11-13 10:07:04.038] [159140] [HailoRT] [info] [vstream_builder.cpp:102] [create_inputs] Input pipeline 'palm_detection_lite/input_layer1': (HwWriteEl2palm_detection_lite/input_layer1 | hw_frame_size: 110592) >> HW
[2024-11-13 10:07:04.038] [159140] [HailoRT] [info] [edge_elements.cpp:287] [create] Created (HwReadEl1palm_detection_lite/conv24 | hw_frame_size: 1152)
[2024-11-13 10:07:04.038] [159140] [HailoRT] [info] [queue_elements.cpp:613] [create] Created (PullQEl_hw_read1palm_detection_lite/conv24)
[2024-11-13 10:07:04.038] [159140] [HailoRT] [info] [filter_elements.cpp:360] [create] Created (PostInferEl1palm_detection_lite/conv24 | Quantization - src_type: UINT8, dst_type FLOAT32, limvals_min: -25.5854, limvals_max: 4.76007 | Reorder - src_order: FCR, src_shape: (12, 12, 8), dst_order: FCR, dst_shape: (12, 12, 6))
[2024-11-13 10:07:04.038] [159140] [HailoRT] [info] [queue_elements.cpp:756] [create] Created (UserBuffQEl1palm_detection_lite/conv24 | timeout: 10s)
[2024-11-13 10:07:04.038] [159140] [HailoRT] [info] [vstream.cpp:1107] [OutputVStreamImpl] Creating palm_detection_lite/conv24...
[2024-11-13 10:07:04.038] [159140] [HailoRT] [info] [vstream_builder.cpp:225] [create_outputs] Output pipeline 'palm_detection_lite/conv24': HW >> (HwReadEl1palm_detection_lite/conv24 | hw_frame_size: 1152) >> (PullQEl_hw_read1palm_detection_lite/conv24) >> (PostInferEl1palm_detection_lite/conv24 | Quantization - src_type: UINT8, dst_type FLOAT32, limvals_min: -25.5854, limvals_max: 4.76007 | Reorder - src_order: FCR, src_shape: (12, 12, 8), dst_order: FCR, dst_shape: (12, 12, 6)) >> (UserBuffQEl1palm_detection_lite/conv24 | timeout: 10s)
[2024-11-13 10:07:04.038] [159140] [HailoRT] [info] [edge_elements.cpp:287] [create] Created (HwReadEl3palm_detection_lite/conv25 | hw_frame_size: 16128)
[2024-11-13 10:07:04.038] [159140] [HailoRT] [info] [queue_elements.cpp:613] [create] Created (PullQEl_hw_read3palm_detection_lite/conv25)
[2024-11-13 10:07:04.038] [159140] [HailoRT] [info] [filter_elements.cpp:360] [create] Created (PostInferEl3palm_detection_lite/conv25 | Quantization - src_type: UINT8, dst_type FLOAT32, limvals_min: -75.2335, limvals_max: 140.323 | Reorder - src_order: FCR, src_shape: (12, 12, 112), dst_order: FCR, dst_shape: (12, 12, 108))
[2024-11-13 10:07:04.038] [159140] [HailoRT] [info] [queue_elements.cpp:756] [create] Created (UserBuffQEl3palm_detection_lite/conv25 | timeout: 10s)
[2024-11-13 10:07:04.038] [159140] [HailoRT] [info] [vstream.cpp:1107] [OutputVStreamImpl] Creating palm_detection_lite/conv25...
[2024-11-13 10:07:04.038] [159140] [HailoRT] [info] [vstream_builder.cpp:225] [create_outputs] Output pipeline 'palm_detection_lite/conv25': HW >> (HwReadEl3palm_detection_lite/conv25 | hw_frame_size: 16128) >> (PullQEl_hw_read3palm_detection_lite/conv25) >> (PostInferEl3palm_detection_lite/conv25 | Quantization - src_type: UINT8, dst_type FLOAT32, limvals_min: -75.2335, limvals_max: 140.323 | Reorder - src_order: FCR, src_shape: (12, 12, 112), dst_order: FCR, dst_shape: (12, 12, 108)) >> (UserBuffQEl3palm_detection_lite/conv25 | timeout: 10s)
[2024-11-13 10:07:04.038] [159140] [HailoRT] [info] [edge_elements.cpp:287] [create] Created (HwReadEl2palm_detection_lite/conv29 | hw_frame_size: 1152)
[2024-11-13 10:07:04.039] [159140] [HailoRT] [info] [queue_elements.cpp:613] [create] Created (PullQEl_hw_read2palm_detection_lite/conv29)
[2024-11-13 10:07:04.039] [159140] [HailoRT] [info] [filter_elements.cpp:360] [create] Created (PostInferEl2palm_detection_lite/conv29 | Quantization - src_type: UINT8, dst_type FLOAT32, limvals_min: -21.9402, limvals_max: 3.03637)
[2024-11-13 10:07:04.039] [159140] [HailoRT] [info] [queue_elements.cpp:756] [create] Created (UserBuffQEl2palm_detection_lite/conv29 | timeout: 10s)
[2024-11-13 10:07:04.039] [159140] [HailoRT] [info] [vstream.cpp:1107] [OutputVStreamImpl] Creating palm_detection_lite/conv29...
[2024-11-13 10:07:04.039] [159140] [HailoRT] [info] [vstream_builder.cpp:225] [create_outputs] Output pipeline 'palm_detection_lite/conv29': HW >> (HwReadEl2palm_detection_lite/conv29 | hw_frame_size: 1152) >> (PullQEl_hw_read2palm_detection_lite/conv29) >> (PostInferEl2palm_detection_lite/conv29 | Quantization - src_type: UINT8, dst_type FLOAT32, limvals_min: -21.9402, limvals_max: 3.03637) >> (UserBuffQEl2palm_detection_lite/conv29 | timeout: 10s)
[2024-11-13 10:07:04.039] [159140] [HailoRT] [info] [edge_elements.cpp:287] [create] Created (HwReadEl0palm_detection_lite/conv30 | hw_frame_size: 23040)
[2024-11-13 10:07:04.039] [159140] [HailoRT] [info] [queue_elements.cpp:613] [create] Created (PullQEl_hw_read0palm_detection_lite/conv30)
[2024-11-13 10:07:04.039] [159140] [HailoRT] [info] [filter_elements.cpp:360] [create] Created (PostInferEl0palm_detection_lite/conv30 | Quantization - src_type: UINT8, dst_type FLOAT32, limvals_min: -36.3947, limvals_max: 52.8423 | Reorder - src_order: FCR, src_shape: (24, 24, 40), dst_order: FCR, dst_shape: (24, 24, 36))
[2024-11-13 10:07:04.039] [159140] [HailoRT] [info] [queue_elements.cpp:756] [create] Created (UserBuffQEl0palm_detection_lite/conv30 | timeout: 10s)
[2024-11-13 10:07:04.039] [159140] [HailoRT] [info] [vstream.cpp:1107] [OutputVStreamImpl] Creating palm_detection_lite/conv30...
[2024-11-13 10:07:04.039] [159140] [HailoRT] [info] [vstream_builder.cpp:225] [create_outputs] Output pipeline 'palm_detection_lite/conv30': HW >> (HwReadEl0palm_detection_lite/conv30 | hw_frame_size: 23040) >> (PullQEl_hw_read0palm_detection_lite/conv30) >> (PostInferEl0palm_detection_lite/conv30 | Quantization - src_type: UINT8, dst_type FLOAT32, limvals_min: -36.3947, limvals_max: 52.8423 | Reorder - src_order: FCR, src_shape: (24, 24, 40), dst_order: FCR, dst_shape: (24, 24, 36)) >> (UserBuffQEl0palm_detection_lite/conv30 | timeout: 10s)
[2024-11-13 10:07:04.039] [159140] [HailoRT] [info] [core_op.cpp:156] [activate] Activating palm_detection_lite took 0.444332 milliseconds. Note that the function is asynchronous and thus the network is not fully activated yet.
[2024-11-13 10:07:04.039] [159140] [HailoRT] [info] [core_op.cpp:156] [activate] Activating palm_detection_lite took 0.462554 milliseconds. Note that the function is asynchronous and thus the network is not fully activated yet.
[2024-11-13 10:07:04.049] [189958] [HailoRT] [info] [vdevice_native_stream.cpp:331] [read_impl] Failed read from stream HAILO_STREAM_NOT_ACTIVATED(72) (device: 0000:01:00.0)
[2024-11-13 10:07:04.049] [189956] [HailoRT] [info] [vdevice_native_stream.cpp:331] [read_impl] Failed read from stream HAILO_STREAM_NOT_ACTIVATED(72) (device: 0000:01:00.0)
[2024-11-13 10:07:04.049] [189962] [HailoRT] [info] [vdevice_native_stream.cpp:331] [read_impl] Failed read from stream HAILO_STREAM_NOT_ACTIVATED(72) (device: 0000:01:00.0)
[2024-11-13 10:07:04.049] [189960] [HailoRT] [info] [vdevice_native_stream.cpp:331] [read_impl] Failed read from stream HAILO_STREAM_NOT_ACTIVATED(72) (device: 0000:01:00.0)
[2024-11-13 10:07:04.049] [159140] [HailoRT] [info] [core_op.cpp:186] [deactivate] Deactivating took 0.468739 ms
[2024-11-13 10:07:04.049] [159140] [HailoRT] [info] [core_op.cpp:186] [deactivate] Deactivating took 0.48235 ms
[2024-11-13 10:07:04.049] [189956] [HailoRT] [info] [queue_elements.cpp:690] [run_in_thread] Shutdown event was signaled in run_pull of queue element PullQEl_hw_read1palm_detection_lite/conv24!
[2024-11-13 10:07:04.049] [189957] [HailoRT] [info] [queue_elements.cpp:811] [run_in_thread] Shutdown event was signaled in dequeue of UserBuffQEl1palm_detection_lite/conv24!
[2024-11-13 10:07:04.049] [189956] [HailoRT] [info] [queue_elements.cpp:54] [operator()] Thread in element PullQEl_hw_read1palm_detection_lite/conv24 is not running anymore, exiting..
[2024-11-13 10:07:04.049] [159140] [HailoRT] [info] [queue_elements.cpp:43] [~BaseQueueElement] Queue element PullQEl_hw_read1palm_detection_lite/conv24 has 0 frames in his Queue on destruction
[2024-11-13 10:07:04.049] [189957] [HailoRT] [info] [queue_elements.cpp:54] [operator()] Thread in element UserBuffQEl1palm_detection_lite/conv24 is not running anymore, exiting..
[2024-11-13 10:07:04.049] [159140] [HailoRT] [info] [queue_elements.cpp:43] [~BaseQueueElement] Queue element UserBuffQEl1palm_detection_lite/conv24 has 0 frames in his Queue on destruction
[2024-11-13 10:07:04.049] [189958] [HailoRT] [info] [queue_elements.cpp:690] [run_in_thread] Shutdown event was signaled in run_pull of queue element PullQEl_hw_read3palm_detection_lite/conv25!
[2024-11-13 10:07:04.049] [189959] [HailoRT] [info] [queue_elements.cpp:811] [run_in_thread] Shutdown event was signaled in dequeue of UserBuffQEl3palm_detection_lite/conv25!
[2024-11-13 10:07:04.049] [189958] [HailoRT] [info] [queue_elements.cpp:54] [operator()] Thread in element PullQEl_hw_read3palm_detection_lite/conv25 is not running anymore, exiting..
[2024-11-13 10:07:04.049] [159140] [HailoRT] [info] [queue_elements.cpp:43] [~BaseQueueElement] Queue element PullQEl_hw_read3palm_detection_lite/conv25 has 0 frames in his Queue on destruction
[2024-11-13 10:07:04.049] [189959] [HailoRT] [info] [queue_elements.cpp:54] [operator()] Thread in element UserBuffQEl3palm_detection_lite/conv25 is not running anymore, exiting..
[2024-11-13 10:07:04.049] [159140] [HailoRT] [info] [queue_elements.cpp:43] [~BaseQueueElement] Queue element UserBuffQEl3palm_detection_lite/conv25 has 0 frames in his Queue on destruction
[2024-11-13 10:07:04.049] [189960] [HailoRT] [info] [queue_elements.cpp:690] [run_in_thread] Shutdown event was signaled in run_pull of queue element PullQEl_hw_read2palm_detection_lite/conv29!
[2024-11-13 10:07:04.049] [189961] [HailoRT] [info] [queue_elements.cpp:811] [run_in_thread] Shutdown event was signaled in dequeue of UserBuffQEl2palm_detection_lite/conv29!
[2024-11-13 10:07:04.049] [189960] [HailoRT] [info] [queue_elements.cpp:54] [operator()] Thread in element PullQEl_hw_read2palm_detection_lite/conv29 is not running anymore, exiting..
[2024-11-13 10:07:04.049] [159140] [HailoRT] [info] [queue_elements.cpp:43] [~BaseQueueElement] Queue element PullQEl_hw_read2palm_detection_lite/conv29 has 0 frames in his Queue on destruction
[2024-11-13 10:07:04.049] [189961] [HailoRT] [info] [queue_elements.cpp:54] [operator()] Thread in element UserBuffQEl2palm_detection_lite/conv29 is not running anymore, exiting..
[2024-11-13 10:07:04.049] [159140] [HailoRT] [info] [queue_elements.cpp:43] [~BaseQueueElement] Queue element UserBuffQEl2palm_detection_lite/conv29 has 0 frames in his Queue on destruction
[2024-11-13 10:07:04.049] [189963] [HailoRT] [info] [queue_elements.cpp:811] [run_in_thread] Shutdown event was signaled in dequeue of UserBuffQEl0palm_detection_lite/conv30!
[2024-11-13 10:07:04.049] [189962] [HailoRT] [info] [queue_elements.cpp:690] [run_in_thread] Shutdown event was signaled in run_pull of queue element PullQEl_hw_read0palm_detection_lite/conv30!
[2024-11-13 10:07:04.050] [189962] [HailoRT] [info] [queue_elements.cpp:54] [operator()] Thread in element PullQEl_hw_read0palm_detection_lite/conv30 is not running anymore, exiting..
[2024-11-13 10:07:04.050] [159140] [HailoRT] [info] [queue_elements.cpp:43] [~BaseQueueElement] Queue element PullQEl_hw_read0palm_detection_lite/conv30 has 0 frames in his Queue on destruction
[2024-11-13 10:07:04.050] [189963] [HailoRT] [info] [queue_elements.cpp:54] [operator()] Thread in element UserBuffQEl0palm_detection_lite/conv30 is not running anymore, exiting..
[2024-11-13 10:07:04.050] [159140] [HailoRT] [info] [queue_elements.cpp:43] [~BaseQueueElement] Queue element UserBuffQEl0palm_detection_lite/conv30 has 0 frames in his Queue on destruction
[2024-11-13 10:07:04.069] [159140] [HailoRT] [info] [edge_elements.cpp:52] [create] Created (HwWriteEl2palm_detection_lite/input_layer1 | hw_frame_size: 110592)
[2024-11-13 10:07:04.069] [159140] [HailoRT] [info] [vstream.cpp:754] [InputVStreamImpl] Creating palm_detection_lite/input_layer1...
[2024-11-13 10:07:04.069] [159140] [HailoRT] [info] [vstream_builder.cpp:102] [create_inputs] Input pipeline 'palm_detection_lite/input_layer1': (HwWriteEl2palm_detection_lite/input_layer1 | hw_frame_size: 110592) >> HW
[2024-11-13 10:07:04.069] [159140] [HailoRT] [info] [edge_elements.cpp:287] [create] Created (HwReadEl1palm_detection_lite/conv24 | hw_frame_size: 1152)
[2024-11-13 10:07:04.069] [159140] [HailoRT] [info] [queue_elements.cpp:613] [create] Created (PullQEl_hw_read1palm_detection_lite/conv24)
[2024-11-13 10:07:04.069] [159140] [HailoRT] [info] [filter_elements.cpp:360] [create] Created (PostInferEl1palm_detection_lite/conv24 | Quantization - src_type: UINT8, dst_type FLOAT32, limvals_min: -25.5854, limvals_max: 4.76007 | Reorder - src_order: FCR, src_shape: (12, 12, 8), dst_order: FCR, dst_shape: (12, 12, 6))
[2024-11-13 10:07:04.069] [159140] [HailoRT] [info] [queue_elements.cpp:756] [create] Created (UserBuffQEl1palm_detection_lite/conv24 | timeout: 10s)
[2024-11-13 10:07:04.069] [159140] [HailoRT] [info] [vstream.cpp:1107] [OutputVStreamImpl] Creating palm_detection_lite/conv24...
[2024-11-13 10:07:04.069] [159140] [HailoRT] [info] [vstream_builder.cpp:225] [create_outputs] Output pipeline 'palm_detection_lite/conv24': HW >> (HwReadEl1palm_detection_lite/conv24 | hw_frame_size: 1152) >> (PullQEl_hw_read1palm_detection_lite/conv24) >> (PostInferEl1palm_detection_lite/conv24 | Quantization - src_type: UINT8, dst_type FLOAT32, limvals_min: -25.5854, limvals_max: 4.76007 | Reorder - src_order: FCR, src_shape: (12, 12, 8), dst_order: FCR, dst_shape: (12, 12, 6)) >> (UserBuffQEl1palm_detection_lite/conv24 | timeout: 10s)
[2024-11-13 10:07:04.069] [159140] [HailoRT] [info] [edge_elements.cpp:287] [create] Created (HwReadEl3palm_detection_lite/conv25 | hw_frame_size: 16128)
[2024-11-13 10:07:04.069] [159140] [HailoRT] [info] [queue_elements.cpp:613] [create] Created (PullQEl_hw_read3palm_detection_lite/conv25)
[2024-11-13 10:07:04.069] [159140] [HailoRT] [info] [filter_elements.cpp:360] [create] Created (PostInferEl3palm_detection_lite/conv25 | Quantization - src_type: UINT8, dst_type FLOAT32, limvals_min: -75.2335, limvals_max: 140.323 | Reorder - src_order: FCR, src_shape: (12, 12, 112), dst_order: FCR, dst_shape: (12, 12, 108))
[2024-11-13 10:07:04.069] [159140] [HailoRT] [info] [queue_elements.cpp:756] [create] Created (UserBuffQEl3palm_detection_lite/conv25 | timeout: 10s)
[2024-11-13 10:07:04.069] [159140] [HailoRT] [info] [vstream.cpp:1107] [OutputVStreamImpl] Creating palm_detection_lite/conv25...
[2024-11-13 10:07:04.069] [159140] [HailoRT] [info] [vstream_builder.cpp:225] [create_outputs] Output pipeline 'palm_detection_lite/conv25': HW >> (HwReadEl3palm_detection_lite/conv25 | hw_frame_size: 16128) >> (PullQEl_hw_read3palm_detection_lite/conv25) >> (PostInferEl3palm_detection_lite/conv25 | Quantization - src_type: UINT8, dst_type FLOAT32, limvals_min: -75.2335, limvals_max: 140.323 | Reorder - src_order: FCR, src_shape: (12, 12, 112), dst_order: FCR, dst_shape: (12, 12, 108)) >> (UserBuffQEl3palm_detection_lite/conv25 | timeout: 10s)
[2024-11-13 10:07:04.069] [159140] [HailoRT] [info] [edge_elements.cpp:287] [create] Created (HwReadEl2palm_detection_lite/conv29 | hw_frame_size: 1152)
[2024-11-13 10:07:04.070] [159140] [HailoRT] [info] [queue_elements.cpp:613] [create] Created (PullQEl_hw_read2palm_detection_lite/conv29)
[2024-11-13 10:07:04.070] [159140] [HailoRT] [info] [filter_elements.cpp:360] [create] Created (PostInferEl2palm_detection_lite/conv29 | Quantization - src_type: UINT8, dst_type FLOAT32, limvals_min: -21.9402, limvals_max: 3.03637)
[2024-11-13 10:07:04.070] [159140] [HailoRT] [info] [queue_elements.cpp:756] [create] Created (UserBuffQEl2palm_detection_lite/conv29 | timeout: 10s)
[2024-11-13 10:07:04.070] [159140] [HailoRT] [info] [vstream.cpp:1107] [OutputVStreamImpl] Creating palm_detection_lite/conv29...
[2024-11-13 10:07:04.070] [159140] [HailoRT] [info] [vstream_builder.cpp:225] [create_outputs] Output pipeline 'palm_detection_lite/conv29': HW >> (HwReadEl2palm_detection_lite/conv29 | hw_frame_size: 1152) >> (PullQEl_hw_read2palm_detection_lite/conv29) >> (PostInferEl2palm_detection_lite/conv29 | Quantization - src_type: UINT8, dst_type FLOAT32, limvals_min: -21.9402, limvals_max: 3.03637) >> (UserBuffQEl2palm_detection_lite/conv29 | timeout: 10s)
[2024-11-13 10:07:04.070] [159140] [HailoRT] [info] [edge_elements.cpp:287] [create] Created (HwReadEl0palm_detection_lite/conv30 | hw_frame_size: 23040)
[2024-11-13 10:07:04.070] [159140] [HailoRT] [info] [queue_elements.cpp:613] [create] Created (PullQEl_hw_read0palm_detection_lite/conv30)
[2024-11-13 10:07:04.070] [159140] [HailoRT] [info] [filter_elements.cpp:360] [create] Created (PostInferEl0palm_detection_lite/conv30 | Quantization - src_type: UINT8, dst_type FLOAT32, limvals_min: -36.3947, limvals_max: 52.8423 | Reorder - src_order: FCR, src_shape: (24, 24, 40), dst_order: FCR, dst_shape: (24, 24, 36))
[2024-11-13 10:07:04.070] [159140] [HailoRT] [info] [queue_elements.cpp:756] [create] Created (UserBuffQEl0palm_detection_lite/conv30 | timeout: 10s)
[2024-11-13 10:07:04.070] [159140] [HailoRT] [info] [vstream.cpp:1107] [OutputVStreamImpl] Creating palm_detection_lite/conv30...
[2024-11-13 10:07:04.070] [159140] [HailoRT] [info] [vstream_builder.cpp:225] [create_outputs] Output pipeline 'palm_detection_lite/conv30': HW >> (HwReadEl0palm_detection_lite/conv30 | hw_frame_size: 23040) >> (PullQEl_hw_read0palm_detection_lite/conv30) >> (PostInferEl0palm_detection_lite/conv30 | Quantization - src_type: UINT8, dst_type FLOAT32, limvals_min: -36.3947, limvals_max: 52.8423 | Reorder - src_order: FCR, src_shape: (24, 24, 40), dst_order: FCR, dst_shape: (24, 24, 36)) >> (UserBuffQEl0palm_detection_lite/conv30 | timeout: 10s)
[2024-11-13 10:07:04.070] [159140] [HailoRT] [info] [core_op.cpp:156] [activate] Activating palm_detection_lite took 0.432443 milliseconds. Note that the function is asynchronous and thus the network is not fully activated yet.
[2024-11-13 10:07:04.070] [159140] [HailoRT] [info] [core_op.cpp:156] [activate] Activating palm_detection_lite took 0.448665 milliseconds. Note that the function is asynchronous and thus the network is not fully activated yet.
[2024-11-13 10:07:04.080] [189973] [HailoRT] [info] [vdevice_native_stream.cpp:331] [read_impl] Failed read from stream HAILO_STREAM_NOT_ACTIVATED(72) (device: 0000:01:00.0)
[2024-11-13 10:07:04.080] [189975] [HailoRT] [info] [vdevice_native_stream.cpp:331] [read_impl] Failed read from stream HAILO_STREAM_NOT_ACTIVATED(72) (device: 0000:01:00.0)
[2024-11-13 10:07:04.080] [189969] [HailoRT] [info] [vdevice_native_stream.cpp:331] [read_impl] Failed read from stream HAILO_STREAM_NOT_ACTIVATED(72) (device: 0000:01:00.0)
[2024-11-13 10:07:04.080] [189971] [HailoRT] [info] [vdevice_native_stream.cpp:331] [read_impl] Failed read from stream HAILO_STREAM_NOT_ACTIVATED(72) (device: 0000:01:00.0)
[2024-11-13 10:07:04.080] [159140] [HailoRT] [info] [core_op.cpp:186] [deactivate] Deactivating took 0.472442 ms
[2024-11-13 10:07:04.080] [159140] [HailoRT] [info] [core_op.cpp:186] [deactivate] Deactivating took 0.486054 ms
[2024-11-13 10:07:04.080] [189969] [HailoRT] [info] [queue_elements.cpp:690] [run_in_thread] Shutdown event was signaled in run_pull of queue element PullQEl_hw_read1palm_detection_lite/conv24!
[2024-11-13 10:07:04.080] [189970] [HailoRT] [info] [queue_elements.cpp:811] [run_in_thread] Shutdown event was signaled in dequeue of UserBuffQEl1palm_detection_lite/conv24!
[2024-11-13 10:07:04.080] [189969] [HailoRT] [info] [queue_elements.cpp:54] [operator()] Thread in element PullQEl_hw_read1palm_detection_lite/conv24 is not running anymore, exiting..
[2024-11-13 10:07:04.080] [159140] [HailoRT] [info] [queue_elements.cpp:43] [~BaseQueueElement] Queue element PullQEl_hw_read1palm_detection_lite/conv24 has 0 frames in his Queue on destruction
[2024-11-13 10:07:04.080] [189970] [HailoRT] [info] [queue_elements.cpp:54] [operator()] Thread in element UserBuffQEl1palm_detection_lite/conv24 is not running anymore, exiting..
[2024-11-13 10:07:04.080] [159140] [HailoRT] [info] [queue_elements.cpp:43] [~BaseQueueElement] Queue element UserBuffQEl1palm_detection_lite/conv24 has 0 frames in his Queue on destruction
[2024-11-13 10:07:04.080] [189971] [HailoRT] [info] [queue_elements.cpp:690] [run_in_thread] Shutdown event was signaled in run_pull of queue element PullQEl_hw_read3palm_detection_lite/conv25!
[2024-11-13 10:07:04.080] [189972] [HailoRT] [info] [queue_elements.cpp:811] [run_in_thread] Shutdown event was signaled in dequeue of UserBuffQEl3palm_detection_lite/conv25!
[2024-11-13 10:07:04.080] [189971] [HailoRT] [info] [queue_elements.cpp:54] [operator()] Thread in element PullQEl_hw_read3palm_detection_lite/conv25 is not running anymore, exiting..
[2024-11-13 10:07:04.080] [159140] [HailoRT] [info] [queue_elements.cpp:43] [~BaseQueueElement] Queue element PullQEl_hw_read3palm_detection_lite/conv25 has 0 frames in his Queue on destruction
[2024-11-13 10:07:04.080] [189972] [HailoRT] [info] [queue_elements.cpp:54] [operator()] Thread in element UserBuffQEl3palm_detection_lite/conv25 is not running anymore, exiting..
[2024-11-13 10:07:04.080] [159140] [HailoRT] [info] [queue_elements.cpp:43] [~BaseQueueElement] Queue element UserBuffQEl3palm_detection_lite/conv25 has 0 frames in his Queue on destruction
[2024-11-13 10:07:04.080] [189973] [HailoRT] [info] [queue_elements.cpp:690] [run_in_thread] Shutdown event was signaled in run_pull of queue element PullQEl_hw_read2palm_detection_lite/conv29!
[2024-11-13 10:07:04.080] [189974] [HailoRT] [info] [queue_elements.cpp:811] [run_in_thread] Shutdown event was signaled in dequeue of UserBuffQEl2palm_detection_lite/conv29!
[2024-11-13 10:07:04.080] [189973] [HailoRT] [info] [queue_elements.cpp:54] [operator()] Thread in element PullQEl_hw_read2palm_detection_lite/conv29 is not running anymore, exiting..
[2024-11-13 10:07:04.080] [159140] [HailoRT] [info] [queue_elements.cpp:43] [~BaseQueueElement] Queue element PullQEl_hw_read2palm_detection_lite/conv29 has 0 frames in his Queue on destruction
[2024-11-13 10:07:04.080] [189974] [HailoRT] [info] [queue_elements.cpp:54] [operator()] Thread in element UserBuffQEl2palm_detection_lite/conv29 is not running anymore, exiting..
[2024-11-13 10:07:04.081] [159140] [HailoRT] [info] [queue_elements.cpp:43] [~BaseQueueElement] Queue element UserBuffQEl2palm_detection_lite/conv29 has 0 frames in his Queue on destruction
[2024-11-13 10:07:04.081] [189975] [HailoRT] [info] [queue_elements.cpp:690] [run_in_thread] Shutdown event was signaled in run_pull of queue element PullQEl_hw_read0palm_detection_lite/conv30!
[2024-11-13 10:07:04.081] [189976] [HailoRT] [info] [queue_elements.cpp:811] [run_in_thread] Shutdown event was signaled in dequeue of UserBuffQEl0palm_detection_lite/conv30!
[2024-11-13 10:07:04.081] [189975] [HailoRT] [info] [queue_elements.cpp:54] [operator()] Thread in element PullQEl_hw_read0palm_detection_lite/conv30 is not running anymore, exiting..
[2024-11-13 10:07:04.081] [159140] [HailoRT] [info] [queue_elements.cpp:43] [~BaseQueueElement] Queue element PullQEl_hw_read0palm_detection_lite/conv30 has 0 frames in his Queue on destruction
[2024-11-13 10:07:04.081] [189976] [HailoRT] [info] [queue_elements.cpp:54] [operator()] Thread in element UserBuffQEl0palm_detection_lite/conv30 is not running anymore, exiting..
[2024-11-13 10:07:04.081] [159140] [HailoRT] [info] [queue_elements.cpp:43] [~BaseQueueElement] Queue element UserBuffQEl0palm_detection_lite/conv30 has 0 frames in his Queue on destruction
[2024-11-13 10:07:04.105] [159140] [HailoRT] [info] [edge_elements.cpp:52] [create] Created (HwWriteEl2palm_detection_lite/input_layer1 | hw_frame_size: 110592)
[2024-11-13 10:07:04.106] [159140] [HailoRT] [info] [vstream.cpp:754] [InputVStreamImpl] Creating palm_detection_lite/input_layer1...
[2024-11-13 10:07:04.106] [159140] [HailoRT] [info] [vstream_builder.cpp:102] [create_inputs] Input pipeline 'palm_detection_lite/input_layer1': (HwWriteEl2palm_detection_lite/input_layer1 | hw_frame_size: 110592) >> HW
[2024-11-13 10:07:04.106] [159140] [HailoRT] [info] [edge_elements.cpp:287] [create] Created (HwReadEl1palm_detection_lite/conv24 | hw_frame_size: 1152)
[2024-11-13 10:07:04.106] [159140] [HailoRT] [info] [queue_elements.cpp:613] [create] Created (PullQEl_hw_read1palm_detection_lite/conv24)
[2024-11-13 10:07:04.106] [159140] [HailoRT] [info] [filter_elements.cpp:360] [create] Created (PostInferEl1palm_detection_lite/conv24 | Quantization - src_type: UINT8, dst_type FLOAT32, limvals_min: -25.5854, limvals_max: 4.76007 | Reorder - src_order: FCR, src_shape: (12, 12, 8), dst_order: FCR, dst_shape: (12, 12, 6))
[2024-11-13 10:07:04.106] [159140] [HailoRT] [info] [queue_elements.cpp:756] [create] Created (UserBuffQEl1palm_detection_lite/conv24 | timeout: 10s)
[2024-11-13 10:07:04.106] [159140] [HailoRT] [info] [vstream.cpp:1107] [OutputVStreamImpl] Creating palm_detection_lite/conv24...
[2024-11-13 10:07:04.106] [159140] [HailoRT] [info] [vstream_builder.cpp:225] [create_outputs] Output pipeline 'palm_detection_lite/conv24': HW >> (HwReadEl1palm_detection_lite/conv24 | hw_frame_size: 1152) >> (PullQEl_hw_read1palm_detection_lite/conv24) >> (PostInferEl1palm_detection_lite/conv24 | Quantization - src_type: UINT8, dst_type FLOAT32, limvals_min: -25.5854, limvals_max: 4.76007 | Reorder - src_order: FCR, src_shape: (12, 12, 8), dst_order: FCR, dst_shape: (12, 12, 6)) >> (UserBuffQEl1palm_detection_lite/conv24 | timeout: 10s)
[2024-11-13 10:07:04.106] [159140] [HailoRT] [info] [edge_elements.cpp:287] [create] Created (HwReadEl3palm_detection_lite/conv25 | hw_frame_size: 16128)
[2024-11-13 10:07:04.106] [159140] [HailoRT] [info] [queue_elements.cpp:613] [create] Created (PullQEl_hw_read3palm_detection_lite/conv25)
[2024-11-13 10:07:04.106] [159140] [HailoRT] [info] [filter_elements.cpp:360] [create] Created (PostInferEl3palm_detection_lite/conv25 | Quantization - src_type: UINT8, dst_type FLOAT32, limvals_min: -75.2335, limvals_max: 140.323 | Reorder - src_order: FCR, src_shape: (12, 12, 112), dst_order: FCR, dst_shape: (12, 12, 108))
[2024-11-13 10:07:04.106] [159140] [HailoRT] [info] [queue_elements.cpp:756] [create] Created (UserBuffQEl3palm_detection_lite/conv25 | timeout: 10s)
[2024-11-13 10:07:04.106] [159140] [HailoRT] [info] [vstream.cpp:1107] [OutputVStreamImpl] Creating palm_detection_lite/conv25...
[2024-11-13 10:07:04.106] [159140] [HailoRT] [info] [vstream_builder.cpp:225] [create_outputs] Output pipeline 'palm_detection_lite/conv25': HW >> (HwReadEl3palm_detection_lite/conv25 | hw_frame_size: 16128) >> (PullQEl_hw_read3palm_detection_lite/conv25) >> (PostInferEl3palm_detection_lite/conv25 | Quantization - src_type: UINT8, dst_type FLOAT32, limvals_min: -75.2335, limvals_max: 140.323 | Reorder - src_order: FCR, src_shape: (12, 12, 112), dst_order: FCR, dst_shape: (12, 12, 108)) >> (UserBuffQEl3palm_detection_lite/conv25 | timeout: 10s)
[2024-11-13 10:07:04.106] [159140] [HailoRT] [info] [edge_elements.cpp:287] [create] Created (HwReadEl2palm_detection_lite/conv29 | hw_frame_size: 1152)
[2024-11-13 10:07:04.106] [159140] [HailoRT] [info] [queue_elements.cpp:613] [create] Created (PullQEl_hw_read2palm_detection_lite/conv29)
[2024-11-13 10:07:04.106] [159140] [HailoRT] [info] [filter_elements.cpp:360] [create] Created (PostInferEl2palm_detection_lite/conv29 | Quantization - src_type: UINT8, dst_type FLOAT32, limvals_min: -21.9402, limvals_max: 3.03637)
[2024-11-13 10:07:04.106] [159140] [HailoRT] [info] [queue_elements.cpp:756] [create] Created (UserBuffQEl2palm_detection_lite/conv29 | timeout: 10s)
[2024-11-13 10:07:04.106] [159140] [HailoRT] [info] [vstream.cpp:1107] [OutputVStreamImpl] Creating palm_detection_lite/conv29...
[2024-11-13 10:07:04.106] [159140] [HailoRT] [info] [vstream_builder.cpp:225] [create_outputs] Output pipeline 'palm_detection_lite/conv29': HW >> (HwReadEl2palm_detection_lite/conv29 | hw_frame_size: 1152) >> (PullQEl_hw_read2palm_detection_lite/conv29) >> (PostInferEl2palm_detection_lite/conv29 | Quantization - src_type: UINT8, dst_type FLOAT32, limvals_min: -21.9402, limvals_max: 3.03637) >> (UserBuffQEl2palm_detection_lite/conv29 | timeout: 10s)
[2024-11-13 10:07:04.106] [159140] [HailoRT] [info] [edge_elements.cpp:287] [create] Created (HwReadEl0palm_detection_lite/conv30 | hw_frame_size: 23040)
[2024-11-13 10:07:04.106] [159140] [HailoRT] [info] [queue_elements.cpp:613] [create] Created (PullQEl_hw_read0palm_detection_lite/conv30)
[2024-11-13 10:07:04.106] [159140] [HailoRT] [info] [filter_elements.cpp:360] [create] Created (PostInferEl0palm_detection_lite/conv30 | Quantization - src_type: UINT8, dst_type FLOAT32, limvals_min: -36.3947, limvals_max: 52.8423 | Reorder - src_order: FCR, src_shape: (24, 24, 40), dst_order: FCR, dst_shape: (24, 24, 36))
[2024-11-13 10:07:04.107] [159140] [HailoRT] [info] [queue_elements.cpp:756] [create] Created (UserBuffQEl0palm_detection_lite/conv30 | timeout: 10s)
[2024-11-13 10:07:04.107] [159140] [HailoRT] [info] [vstream.cpp:1107] [OutputVStreamImpl] Creating palm_detection_lite/conv30...
[2024-11-13 10:07:04.107] [159140] [HailoRT] [info] [vstream_builder.cpp:225] [create_outputs] Output pipeline 'palm_detection_lite/conv30': HW >> (HwReadEl0palm_detection_lite/conv30 | hw_frame_size: 23040) >> (PullQEl_hw_read0palm_detection_lite/conv30) >> (PostInferEl0palm_detection_lite/conv30 | Quantization - src_type: UINT8, dst_type FLOAT32, limvals_min: -36.3947, limvals_max: 52.8423 | Reorder - src_order: FCR, src_shape: (24, 24, 40), dst_order: FCR, dst_shape: (24, 24, 36)) >> (UserBuffQEl0palm_detection_lite/conv30 | timeout: 10s)
[2024-11-13 10:07:04.107] [159140] [HailoRT] [info] [core_op.cpp:156] [activate] Activating palm_detection_lite took 0.35048 milliseconds. Note that the function is asynchronous and thus the network is not fully activated yet.
[2024-11-13 10:07:04.107] [159140] [HailoRT] [info] [core_op.cpp:156] [activate] Activating palm_detection_lite took 0.360795 milliseconds. Note that the function is asynchronous and thus the network is not fully activated yet.
[2024-11-13 10:07:04.116] [189986] [HailoRT] [info] [vdevice_native_stream.cpp:331] [read_impl] Failed read from stream HAILO_STREAM_NOT_ACTIVATED(72) (device: 0000:01:00.0)
[2024-11-13 10:07:04.116] [189988] [HailoRT] [info] [vdevice_native_stream.cpp:331] [read_impl] Failed read from stream HAILO_STREAM_NOT_ACTIVATED(72) (device: 0000:01:00.0)
[2024-11-13 10:07:04.116] [189982] [HailoRT] [info] [vdevice_native_stream.cpp:331] [read_impl] Failed read from stream HAILO_STREAM_NOT_ACTIVATED(72) (device: 0000:01:00.0)
[2024-11-13 10:07:04.116] [189984] [HailoRT] [info] [vdevice_native_stream.cpp:331] [read_impl] Failed read from stream HAILO_STREAM_NOT_ACTIVATED(72) (device: 0000:01:00.0)
[2024-11-13 10:07:04.117] [159140] [HailoRT] [info] [core_op.cpp:186] [deactivate] Deactivating took 0.47322 ms
[2024-11-13 10:07:04.117] [159140] [HailoRT] [info] [core_op.cpp:186] [deactivate] Deactivating took 0.485628 ms
[2024-11-13 10:07:04.117] [189982] [HailoRT] [info] [queue_elements.cpp:690] [run_in_thread] Shutdown event was signaled in run_pull of queue element PullQEl_hw_read1palm_detection_lite/conv24!
[2024-11-13 10:07:04.117] [189983] [HailoRT] [info] [queue_elements.cpp:811] [run_in_thread] Shutdown event was signaled in dequeue of UserBuffQEl1palm_detection_lite/conv24!
[2024-11-13 10:07:04.117] [189982] [HailoRT] [info] [queue_elements.cpp:54] [operator()] Thread in element PullQEl_hw_read1palm_detection_lite/conv24 is not running anymore, exiting..
[2024-11-13 10:07:04.117] [159140] [HailoRT] [info] [queue_elements.cpp:43] [~BaseQueueElement] Queue element PullQEl_hw_read1palm_detection_lite/conv24 has 0 frames in his Queue on destruction
[2024-11-13 10:07:04.117] [189983] [HailoRT] [info] [queue_elements.cpp:54] [operator()] Thread in element UserBuffQEl1palm_detection_lite/conv24 is not running anymore, exiting..
[2024-11-13 10:07:04.117] [159140] [HailoRT] [info] [queue_elements.cpp:43] [~BaseQueueElement] Queue element UserBuffQEl1palm_detection_lite/conv24 has 0 frames in his Queue on destruction
[2024-11-13 10:07:04.117] [189984] [HailoRT] [info] [queue_elements.cpp:690] [run_in_thread] Shutdown event was signaled in run_pull of queue element PullQEl_hw_read3palm_detection_lite/conv25!
[2024-11-13 10:07:04.117] [189985] [HailoRT] [info] [queue_elements.cpp:811] [run_in_thread] Shutdown event was signaled in dequeue of UserBuffQEl3palm_detection_lite/conv25!
[2024-11-13 10:07:04.117] [189984] [HailoRT] [info] [queue_elements.cpp:54] [operator()] Thread in element PullQEl_hw_read3palm_detection_lite/conv25 is not running anymore, exiting..
[2024-11-13 10:07:04.117] [159140] [HailoRT] [info] [queue_elements.cpp:43] [~BaseQueueElement] Queue element PullQEl_hw_read3palm_detection_lite/conv25 has 0 frames in his Queue on destruction
[2024-11-13 10:07:04.117] [189985] [HailoRT] [info] [queue_elements.cpp:54] [operator()] Thread in element UserBuffQEl3palm_detection_lite/conv25 is not running anymore, exiting..
[2024-11-13 10:07:04.117] [159140] [HailoRT] [info] [queue_elements.cpp:43] [~BaseQueueElement] Queue element UserBuffQEl3palm_detection_lite/conv25 has 0 frames in his Queue on destruction
[2024-11-13 10:07:04.117] [189986] [HailoRT] [info] [queue_elements.cpp:690] [run_in_thread] Shutdown event was signaled in run_pull of queue element PullQEl_hw_read2palm_detection_lite/conv29!
[2024-11-13 10:07:04.117] [189987] [HailoRT] [info] [queue_elements.cpp:811] [run_in_thread] Shutdown event was signaled in dequeue of UserBuffQEl2palm_detection_lite/conv29!
[2024-11-13 10:07:04.117] [189986] [HailoRT] [info] [queue_elements.cpp:54] [operator()] Thread in element PullQEl_hw_read2palm_detection_lite/conv29 is not running anymore, exiting..
[2024-11-13 10:07:04.117] [159140] [HailoRT] [info] [queue_elements.cpp:43] [~BaseQueueElement] Queue element PullQEl_hw_read2palm_detection_lite/conv29 has 0 frames in his Queue on destruction
[2024-11-13 10:07:04.117] [189987] [HailoRT] [info] [queue_elements.cpp:54] [operator()] Thread in element UserBuffQEl2palm_detection_lite/conv29 is not running anymore, exiting..
[2024-11-13 10:07:04.117] [159140] [HailoRT] [info] [queue_elements.cpp:43] [~BaseQueueElement] Queue element UserBuffQEl2palm_detection_lite/conv29 has 0 frames in his Queue on destruction
[2024-11-13 10:07:04.117] [189988] [HailoRT] [info] [queue_elements.cpp:690] [run_in_thread] Shutdown event was signaled in run_pull of queue element PullQEl_hw_read0palm_detection_lite/conv30!
[2024-11-13 10:07:04.117] [189989] [HailoRT] [info] [queue_elements.cpp:811] [run_in_thread] Shutdown event was signaled in dequeue of UserBuffQEl0palm_detection_lite/conv30!
[2024-11-13 10:07:04.117] [189988] [HailoRT] [info] [queue_elements.cpp:54] [operator()] Thread in element PullQEl_hw_read0palm_detection_lite/conv30 is not running anymore, exiting..
[2024-11-13 10:07:04.117] [159140] [HailoRT] [info] [queue_elements.cpp:43] [~BaseQueueElement] Queue element PullQEl_hw_read0palm_detection_lite/conv30 has 0 frames in his Queue on destruction
[2024-11-13 10:07:04.117] [189989] [HailoRT] [info] [queue_elements.cpp:54] [operator()] Thread in element UserBuffQEl0palm_detection_lite/conv30 is not running anymore, exiting..
[2024-11-13 10:07:04.117] [159140] [HailoRT] [info] [queue_elements.cpp:43] [~BaseQueueElement] Queue element UserBuffQEl0palm_detection_lite/conv30 has 0 frames in his Queue on destruction
[2024-11-13 10:07:04.137] [159140] [HailoRT] [info] [edge_elements.cpp:52] [create] Created (HwWriteEl2palm_detection_lite/input_layer1 | hw_frame_size: 110592)
[2024-11-13 10:07:04.137] [159140] [HailoRT] [info] [vstream.cpp:754] [InputVStreamImpl] Creating palm_detection_lite/input_layer1...
[2024-11-13 10:07:04.137] [159140] [HailoRT] [info] [vstream_builder.cpp:102] [create_inputs] Input pipeline 'palm_detection_lite/input_layer1': (HwWriteEl2palm_detection_lite/input_layer1 | hw_frame_size: 110592) >> HW
[2024-11-13 10:07:04.138] [159140] [HailoRT] [info] [edge_elements.cpp:287] [create] Created (HwReadEl1palm_detection_lite/conv24 | hw_frame_size: 1152)
[2024-11-13 10:07:04.138] [159140] [HailoRT] [info] [queue_elements.cpp:613] [create] Created (PullQEl_hw_read1palm_detection_lite/conv24)
[2024-11-13 10:07:04.138] [159140] [HailoRT] [info] [filter_elements.cpp:360] [create] Created (PostInferEl1palm_detection_lite/conv24 | Quantization - src_type: UINT8, dst_type FLOAT32, limvals_min: -25.5854, limvals_max: 4.76007 | Reorder - src_order: FCR, src_shape: (12, 12, 8), dst_order: FCR, dst_shape: (12, 12, 6))
[2024-11-13 10:07:04.138] [159140] [HailoRT] [info] [queue_elements.cpp:756] [create] Created (UserBuffQEl1palm_detection_lite/conv24 | timeout: 10s)
[2024-11-13 10:07:04.138] [159140] [HailoRT] [info] [vstream.cpp:1107] [OutputVStreamImpl] Creating palm_detection_lite/conv24...
[2024-11-13 10:07:04.138] [159140] [HailoRT] [info] [vstream_builder.cpp:225] [create_outputs] Output pipeline 'palm_detection_lite/conv24': HW >> (HwReadEl1palm_detection_lite/conv24 | hw_frame_size: 1152) >> (PullQEl_hw_read1palm_detection_lite/conv24) >> (PostInferEl1palm_detection_lite/conv24 | Quantization - src_type: UINT8, dst_type FLOAT32, limvals_min: -25.5854, limvals_max: 4.76007 | Reorder - src_order: FCR, src_shape: (12, 12, 8), dst_order: FCR, dst_shape: (12, 12, 6)) >> (UserBuffQEl1palm_detection_lite/conv24 | timeout: 10s)
[2024-11-13 10:07:04.138] [159140] [HailoRT] [info] [edge_elements.cpp:287] [create] Created (HwReadEl3palm_detection_lite/conv25 | hw_frame_size: 16128)
[2024-11-13 10:07:04.138] [159140] [HailoRT] [info] [queue_elements.cpp:613] [create] Created (PullQEl_hw_read3palm_detection_lite/conv25)
[2024-11-13 10:07:04.138] [159140] [HailoRT] [info] [filter_elements.cpp:360] [create] Created (PostInferEl3palm_detection_lite/conv25 | Quantization - src_type: UINT8, dst_type FLOAT32, limvals_min: -75.2335, limvals_max: 140.323 | Reorder - src_order: FCR, src_shape: (12, 12, 112), dst_order: FCR, dst_shape: (12, 12, 108))
[2024-11-13 10:07:04.138] [159140] [HailoRT] [info] [queue_elements.cpp:756] [create] Created (UserBuffQEl3palm_detection_lite/conv25 | timeout: 10s)
[2024-11-13 10:07:04.138] [159140] [HailoRT] [info] [vstream.cpp:1107] [OutputVStreamImpl] Creating palm_detection_lite/conv25...
[2024-11-13 10:07:04.138] [159140] [HailoRT] [info] [vstream_builder.cpp:225] [create_outputs] Output pipeline 'palm_detection_lite/conv25': HW >> (HwReadEl3palm_detection_lite/conv25 | hw_frame_size: 16128) >> (PullQEl_hw_read3palm_detection_lite/conv25) >> (PostInferEl3palm_detection_lite/conv25 | Quantization - src_type: UINT8, dst_type FLOAT32, limvals_min: -75.2335, limvals_max: 140.323 | Reorder - src_order: FCR, src_shape: (12, 12, 112), dst_order: FCR, dst_shape: (12, 12, 108)) >> (UserBuffQEl3palm_detection_lite/conv25 | timeout: 10s)
[2024-11-13 10:07:04.138] [159140] [HailoRT] [info] [edge_elements.cpp:287] [create] Created (HwReadEl2palm_detection_lite/conv29 | hw_frame_size: 1152)
[2024-11-13 10:07:04.138] [159140] [HailoRT] [info] [queue_elements.cpp:613] [create] Created (PullQEl_hw_read2palm_detection_lite/conv29)
[2024-11-13 10:07:04.138] [159140] [HailoRT] [info] [filter_elements.cpp:360] [create] Created (PostInferEl2palm_detection_lite/conv29 | Quantization - src_type: UINT8, dst_type FLOAT32, limvals_min: -21.9402, limvals_max: 3.03637)
[2024-11-13 10:07:04.138] [159140] [HailoRT] [info] [queue_elements.cpp:756] [create] Created (UserBuffQEl2palm_detection_lite/conv29 | timeout: 10s)
[2024-11-13 10:07:04.138] [159140] [HailoRT] [info] [vstream.cpp:1107] [OutputVStreamImpl] Creating palm_detection_lite/conv29...
[2024-11-13 10:07:04.138] [159140] [HailoRT] [info] [vstream_builder.cpp:225] [create_outputs] Output pipeline 'palm_detection_lite/conv29': HW >> (HwReadEl2palm_detection_lite/conv29 | hw_frame_size: 1152) >> (PullQEl_hw_read2palm_detection_lite/conv29) >> (PostInferEl2palm_detection_lite/conv29 | Quantization - src_type: UINT8, dst_type FLOAT32, limvals_min: -21.9402, limvals_max: 3.03637) >> (UserBuffQEl2palm_detection_lite/conv29 | timeout: 10s)
[2024-11-13 10:07:04.138] [159140] [HailoRT] [info] [edge_elements.cpp:287] [create] Created (HwReadEl0palm_detection_lite/conv30 | hw_frame_size: 23040)
[2024-11-13 10:07:04.138] [159140] [HailoRT] [info] [queue_elements.cpp:613] [create] Created (PullQEl_hw_read0palm_detection_lite/conv30)
[2024-11-13 10:07:04.138] [159140] [HailoRT] [info] [filter_elements.cpp:360] [create] Created (PostInferEl0palm_detection_lite/conv30 | Quantization - src_type: UINT8, dst_type FLOAT32, limvals_min: -36.3947, limvals_max: 52.8423 | Reorder - src_order: FCR, src_shape: (24, 24, 40), dst_order: FCR, dst_shape: (24, 24, 36))
[2024-11-13 10:07:04.139] [159140] [HailoRT] [info] [queue_elements.cpp:756] [create] Created (UserBuffQEl0palm_detection_lite/conv30 | timeout: 10s)
[2024-11-13 10:07:04.139] [159140] [HailoRT] [info] [vstream.cpp:1107] [OutputVStreamImpl] Creating palm_detection_lite/conv30...
[2024-11-13 10:07:04.139] [159140] [HailoRT] [info] [vstream_builder.cpp:225] [create_outputs] Output pipeline 'palm_detection_lite/conv30': HW >> (HwReadEl0palm_detection_lite/conv30 | hw_frame_size: 23040) >> (PullQEl_hw_read0palm_detection_lite/conv30) >> (PostInferEl0palm_detection_lite/conv30 | Quantization - src_type: UINT8, dst_type FLOAT32, limvals_min: -36.3947, limvals_max: 52.8423 | Reorder - src_order: FCR, src_shape: (24, 24, 40), dst_order: FCR, dst_shape: (24, 24, 36)) >> (UserBuffQEl0palm_detection_lite/conv30 | timeout: 10s)
[2024-11-13 10:07:04.139] [159140] [HailoRT] [info] [core_op.cpp:156] [activate] Activating palm_detection_lite took 0.445795 milliseconds. Note that the function is asynchronous and thus the network is not fully activated yet.
[2024-11-13 10:07:04.139] [159140] [HailoRT] [info] [core_op.cpp:156] [activate] Activating palm_detection_lite took 0.462443 milliseconds. Note that the function is asynchronous and thus the network is not fully activated yet.
[2024-11-13 10:07:04.148] [189999] [HailoRT] [info] [vdevice_native_stream.cpp:331] [read_impl] Failed read from stream HAILO_STREAM_NOT_ACTIVATED(72) (device: 0000:01:00.0)
[2024-11-13 10:07:04.148] [189997] [HailoRT] [info] [vdevice_native_stream.cpp:331] [read_impl] Failed read from stream HAILO_STREAM_NOT_ACTIVATED(72) (device: 0000:01:00.0)
[2024-11-13 10:07:04.148] [190001] [HailoRT] [info] [vdevice_native_stream.cpp:331] [read_impl] Failed read from stream HAILO_STREAM_NOT_ACTIVATED(72) (device: 0000:01:00.0)
[2024-11-13 10:07:04.148] [189995] [HailoRT] [info] [vdevice_native_stream.cpp:331] [read_impl] Failed read from stream HAILO_STREAM_NOT_ACTIVATED(72) (device: 0000:01:00.0)
[2024-11-13 10:07:04.149] [159140] [HailoRT] [info] [core_op.cpp:186] [deactivate] Deactivating took 0.467609 ms
[2024-11-13 10:07:04.149] [159140] [HailoRT] [info] [core_op.cpp:186] [deactivate] Deactivating took 0.480757 ms
[2024-11-13 10:07:04.149] [189995] [HailoRT] [info] [queue_elements.cpp:690] [run_in_thread] Shutdown event was signaled in run_pull of queue element PullQEl_hw_read1palm_detection_lite/conv24!
[2024-11-13 10:07:04.149] [189996] [HailoRT] [info] [queue_elements.cpp:811] [run_in_thread] Shutdown event was signaled in dequeue of UserBuffQEl1palm_detection_lite/conv24!
[2024-11-13 10:07:04.149] [189995] [HailoRT] [info] [queue_elements.cpp:54] [operator()] Thread in element PullQEl_hw_read1palm_detection_lite/conv24 is not running anymore, exiting..
[2024-11-13 10:07:04.149] [159140] [HailoRT] [info] [queue_elements.cpp:43] [~BaseQueueElement] Queue element PullQEl_hw_read1palm_detection_lite/conv24 has 0 frames in his Queue on destruction
[2024-11-13 10:07:04.149] [189996] [HailoRT] [info] [queue_elements.cpp:54] [operator()] Thread in element UserBuffQEl1palm_detection_lite/conv24 is not running anymore, exiting..
[2024-11-13 10:07:04.149] [159140] [HailoRT] [info] [queue_elements.cpp:43] [~BaseQueueElement] Queue element UserBuffQEl1palm_detection_lite/conv24 has 0 frames in his Queue on destruction
[2024-11-13 10:07:04.149] [189997] [HailoRT] [info] [queue_elements.cpp:690] [run_in_thread] Shutdown event was signaled in run_pull of queue element PullQEl_hw_read3palm_detection_lite/conv25!
[2024-11-13 10:07:04.149] [189998] [HailoRT] [info] [queue_elements.cpp:811] [run_in_thread] Shutdown event was signaled in dequeue of UserBuffQEl3palm_detection_lite/conv25!
[2024-11-13 10:07:04.149] [189997] [HailoRT] [info] [queue_elements.cpp:54] [operator()] Thread in element PullQEl_hw_read3palm_detection_lite/conv25 is not running anymore, exiting..
[2024-11-13 10:07:04.149] [159140] [HailoRT] [info] [queue_elements.cpp:43] [~BaseQueueElement] Queue element PullQEl_hw_read3palm_detection_lite/conv25 has 0 frames in his Queue on destruction
[2024-11-13 10:07:04.149] [189998] [HailoRT] [info] [queue_elements.cpp:54] [operator()] Thread in element UserBuffQEl3palm_detection_lite/conv25 is not running anymore, exiting..
[2024-11-13 10:07:04.149] [159140] [HailoRT] [info] [queue_elements.cpp:43] [~BaseQueueElement] Queue element UserBuffQEl3palm_detection_lite/conv25 has 0 frames in his Queue on destruction
[2024-11-13 10:07:04.149] [189999] [HailoRT] [info] [queue_elements.cpp:690] [run_in_thread] Shutdown event was signaled in run_pull of queue element PullQEl_hw_read2palm_detection_lite/conv29!
[2024-11-13 10:07:04.149] [190000] [HailoRT] [info] [queue_elements.cpp:811] [run_in_thread] Shutdown event was signaled in dequeue of UserBuffQEl2palm_detection_lite/conv29!
[2024-11-13 10:07:04.149] [189999] [HailoRT] [info] [queue_elements.cpp:54] [operator()] Thread in element PullQEl_hw_read2palm_detection_lite/conv29 is not running anymore, exiting..
[2024-11-13 10:07:04.149] [159140] [HailoRT] [info] [queue_elements.cpp:43] [~BaseQueueElement] Queue element PullQEl_hw_read2palm_detection_lite/conv29 has 0 frames in his Queue on destruction
[2024-11-13 10:07:04.149] [190000] [HailoRT] [info] [queue_elements.cpp:54] [operator()] Thread in element UserBuffQEl2palm_detection_lite/conv29 is not running anymore, exiting..
[2024-11-13 10:07:04.149] [159140] [HailoRT] [info] [queue_elements.cpp:43] [~BaseQueueElement] Queue element UserBuffQEl2palm_detection_lite/conv29 has 0 frames in his Queue on destruction
[2024-11-13 10:07:04.149] [190001] [HailoRT] [info] [queue_elements.cpp:690] [run_in_thread] Shutdown event was signaled in run_pull of queue element PullQEl_hw_read0palm_detection_lite/conv30!
[2024-11-13 10:07:04.149] [190002] [HailoRT] [info] [queue_elements.cpp:811] [run_in_thread] Shutdown event was signaled in dequeue of UserBuffQEl0palm_detection_lite/conv30!
[2024-11-13 10:07:04.149] [190001] [HailoRT] [info] [queue_elements.cpp:54] [operator()] Thread in element PullQEl_hw_read0palm_detection_lite/conv30 is not running anymore, exiting..
[2024-11-13 10:07:04.149] [159140] [HailoRT] [info] [queue_elements.cpp:43] [~BaseQueueElement] Queue element PullQEl_hw_read0palm_detection_lite/conv30 has 0 frames in his Queue on destruction
[2024-11-13 10:07:04.149] [190002] [HailoRT] [info] [queue_elements.cpp:54] [operator()] Thread in element UserBuffQEl0palm_detection_lite/conv30 is not running anymore, exiting..
[2024-11-13 10:07:04.149] [159140] [HailoRT] [info] [queue_elements.cpp:43] [~BaseQueueElement] Queue element UserBuffQEl0palm_detection_lite/conv30 has 0 frames in his Queue on destruction
[2024-11-13 10:07:04.169] [159140] [HailoRT] [info] [edge_elements.cpp:52] [create] Created (HwWriteEl2palm_detection_lite/input_layer1 | hw_frame_size: 110592)
[2024-11-13 10:07:04.169] [159140] [HailoRT] [info] [vstream.cpp:754] [InputVStreamImpl] Creating palm_detection_lite/input_layer1...
[2024-11-13 10:07:04.169] [159140] [HailoRT] [info] [vstream_builder.cpp:102] [create_inputs] Input pipeline 'palm_detection_lite/input_layer1': (HwWriteEl2palm_detection_lite/input_layer1 | hw_frame_size: 110592) >> HW
[2024-11-13 10:07:04.169] [159140] [HailoRT] [info] [edge_elements.cpp:287] [create] Created (HwReadEl1palm_detection_lite/conv24 | hw_frame_size: 1152)
[2024-11-13 10:07:04.169] [159140] [HailoRT] [info] [queue_elements.cpp:613] [create] Created (PullQEl_hw_read1palm_detection_lite/conv24)
[2024-11-13 10:07:04.169] [159140] [HailoRT] [info] [filter_elements.cpp:360] [create] Created (PostInferEl1palm_detection_lite/conv24 | Quantization - src_type: UINT8, dst_type FLOAT32, limvals_min: -25.5854, limvals_max: 4.76007 | Reorder - src_order: FCR, src_shape: (12, 12, 8), dst_order: FCR, dst_shape: (12, 12, 6))
[2024-11-13 10:07:04.169] [159140] [HailoRT] [info] [queue_elements.cpp:756] [create] Created (UserBuffQEl1palm_detection_lite/conv24 | timeout: 10s)
[2024-11-13 10:07:04.169] [159140] [HailoRT] [info] [vstream.cpp:1107] [OutputVStreamImpl] Creating palm_detection_lite/conv24...
[2024-11-13 10:07:04.169] [159140] [HailoRT] [info] [vstream_builder.cpp:225] [create_outputs] Output pipeline 'palm_detection_lite/conv24': HW >> (HwReadEl1palm_detection_lite/conv24 | hw_frame_size: 1152) >> (PullQEl_hw_read1palm_detection_lite/conv24) >> (PostInferEl1palm_detection_lite/conv24 | Quantization - src_type: UINT8, dst_type FLOAT32, limvals_min: -25.5854, limvals_max: 4.76007 | Reorder - src_order: FCR, src_shape: (12, 12, 8), dst_order: FCR, dst_shape: (12, 12, 6)) >> (UserBuffQEl1palm_detection_lite/conv24 | timeout: 10s)
[2024-11-13 10:07:04.170] [159140] [HailoRT] [info] [edge_elements.cpp:287] [create] Created (HwReadEl3palm_detection_lite/conv25 | hw_frame_size: 16128)
[2024-11-13 10:07:04.170] [159140] [HailoRT] [info] [queue_elements.cpp:613] [create] Created (PullQEl_hw_read3palm_detection_lite/conv25)
[2024-11-13 10:07:04.170] [159140] [HailoRT] [info] [filter_elements.cpp:360] [create] Created (PostInferEl3palm_detection_lite/conv25 | Quantization - src_type: UINT8, dst_type FLOAT32, limvals_min: -75.2335, limvals_max: 140.323 | Reorder - src_order: FCR, src_shape: (12, 12, 112), dst_order: FCR, dst_shape: (12, 12, 108))
[2024-11-13 10:07:04.170] [159140] [HailoRT] [info] [queue_elements.cpp:756] [create] Created (UserBuffQEl3palm_detection_lite/conv25 | timeout: 10s)
[2024-11-13 10:07:04.170] [159140] [HailoRT] [info] [vstream.cpp:1107] [OutputVStreamImpl] Creating palm_detection_lite/conv25...
[2024-11-13 10:07:04.170] [159140] [HailoRT] [info] [vstream_builder.cpp:225] [create_outputs] Output pipeline 'palm_detection_lite/conv25': HW >> (HwReadEl3palm_detection_lite/conv25 | hw_frame_size: 16128) >> (PullQEl_hw_read3palm_detection_lite/conv25) >> (PostInferEl3palm_detection_lite/conv25 | Quantization - src_type: UINT8, dst_type FLOAT32, limvals_min: -75.2335, limvals_max: 140.323 | Reorder - src_order: FCR, src_shape: (12, 12, 112), dst_order: FCR, dst_shape: (12, 12, 108)) >> (UserBuffQEl3palm_detection_lite/conv25 | timeout: 10s)
[2024-11-13 10:07:04.170] [159140] [HailoRT] [info] [edge_elements.cpp:287] [create] Created (HwReadEl2palm_detection_lite/conv29 | hw_frame_size: 1152)
[2024-11-13 10:07:04.170] [159140] [HailoRT] [info] [queue_elements.cpp:613] [create] Created (PullQEl_hw_read2palm_detection_lite/conv29)
[2024-11-13 10:07:04.170] [159140] [HailoRT] [info] [filter_elements.cpp:360] [create] Created (PostInferEl2palm_detection_lite/conv29 | Quantization - src_type: UINT8, dst_type FLOAT32, limvals_min: -21.9402, limvals_max: 3.03637)
[2024-11-13 10:07:04.170] [159140] [HailoRT] [info] [queue_elements.cpp:756] [create] Created (UserBuffQEl2palm_detection_lite/conv29 | timeout: 10s)
[2024-11-13 10:07:04.170] [159140] [HailoRT] [info] [vstream.cpp:1107] [OutputVStreamImpl] Creating palm_detection_lite/conv29...
[2024-11-13 10:07:04.170] [159140] [HailoRT] [info] [vstream_builder.cpp:225] [create_outputs] Output pipeline 'palm_detection_lite/conv29': HW >> (HwReadEl2palm_detection_lite/conv29 | hw_frame_size: 1152) >> (PullQEl_hw_read2palm_detection_lite/conv29) >> (PostInferEl2palm_detection_lite/conv29 | Quantization - src_type: UINT8, dst_type FLOAT32, limvals_min: -21.9402, limvals_max: 3.03637) >> (UserBuffQEl2palm_detection_lite/conv29 | timeout: 10s)
[2024-11-13 10:07:04.170] [159140] [HailoRT] [info] [edge_elements.cpp:287] [create] Created (HwReadEl0palm_detection_lite/conv30 | hw_frame_size: 23040)
[2024-11-13 10:07:04.170] [159140] [HailoRT] [info] [queue_elements.cpp:613] [create] Created (PullQEl_hw_read0palm_detection_lite/conv30)
[2024-11-13 10:07:04.170] [159140] [HailoRT] [info] [filter_elements.cpp:360] [create] Created (PostInferEl0palm_detection_lite/conv30 | Quantization - src_type: UINT8, dst_type FLOAT32, limvals_min: -36.3947, limvals_max: 52.8423 | Reorder - src_order: FCR, src_shape: (24, 24, 40), dst_order: FCR, dst_shape: (24, 24, 36))
[2024-11-13 10:07:04.170] [159140] [HailoRT] [info] [queue_elements.cpp:756] [create] Created (UserBuffQEl0palm_detection_lite/conv30 | timeout: 10s)
[2024-11-13 10:07:04.170] [159140] [HailoRT] [info] [vstream.cpp:1107] [OutputVStreamImpl] Creating palm_detection_lite/conv30...
[2024-11-13 10:07:04.170] [159140] [HailoRT] [info] [vstream_builder.cpp:225] [create_outputs] Output pipeline 'palm_detection_lite/conv30': HW >> (HwReadEl0palm_detection_lite/conv30 | hw_frame_size: 23040) >> (PullQEl_hw_read0palm_detection_lite/conv30) >> (PostInferEl0palm_detection_lite/conv30 | Quantization - src_type: UINT8, dst_type FLOAT32, limvals_min: -36.3947, limvals_max: 52.8423 | Reorder - src_order: FCR, src_shape: (24, 24, 40), dst_order: FCR, dst_shape: (24, 24, 36)) >> (UserBuffQEl0palm_detection_lite/conv30 | timeout: 10s)
[2024-11-13 10:07:04.171] [159140] [HailoRT] [info] [core_op.cpp:156] [activate] Activating palm_detection_lite took 0.424443 milliseconds. Note that the function is asynchronous and thus the network is not fully activated yet.
[2024-11-13 10:07:04.171] [159140] [HailoRT] [info] [core_op.cpp:156] [activate] Activating palm_detection_lite took 0.443202 milliseconds. Note that the function is asynchronous and thus the network is not fully activated yet.
[2024-11-13 10:07:04.180] [190010] [HailoRT] [info] [vdevice_native_stream.cpp:331] [read_impl] Failed read from stream HAILO_STREAM_NOT_ACTIVATED(72) (device: 0000:01:00.0)
[2024-11-13 10:07:04.180] [190012] [HailoRT] [info] [vdevice_native_stream.cpp:331] [read_impl] Failed read from stream HAILO_STREAM_NOT_ACTIVATED(72) (device: 0000:01:00.0)
[2024-11-13 10:07:04.180] [190014] [HailoRT] [info] [vdevice_native_stream.cpp:331] [read_impl] Failed read from stream HAILO_STREAM_NOT_ACTIVATED(72) (device: 0000:01:00.0)
[2024-11-13 10:07:04.180] [190008] [HailoRT] [info] [vdevice_native_stream.cpp:331] [read_impl] Failed read from stream HAILO_STREAM_NOT_ACTIVATED(72) (device: 0000:01:00.0)
[2024-11-13 10:07:04.180] [159140] [HailoRT] [info] [core_op.cpp:186] [deactivate] Deactivating took 0.466535 ms
[2024-11-13 10:07:04.180] [159140] [HailoRT] [info] [core_op.cpp:186] [deactivate] Deactivating took 0.479868 ms
[2024-11-13 10:07:04.180] [190008] [HailoRT] [info] [queue_elements.cpp:690] [run_in_thread] Shutdown event was signaled in run_pull of queue element PullQEl_hw_read1palm_detection_lite/conv24!
[2024-11-13 10:07:04.180] [190009] [HailoRT] [info] [queue_elements.cpp:811] [run_in_thread] Shutdown event was signaled in dequeue of UserBuffQEl1palm_detection_lite/conv24!
[2024-11-13 10:07:04.180] [190008] [HailoRT] [info] [queue_elements.cpp:54] [operator()] Thread in element PullQEl_hw_read1palm_detection_lite/conv24 is not running anymore, exiting..
[2024-11-13 10:07:04.180] [159140] [HailoRT] [info] [queue_elements.cpp:43] [~BaseQueueElement] Queue element PullQEl_hw_read1palm_detection_lite/conv24 has 0 frames in his Queue on destruction
[2024-11-13 10:07:04.180] [190009] [HailoRT] [info] [queue_elements.cpp:54] [operator()] Thread in element UserBuffQEl1palm_detection_lite/conv24 is not running anymore, exiting..
[2024-11-13 10:07:04.180] [159140] [HailoRT] [info] [queue_elements.cpp:43] [~BaseQueueElement] Queue element UserBuffQEl1palm_detection_lite/conv24 has 0 frames in his Queue on destruction
[2024-11-13 10:07:04.181] [190010] [HailoRT] [info] [queue_elements.cpp:690] [run_in_thread] Shutdown event was signaled in run_pull of queue element PullQEl_hw_read3palm_detection_lite/conv25!
[2024-11-13 10:07:04.181] [190011] [HailoRT] [info] [queue_elements.cpp:811] [run_in_thread] Shutdown event was signaled in dequeue of UserBuffQEl3palm_detection_lite/conv25!
[2024-11-13 10:07:04.181] [190010] [HailoRT] [info] [queue_elements.cpp:54] [operator()] Thread in element PullQEl_hw_read3palm_detection_lite/conv25 is not running anymore, exiting..
[2024-11-13 10:07:04.181] [159140] [HailoRT] [info] [queue_elements.cpp:43] [~BaseQueueElement] Queue element PullQEl_hw_read3palm_detection_lite/conv25 has 0 frames in his Queue on destruction
[2024-11-13 10:07:04.181] [190011] [HailoRT] [info] [queue_elements.cpp:54] [operator()] Thread in element UserBuffQEl3palm_detection_lite/conv25 is not running anymore, exiting..
[2024-11-13 10:07:04.181] [159140] [HailoRT] [info] [queue_elements.cpp:43] [~BaseQueueElement] Queue element UserBuffQEl3palm_detection_lite/conv25 has 0 frames in his Queue on destruction
[2024-11-13 10:07:04.181] [190012] [HailoRT] [info] [queue_elements.cpp:690] [run_in_thread] Shutdown event was signaled in run_pull of queue element PullQEl_hw_read2palm_detection_lite/conv29!
[2024-11-13 10:07:04.181] [190013] [HailoRT] [info] [queue_elements.cpp:811] [run_in_thread] Shutdown event was signaled in dequeue of UserBuffQEl2palm_detection_lite/conv29!
[2024-11-13 10:07:04.181] [190012] [HailoRT] [info] [queue_elements.cpp:54] [operator()] Thread in element PullQEl_hw_read2palm_detection_lite/conv29 is not running anymore, exiting..
[2024-11-13 10:07:04.181] [159140] [HailoRT] [info] [queue_elements.cpp:43] [~BaseQueueElement] Queue element PullQEl_hw_read2palm_detection_lite/conv29 has 0 frames in his Queue on destruction
[2024-11-13 10:07:04.181] [190013] [HailoRT] [info] [queue_elements.cpp:54] [operator()] Thread in element UserBuffQEl2palm_detection_lite/conv29 is not running anymore, exiting..
[2024-11-13 10:07:04.181] [159140] [HailoRT] [info] [queue_elements.cpp:43] [~BaseQueueElement] Queue element UserBuffQEl2palm_detection_lite/conv29 has 0 frames in his Queue on destruction
[2024-11-13 10:07:04.181] [190015] [HailoRT] [info] [queue_elements.cpp:811] [run_in_thread] Shutdown event was signaled in dequeue of UserBuffQEl0palm_detection_lite/conv30!
[2024-11-13 10:07:04.181] [190014] [HailoRT] [info] [queue_elements.cpp:690] [run_in_thread] Shutdown event was signaled in run_pull of queue element PullQEl_hw_read0palm_detection_lite/conv30!
[2024-11-13 10:07:04.181] [190014] [HailoRT] [info] [queue_elements.cpp:54] [operator()] Thread in element PullQEl_hw_read0palm_detection_lite/conv30 is not running anymore, exiting..
[2024-11-13 10:07:04.181] [159140] [HailoRT] [info] [queue_elements.cpp:43] [~BaseQueueElement] Queue element PullQEl_hw_read0palm_detection_lite/conv30 has 0 frames in his Queue on destruction
[2024-11-13 10:07:04.181] [190015] [HailoRT] [info] [queue_elements.cpp:54] [operator()] Thread in element UserBuffQEl0palm_detection_lite/conv30 is not running anymore, exiting..
[2024-11-13 10:07:04.181] [159140] [HailoRT] [info] [queue_elements.cpp:43] [~BaseQueueElement] Queue element UserBuffQEl0palm_detection_lite/conv30 has 0 frames in his Queue on destruction
[2024-11-13 10:07:04.206] [159140] [HailoRT] [info] [edge_elements.cpp:52] [create] Created (HwWriteEl2palm_detection_lite/input_layer1 | hw_frame_size: 110592)
[2024-11-13 10:07:04.206] [159140] [HailoRT] [info] [vstream.cpp:754] [InputVStreamImpl] Creating palm_detection_lite/input_layer1...
[2024-11-13 10:07:04.206] [159140] [HailoRT] [info] [vstream_builder.cpp:102] [create_inputs] Input pipeline 'palm_detection_lite/input_layer1': (HwWriteEl2palm_detection_lite/input_layer1 | hw_frame_size: 110592) >> HW
[2024-11-13 10:07:04.206] [159140] [HailoRT] [info] [edge_elements.cpp:287] [create] Created (HwReadEl1palm_detection_lite/conv24 | hw_frame_size: 1152)
[2024-11-13 10:07:04.206] [159140] [HailoRT] [info] [queue_elements.cpp:613] [create] Created (PullQEl_hw_read1palm_detection_lite/conv24)
[2024-11-13 10:07:04.206] [159140] [HailoRT] [info] [filter_elements.cpp:360] [create] Created (PostInferEl1palm_detection_lite/conv24 | Quantization - src_type: UINT8, dst_type FLOAT32, limvals_min: -25.5854, limvals_max: 4.76007 | Reorder - src_order: FCR, src_shape: (12, 12, 8), dst_order: FCR, dst_shape: (12, 12, 6))
[2024-11-13 10:07:04.206] [159140] [HailoRT] [info] [queue_elements.cpp:756] [create] Created (UserBuffQEl1palm_detection_lite/conv24 | timeout: 10s)
[2024-11-13 10:07:04.206] [159140] [HailoRT] [info] [vstream.cpp:1107] [OutputVStreamImpl] Creating palm_detection_lite/conv24...
[2024-11-13 10:07:04.206] [159140] [HailoRT] [info] [vstream_builder.cpp:225] [create_outputs] Output pipeline 'palm_detection_lite/conv24': HW >> (HwReadEl1palm_detection_lite/conv24 | hw_frame_size: 1152) >> (PullQEl_hw_read1palm_detection_lite/conv24) >> (PostInferEl1palm_detection_lite/conv24 | Quantization - src_type: UINT8, dst_type FLOAT32, limvals_min: -25.5854, limvals_max: 4.76007 | Reorder - src_order: FCR, src_shape: (12, 12, 8), dst_order: FCR, dst_shape: (12, 12, 6)) >> (UserBuffQEl1palm_detection_lite/conv24 | timeout: 10s)
[2024-11-13 10:07:04.206] [159140] [HailoRT] [info] [edge_elements.cpp:287] [create] Created (HwReadEl3palm_detection_lite/conv25 | hw_frame_size: 16128)
[2024-11-13 10:07:04.206] [159140] [HailoRT] [info] [queue_elements.cpp:613] [create] Created (PullQEl_hw_read3palm_detection_lite/conv25)
[2024-11-13 10:07:04.206] [159140] [HailoRT] [info] [filter_elements.cpp:360] [create] Created (PostInferEl3palm_detection_lite/conv25 | Quantization - src_type: UINT8, dst_type FLOAT32, limvals_min: -75.2335, limvals_max: 140.323 | Reorder - src_order: FCR, src_shape: (12, 12, 112), dst_order: FCR, dst_shape: (12, 12, 108))
[2024-11-13 10:07:04.206] [159140] [HailoRT] [info] [queue_elements.cpp:756] [create] Created (UserBuffQEl3palm_detection_lite/conv25 | timeout: 10s)
[2024-11-13 10:07:04.206] [159140] [HailoRT] [info] [vstream.cpp:1107] [OutputVStreamImpl] Creating palm_detection_lite/conv25...
[2024-11-13 10:07:04.206] [159140] [HailoRT] [info] [vstream_builder.cpp:225] [create_outputs] Output pipeline 'palm_detection_lite/conv25': HW >> (HwReadEl3palm_detection_lite/conv25 | hw_frame_size: 16128) >> (PullQEl_hw_read3palm_detection_lite/conv25) >> (PostInferEl3palm_detection_lite/conv25 | Quantization - src_type: UINT8, dst_type FLOAT32, limvals_min: -75.2335, limvals_max: 140.323 | Reorder - src_order: FCR, src_shape: (12, 12, 112), dst_order: FCR, dst_shape: (12, 12, 108)) >> (UserBuffQEl3palm_detection_lite/conv25 | timeout: 10s)
[2024-11-13 10:07:04.206] [159140] [HailoRT] [info] [edge_elements.cpp:287] [create] Created (HwReadEl2palm_detection_lite/conv29 | hw_frame_size: 1152)
[2024-11-13 10:07:04.206] [159140] [HailoRT] [info] [queue_elements.cpp:613] [create] Created (PullQEl_hw_read2palm_detection_lite/conv29)
[2024-11-13 10:07:04.206] [159140] [HailoRT] [info] [filter_elements.cpp:360] [create] Created (PostInferEl2palm_detection_lite/conv29 | Quantization - src_type: UINT8, dst_type FLOAT32, limvals_min: -21.9402, limvals_max: 3.03637)
[2024-11-13 10:07:04.206] [159140] [HailoRT] [info] [queue_elements.cpp:756] [create] Created (UserBuffQEl2palm_detection_lite/conv29 | timeout: 10s)
[2024-11-13 10:07:04.206] [159140] [HailoRT] [info] [vstream.cpp:1107] [OutputVStreamImpl] Creating palm_detection_lite/conv29...
[2024-11-13 10:07:04.206] [159140] [HailoRT] [info] [vstream_builder.cpp:225] [create_outputs] Output pipeline 'palm_detection_lite/conv29': HW >> (HwReadEl2palm_detection_lite/conv29 | hw_frame_size: 1152) >> (PullQEl_hw_read2palm_detection_lite/conv29) >> (PostInferEl2palm_detection_lite/conv29 | Quantization - src_type: UINT8, dst_type FLOAT32, limvals_min: -21.9402, limvals_max: 3.03637) >> (UserBuffQEl2palm_detection_lite/conv29 | timeout: 10s)
[2024-11-13 10:07:04.207] [159140] [HailoRT] [info] [edge_elements.cpp:287] [create] Created (HwReadEl0palm_detection_lite/conv30 | hw_frame_size: 23040)
[2024-11-13 10:07:04.207] [159140] [HailoRT] [info] [queue_elements.cpp:613] [create] Created (PullQEl_hw_read0palm_detection_lite/conv30)
[2024-11-13 10:07:04.207] [159140] [HailoRT] [info] [filter_elements.cpp:360] [create] Created (PostInferEl0palm_detection_lite/conv30 | Quantization - src_type: UINT8, dst_type FLOAT32, limvals_min: -36.3947, limvals_max: 52.8423 | Reorder - src_order: FCR, src_shape: (24, 24, 40), dst_order: FCR, dst_shape: (24, 24, 36))
[2024-11-13 10:07:04.207] [159140] [HailoRT] [info] [queue_elements.cpp:756] [create] Created (UserBuffQEl0palm_detection_lite/conv30 | timeout: 10s)
[2024-11-13 10:07:04.207] [159140] [HailoRT] [info] [vstream.cpp:1107] [OutputVStreamImpl] Creating palm_detection_lite/conv30...
[2024-11-13 10:07:04.207] [159140] [HailoRT] [info] [vstream_builder.cpp:225] [create_outputs] Output pipeline 'palm_detection_lite/conv30': HW >> (HwReadEl0palm_detection_lite/conv30 | hw_frame_size: 23040) >> (PullQEl_hw_read0palm_detection_lite/conv30) >> (PostInferEl0palm_detection_lite/conv30 | Quantization - src_type: UINT8, dst_type FLOAT32, limvals_min: -36.3947, limvals_max: 52.8423 | Reorder - src_order: FCR, src_shape: (24, 24, 40), dst_order: FCR, dst_shape: (24, 24, 36)) >> (UserBuffQEl0palm_detection_lite/conv30 | timeout: 10s)
[2024-11-13 10:07:04.207] [159140] [HailoRT] [info] [core_op.cpp:156] [activate] Activating palm_detection_lite took 0.353925 milliseconds. Note that the function is asynchronous and thus the network is not fully activated yet.
[2024-11-13 10:07:04.207] [159140] [HailoRT] [info] [core_op.cpp:156] [activate] Activating palm_detection_lite took 0.365017 milliseconds. Note that the function is asynchronous and thus the network is not fully activated yet.
[2024-11-13 10:07:04.216] [190023] [HailoRT] [info] [vdevice_native_stream.cpp:331] [read_impl] Failed read from stream HAILO_STREAM_NOT_ACTIVATED(72) (device: 0000:01:00.0)
[2024-11-13 10:07:04.216] [190027] [HailoRT] [info] [vdevice_native_stream.cpp:331] [read_impl] Failed read from stream HAILO_STREAM_NOT_ACTIVATED(72) (device: 0000:01:00.0)
[2024-11-13 10:07:04.216] [190025] [HailoRT] [info] [vdevice_native_stream.cpp:331] [read_impl] Failed read from stream HAILO_STREAM_NOT_ACTIVATED(72) (device: 0000:01:00.0)
[2024-11-13 10:07:04.216] [190021] [HailoRT] [info] [vdevice_native_stream.cpp:331] [read_impl] Failed read from stream HAILO_STREAM_NOT_ACTIVATED(72) (device: 0000:01:00.0)
[2024-11-13 10:07:04.217] [159140] [HailoRT] [info] [core_op.cpp:186] [deactivate] Deactivating took 0.469257 ms
[2024-11-13 10:07:04.217] [159140] [HailoRT] [info] [core_op.cpp:186] [deactivate] Deactivating took 0.47998 ms
[2024-11-13 10:07:04.217] [190021] [HailoRT] [info] [queue_elements.cpp:690] [run_in_thread] Shutdown event was signaled in run_pull of queue element PullQEl_hw_read1palm_detection_lite/conv24!
[2024-11-13 10:07:04.217] [190022] [HailoRT] [info] [queue_elements.cpp:811] [run_in_thread] Shutdown event was signaled in dequeue of UserBuffQEl1palm_detection_lite/conv24!
[2024-11-13 10:07:04.217] [190021] [HailoRT] [info] [queue_elements.cpp:54] [operator()] Thread in element PullQEl_hw_read1palm_detection_lite/conv24 is not running anymore, exiting..
[2024-11-13 10:07:04.217] [159140] [HailoRT] [info] [queue_elements.cpp:43] [~BaseQueueElement] Queue element PullQEl_hw_read1palm_detection_lite/conv24 has 0 frames in his Queue on destruction
[2024-11-13 10:07:04.217] [190022] [HailoRT] [info] [queue_elements.cpp:54] [operator()] Thread in element UserBuffQEl1palm_detection_lite/conv24 is not running anymore, exiting..
[2024-11-13 10:07:04.217] [159140] [HailoRT] [info] [queue_elements.cpp:43] [~BaseQueueElement] Queue element UserBuffQEl1palm_detection_lite/conv24 has 0 frames in his Queue on destruction
[2024-11-13 10:07:04.217] [190023] [HailoRT] [info] [queue_elements.cpp:690] [run_in_thread] Shutdown event was signaled in run_pull of queue element PullQEl_hw_read3palm_detection_lite/conv25!
[2024-11-13 10:07:04.217] [190024] [HailoRT] [info] [queue_elements.cpp:811] [run_in_thread] Shutdown event was signaled in dequeue of UserBuffQEl3palm_detection_lite/conv25!
[2024-11-13 10:07:04.217] [190023] [HailoRT] [info] [queue_elements.cpp:54] [operator()] Thread in element PullQEl_hw_read3palm_detection_lite/conv25 is not running anymore, exiting..
[2024-11-13 10:07:04.217] [159140] [HailoRT] [info] [queue_elements.cpp:43] [~BaseQueueElement] Queue element PullQEl_hw_read3palm_detection_lite/conv25 has 0 frames in his Queue on destruction
[2024-11-13 10:07:04.217] [190024] [HailoRT] [info] [queue_elements.cpp:54] [operator()] Thread in element UserBuffQEl3palm_detection_lite/conv25 is not running anymore, exiting..
[2024-11-13 10:07:04.217] [159140] [HailoRT] [info] [queue_elements.cpp:43] [~BaseQueueElement] Queue element UserBuffQEl3palm_detection_lite/conv25 has 0 frames in his Queue on destruction
[2024-11-13 10:07:04.217] [190025] [HailoRT] [info] [queue_elements.cpp:690] [run_in_thread] Shutdown event was signaled in run_pull of queue element PullQEl_hw_read2palm_detection_lite/conv29!
[2024-11-13 10:07:04.217] [190026] [HailoRT] [info] [queue_elements.cpp:811] [run_in_thread] Shutdown event was signaled in dequeue of UserBuffQEl2palm_detection_lite/conv29!
[2024-11-13 10:07:04.217] [190025] [HailoRT] [info] [queue_elements.cpp:54] [operator()] Thread in element PullQEl_hw_read2palm_detection_lite/conv29 is not running anymore, exiting..
[2024-11-13 10:07:04.217] [159140] [HailoRT] [info] [queue_elements.cpp:43] [~BaseQueueElement] Queue element PullQEl_hw_read2palm_detection_lite/conv29 has 0 frames in his Queue on destruction
[2024-11-13 10:07:04.217] [190026] [HailoRT] [info] [queue_elements.cpp:54] [operator()] Thread in element UserBuffQEl2palm_detection_lite/conv29 is not running anymore, exiting..
[2024-11-13 10:07:04.217] [159140] [HailoRT] [info] [queue_elements.cpp:43] [~BaseQueueElement] Queue element UserBuffQEl2palm_detection_lite/conv29 has 0 frames in his Queue on destruction
[2024-11-13 10:07:04.217] [190027] [HailoRT] [info] [queue_elements.cpp:690] [run_in_thread] Shutdown event was signaled in run_pull of queue element PullQEl_hw_read0palm_detection_lite/conv30!
[2024-11-13 10:07:04.217] [190028] [HailoRT] [info] [queue_elements.cpp:811] [run_in_thread] Shutdown event was signaled in dequeue of UserBuffQEl0palm_detection_lite/conv30!
[2024-11-13 10:07:04.217] [190027] [HailoRT] [info] [queue_elements.cpp:54] [operator()] Thread in element PullQEl_hw_read0palm_detection_lite/conv30 is not running anymore, exiting..
[2024-11-13 10:07:04.217] [159140] [HailoRT] [info] [queue_elements.cpp:43] [~BaseQueueElement] Queue element PullQEl_hw_read0palm_detection_lite/conv30 has 0 frames in his Queue on destruction
[2024-11-13 10:07:04.217] [190028] [HailoRT] [info] [queue_elements.cpp:54] [operator()] Thread in element UserBuffQEl0palm_detection_lite/conv30 is not running anymore, exiting..
[2024-11-13 10:07:04.217] [159140] [HailoRT] [info] [queue_elements.cpp:43] [~BaseQueueElement] Queue element UserBuffQEl0palm_detection_lite/conv30 has 0 frames in his Queue on destruction
[2024-11-13 10:07:04.238] [159140] [HailoRT] [info] [edge_elements.cpp:52] [create] Created (HwWriteEl2palm_detection_lite/input_layer1 | hw_frame_size: 110592)
[2024-11-13 10:07:04.238] [159140] [HailoRT] [info] [vstream.cpp:754] [InputVStreamImpl] Creating palm_detection_lite/input_layer1...
[2024-11-13 10:07:04.238] [159140] [HailoRT] [info] [vstream_builder.cpp:102] [create_inputs] Input pipeline 'palm_detection_lite/input_layer1': (HwWriteEl2palm_detection_lite/input_layer1 | hw_frame_size: 110592) >> HW
[2024-11-13 10:07:04.238] [159140] [HailoRT] [info] [edge_elements.cpp:287] [create] Created (HwReadEl1palm_detection_lite/conv24 | hw_frame_size: 1152)
[2024-11-13 10:07:04.238] [159140] [HailoRT] [info] [queue_elements.cpp:613] [create] Created (PullQEl_hw_read1palm_detection_lite/conv24)
[2024-11-13 10:07:04.238] [159140] [HailoRT] [info] [filter_elements.cpp:360] [create] Created (PostInferEl1palm_detection_lite/conv24 | Quantization - src_type: UINT8, dst_type FLOAT32, limvals_min: -25.5854, limvals_max: 4.76007 | Reorder - src_order: FCR, src_shape: (12, 12, 8), dst_order: FCR, dst_shape: (12, 12, 6))
[2024-11-13 10:07:04.238] [159140] [HailoRT] [info] [queue_elements.cpp:756] [create] Created (UserBuffQEl1palm_detection_lite/conv24 | timeout: 10s)
[2024-11-13 10:07:04.238] [159140] [HailoRT] [info] [vstream.cpp:1107] [OutputVStreamImpl] Creating palm_detection_lite/conv24...
[2024-11-13 10:07:04.238] [159140] [HailoRT] [info] [vstream_builder.cpp:225] [create_outputs] Output pipeline 'palm_detection_lite/conv24': HW >> (HwReadEl1palm_detection_lite/conv24 | hw_frame_size: 1152) >> (PullQEl_hw_read1palm_detection_lite/conv24) >> (PostInferEl1palm_detection_lite/conv24 | Quantization - src_type: UINT8, dst_type FLOAT32, limvals_min: -25.5854, limvals_max: 4.76007 | Reorder - src_order: FCR, src_shape: (12, 12, 8), dst_order: FCR, dst_shape: (12, 12, 6)) >> (UserBuffQEl1palm_detection_lite/conv24 | timeout: 10s)
[2024-11-13 10:07:04.238] [159140] [HailoRT] [info] [edge_elements.cpp:287] [create] Created (HwReadEl3palm_detection_lite/conv25 | hw_frame_size: 16128)
[2024-11-13 10:07:04.238] [159140] [HailoRT] [info] [queue_elements.cpp:613] [create] Created (PullQEl_hw_read3palm_detection_lite/conv25)
[2024-11-13 10:07:04.238] [159140] [HailoRT] [info] [filter_elements.cpp:360] [create] Created (PostInferEl3palm_detection_lite/conv25 | Quantization - src_type: UINT8, dst_type FLOAT32, limvals_min: -75.2335, limvals_max: 140.323 | Reorder - src_order: FCR, src_shape: (12, 12, 112), dst_order: FCR, dst_shape: (12, 12, 108))
[2024-11-13 10:07:04.238] [159140] [HailoRT] [info] [queue_elements.cpp:756] [create] Created (UserBuffQEl3palm_detection_lite/conv25 | timeout: 10s)
[2024-11-13 10:07:04.238] [159140] [HailoRT] [info] [vstream.cpp:1107] [OutputVStreamImpl] Creating palm_detection_lite/conv25...
[2024-11-13 10:07:04.238] [159140] [HailoRT] [info] [vstream_builder.cpp:225] [create_outputs] Output pipeline 'palm_detection_lite/conv25': HW >> (HwReadEl3palm_detection_lite/conv25 | hw_frame_size: 16128) >> (PullQEl_hw_read3palm_detection_lite/conv25) >> (PostInferEl3palm_detection_lite/conv25 | Quantization - src_type: UINT8, dst_type FLOAT32, limvals_min: -75.2335, limvals_max: 140.323 | Reorder - src_order: FCR, src_shape: (12, 12, 112), dst_order: FCR, dst_shape: (12, 12, 108)) >> (UserBuffQEl3palm_detection_lite/conv25 | timeout: 10s)
[2024-11-13 10:07:04.238] [159140] [HailoRT] [info] [edge_elements.cpp:287] [create] Created (HwReadEl2palm_detection_lite/conv29 | hw_frame_size: 1152)
[2024-11-13 10:07:04.238] [159140] [HailoRT] [info] [queue_elements.cpp:613] [create] Created (PullQEl_hw_read2palm_detection_lite/conv29)
[2024-11-13 10:07:04.238] [159140] [HailoRT] [info] [filter_elements.cpp:360] [create] Created (PostInferEl2palm_detection_lite/conv29 | Quantization - src_type: UINT8, dst_type FLOAT32, limvals_min: -21.9402, limvals_max: 3.03637)
[2024-11-13 10:07:04.238] [159140] [HailoRT] [info] [queue_elements.cpp:756] [create] Created (UserBuffQEl2palm_detection_lite/conv29 | timeout: 10s)
[2024-11-13 10:07:04.238] [159140] [HailoRT] [info] [vstream.cpp:1107] [OutputVStreamImpl] Creating palm_detection_lite/conv29...
[2024-11-13 10:07:04.238] [159140] [HailoRT] [info] [vstream_builder.cpp:225] [create_outputs] Output pipeline 'palm_detection_lite/conv29': HW >> (HwReadEl2palm_detection_lite/conv29 | hw_frame_size: 1152) >> (PullQEl_hw_read2palm_detection_lite/conv29) >> (PostInferEl2palm_detection_lite/conv29 | Quantization - src_type: UINT8, dst_type FLOAT32, limvals_min: -21.9402, limvals_max: 3.03637) >> (UserBuffQEl2palm_detection_lite/conv29 | timeout: 10s)
[2024-11-13 10:07:04.238] [159140] [HailoRT] [info] [edge_elements.cpp:287] [create] Created (HwReadEl0palm_detection_lite/conv30 | hw_frame_size: 23040)
[2024-11-13 10:07:04.239] [159140] [HailoRT] [info] [queue_elements.cpp:613] [create] Created (PullQEl_hw_read0palm_detection_lite/conv30)
[2024-11-13 10:07:04.239] [159140] [HailoRT] [info] [filter_elements.cpp:360] [create] Created (PostInferEl0palm_detection_lite/conv30 | Quantization - src_type: UINT8, dst_type FLOAT32, limvals_min: -36.3947, limvals_max: 52.8423 | Reorder - src_order: FCR, src_shape: (24, 24, 40), dst_order: FCR, dst_shape: (24, 24, 36))
[2024-11-13 10:07:04.239] [159140] [HailoRT] [info] [queue_elements.cpp:756] [create] Created (UserBuffQEl0palm_detection_lite/conv30 | timeout: 10s)
[2024-11-13 10:07:04.239] [159140] [HailoRT] [info] [vstream.cpp:1107] [OutputVStreamImpl] Creating palm_detection_lite/conv30...
[2024-11-13 10:07:04.239] [159140] [HailoRT] [info] [vstream_builder.cpp:225] [create_outputs] Output pipeline 'palm_detection_lite/conv30': HW >> (HwReadEl0palm_detection_lite/conv30 | hw_frame_size: 23040) >> (PullQEl_hw_read0palm_detection_lite/conv30) >> (PostInferEl0palm_detection_lite/conv30 | Quantization - src_type: UINT8, dst_type FLOAT32, limvals_min: -36.3947, limvals_max: 52.8423 | Reorder - src_order: FCR, src_shape: (24, 24, 40), dst_order: FCR, dst_shape: (24, 24, 36)) >> (UserBuffQEl0palm_detection_lite/conv30 | timeout: 10s)
[2024-11-13 10:07:04.239] [159140] [HailoRT] [info] [core_op.cpp:156] [activate] Activating palm_detection_lite took 0.447961 milliseconds. Note that the function is asynchronous and thus the network is not fully activated yet.
[2024-11-13 10:07:04.239] [159140] [HailoRT] [info] [core_op.cpp:156] [activate] Activating palm_detection_lite took 0.465424 milliseconds. Note that the function is asynchronous and thus the network is not fully activated yet.
[2024-11-13 10:07:04.248] [190038] [HailoRT] [info] [vdevice_native_stream.cpp:331] [read_impl] Failed read from stream HAILO_STREAM_NOT_ACTIVATED(72) (device: 0000:01:00.0)
[2024-11-13 10:07:04.248] [190036] [HailoRT] [info] [vdevice_native_stream.cpp:331] [read_impl] Failed read from stream HAILO_STREAM_NOT_ACTIVATED(72) (device: 0000:01:00.0)
[2024-11-13 10:07:04.249] [190040] [HailoRT] [info] [vdevice_native_stream.cpp:331] [read_impl] Failed read from stream HAILO_STREAM_NOT_ACTIVATED(72) (device: 0000:01:00.0)
[2024-11-13 10:07:04.248] [190034] [HailoRT] [info] [vdevice_native_stream.cpp:331] [read_impl] Failed read from stream HAILO_STREAM_NOT_ACTIVATED(72) (device: 0000:01:00.0)
[2024-11-13 10:07:04.249] [159140] [HailoRT] [info] [core_op.cpp:186] [deactivate] Deactivating took 0.467831 ms
[2024-11-13 10:07:04.249] [159140] [HailoRT] [info] [core_op.cpp:186] [deactivate] Deactivating took 0.478461 ms
[2024-11-13 10:07:04.249] [190034] [HailoRT] [info] [queue_elements.cpp:690] [run_in_thread] Shutdown event was signaled in run_pull of queue element PullQEl_hw_read1palm_detection_lite/conv24!
[2024-11-13 10:07:04.249] [190035] [HailoRT] [info] [queue_elements.cpp:811] [run_in_thread] Shutdown event was signaled in dequeue of UserBuffQEl1palm_detection_lite/conv24!
[2024-11-13 10:07:04.249] [190034] [HailoRT] [info] [queue_elements.cpp:54] [operator()] Thread in element PullQEl_hw_read1palm_detection_lite/conv24 is not running anymore, exiting..
[2024-11-13 10:07:04.249] [159140] [HailoRT] [info] [queue_elements.cpp:43] [~BaseQueueElement] Queue element PullQEl_hw_read1palm_detection_lite/conv24 has 0 frames in his Queue on destruction
[2024-11-13 10:07:04.249] [190035] [HailoRT] [info] [queue_elements.cpp:54] [operator()] Thread in element UserBuffQEl1palm_detection_lite/conv24 is not running anymore, exiting..
[2024-11-13 10:07:04.249] [159140] [HailoRT] [info] [queue_elements.cpp:43] [~BaseQueueElement] Queue element UserBuffQEl1palm_detection_lite/conv24 has 0 frames in his Queue on destruction
[2024-11-13 10:07:04.249] [190036] [HailoRT] [info] [queue_elements.cpp:690] [run_in_thread] Shutdown event was signaled in run_pull of queue element PullQEl_hw_read3palm_detection_lite/conv25!
[2024-11-13 10:07:04.249] [190037] [HailoRT] [info] [queue_elements.cpp:811] [run_in_thread] Shutdown event was signaled in dequeue of UserBuffQEl3palm_detection_lite/conv25!
[2024-11-13 10:07:04.249] [190036] [HailoRT] [info] [queue_elements.cpp:54] [operator()] Thread in element PullQEl_hw_read3palm_detection_lite/conv25 is not running anymore, exiting..
[2024-11-13 10:07:04.249] [159140] [HailoRT] [info] [queue_elements.cpp:43] [~BaseQueueElement] Queue element PullQEl_hw_read3palm_detection_lite/conv25 has 0 frames in his Queue on destruction
[2024-11-13 10:07:04.249] [190037] [HailoRT] [info] [queue_elements.cpp:54] [operator()] Thread in element UserBuffQEl3palm_detection_lite/conv25 is not running anymore, exiting..
[2024-11-13 10:07:04.249] [159140] [HailoRT] [info] [queue_elements.cpp:43] [~BaseQueueElement] Queue element UserBuffQEl3palm_detection_lite/conv25 has 0 frames in his Queue on destruction
[2024-11-13 10:07:04.249] [190038] [HailoRT] [info] [queue_elements.cpp:690] [run_in_thread] Shutdown event was signaled in run_pull of queue element PullQEl_hw_read2palm_detection_lite/conv29!
[2024-11-13 10:07:04.249] [190039] [HailoRT] [info] [queue_elements.cpp:811] [run_in_thread] Shutdown event was signaled in dequeue of UserBuffQEl2palm_detection_lite/conv29!
[2024-11-13 10:07:04.249] [190038] [HailoRT] [info] [queue_elements.cpp:54] [operator()] Thread in element PullQEl_hw_read2palm_detection_lite/conv29 is not running anymore, exiting..
[2024-11-13 10:07:04.249] [159140] [HailoRT] [info] [queue_elements.cpp:43] [~BaseQueueElement] Queue element PullQEl_hw_read2palm_detection_lite/conv29 has 0 frames in his Queue on destruction
[2024-11-13 10:07:04.249] [190039] [HailoRT] [info] [queue_elements.cpp:54] [operator()] Thread in element UserBuffQEl2palm_detection_lite/conv29 is not running anymore, exiting..
[2024-11-13 10:07:04.249] [159140] [HailoRT] [info] [queue_elements.cpp:43] [~BaseQueueElement] Queue element UserBuffQEl2palm_detection_lite/conv29 has 0 frames in his Queue on destruction
[2024-11-13 10:07:04.249] [190040] [HailoRT] [info] [queue_elements.cpp:690] [run_in_thread] Shutdown event was signaled in run_pull of queue element PullQEl_hw_read0palm_detection_lite/conv30!
[2024-11-13 10:07:04.249] [190041] [HailoRT] [info] [queue_elements.cpp:811] [run_in_thread] Shutdown event was signaled in dequeue of UserBuffQEl0palm_detection_lite/conv30!
[2024-11-13 10:07:04.249] [190040] [HailoRT] [info] [queue_elements.cpp:54] [operator()] Thread in element PullQEl_hw_read0palm_detection_lite/conv30 is not running anymore, exiting..
[2024-11-13 10:07:04.249] [159140] [HailoRT] [info] [queue_elements.cpp:43] [~BaseQueueElement] Queue element PullQEl_hw_read0palm_detection_lite/conv30 has 0 frames in his Queue on destruction
[2024-11-13 10:07:04.249] [190041] [HailoRT] [info] [queue_elements.cpp:54] [operator()] Thread in element UserBuffQEl0palm_detection_lite/conv30 is not running anymore, exiting..
[2024-11-13 10:07:04.249] [159140] [HailoRT] [info] [queue_elements.cpp:43] [~BaseQueueElement] Queue element UserBuffQEl0palm_detection_lite/conv30 has 0 frames in his Queue on destruction
[2024-11-13 10:07:04.269] [159140] [HailoRT] [info] [edge_elements.cpp:52] [create] Created (HwWriteEl2palm_detection_lite/input_layer1 | hw_frame_size: 110592)
[2024-11-13 10:07:04.269] [159140] [HailoRT] [info] [vstream.cpp:754] [InputVStreamImpl] Creating palm_detection_lite/input_layer1...
[2024-11-13 10:07:04.269] [159140] [HailoRT] [info] [vstream_builder.cpp:102] [create_inputs] Input pipeline 'palm_detection_lite/input_layer1': (HwWriteEl2palm_detection_lite/input_layer1 | hw_frame_size: 110592) >> HW
[2024-11-13 10:07:04.269] [159140] [HailoRT] [info] [edge_elements.cpp:287] [create] Created (HwReadEl1palm_detection_lite/conv24 | hw_frame_size: 1152)
[2024-11-13 10:07:04.269] [159140] [HailoRT] [info] [queue_elements.cpp:613] [create] Created (PullQEl_hw_read1palm_detection_lite/conv24)
[2024-11-13 10:07:04.269] [159140] [HailoRT] [info] [filter_elements.cpp:360] [create] Created (PostInferEl1palm_detection_lite/conv24 | Quantization - src_type: UINT8, dst_type FLOAT32, limvals_min: -25.5854, limvals_max: 4.76007 | Reorder - src_order: FCR, src_shape: (12, 12, 8), dst_order: FCR, dst_shape: (12, 12, 6))
[2024-11-13 10:07:04.269] [159140] [HailoRT] [info] [queue_elements.cpp:756] [create] Created (UserBuffQEl1palm_detection_lite/conv24 | timeout: 10s)
[2024-11-13 10:07:04.269] [159140] [HailoRT] [info] [vstream.cpp:1107] [OutputVStreamImpl] Creating palm_detection_lite/conv24...
[2024-11-13 10:07:04.269] [159140] [HailoRT] [info] [vstream_builder.cpp:225] [create_outputs] Output pipeline 'palm_detection_lite/conv24': HW >> (HwReadEl1palm_detection_lite/conv24 | hw_frame_size: 1152) >> (PullQEl_hw_read1palm_detection_lite/conv24) >> (PostInferEl1palm_detection_lite/conv24 | Quantization - src_type: UINT8, dst_type FLOAT32, limvals_min: -25.5854, limvals_max: 4.76007 | Reorder - src_order: FCR, src_shape: (12, 12, 8), dst_order: FCR, dst_shape: (12, 12, 6)) >> (UserBuffQEl1palm_detection_lite/conv24 | timeout: 10s)
[2024-11-13 10:07:04.269] [159140] [HailoRT] [info] [edge_elements.cpp:287] [create] Created (HwReadEl3palm_detection_lite/conv25 | hw_frame_size: 16128)
[2024-11-13 10:07:04.269] [159140] [HailoRT] [info] [queue_elements.cpp:613] [create] Created (PullQEl_hw_read3palm_detection_lite/conv25)
[2024-11-13 10:07:04.269] [159140] [HailoRT] [info] [filter_elements.cpp:360] [create] Created (PostInferEl3palm_detection_lite/conv25 | Quantization - src_type: UINT8, dst_type FLOAT32, limvals_min: -75.2335, limvals_max: 140.323 | Reorder - src_order: FCR, src_shape: (12, 12, 112), dst_order: FCR, dst_shape: (12, 12, 108))
[2024-11-13 10:07:04.270] [159140] [HailoRT] [info] [queue_elements.cpp:756] [create] Created (UserBuffQEl3palm_detection_lite/conv25 | timeout: 10s)
[2024-11-13 10:07:04.270] [159140] [HailoRT] [info] [vstream.cpp:1107] [OutputVStreamImpl] Creating palm_detection_lite/conv25...
[2024-11-13 10:07:04.270] [159140] [HailoRT] [info] [vstream_builder.cpp:225] [create_outputs] Output pipeline 'palm_detection_lite/conv25': HW >> (HwReadEl3palm_detection_lite/conv25 | hw_frame_size: 16128) >> (PullQEl_hw_read3palm_detection_lite/conv25) >> (PostInferEl3palm_detection_lite/conv25 | Quantization - src_type: UINT8, dst_type FLOAT32, limvals_min: -75.2335, limvals_max: 140.323 | Reorder - src_order: FCR, src_shape: (12, 12, 112), dst_order: FCR, dst_shape: (12, 12, 108)) >> (UserBuffQEl3palm_detection_lite/conv25 | timeout: 10s)
[2024-11-13 10:07:04.270] [159140] [HailoRT] [info] [edge_elements.cpp:287] [create] Created (HwReadEl2palm_detection_lite/conv29 | hw_frame_size: 1152)
[2024-11-13 10:07:04.270] [159140] [HailoRT] [info] [queue_elements.cpp:613] [create] Created (PullQEl_hw_read2palm_detection_lite/conv29)
[2024-11-13 10:07:04.270] [159140] [HailoRT] [info] [filter_elements.cpp:360] [create] Created (PostInferEl2palm_detection_lite/conv29 | Quantization - src_type: UINT8, dst_type FLOAT32, limvals_min: -21.9402, limvals_max: 3.03637)
[2024-11-13 10:07:04.270] [159140] [HailoRT] [info] [queue_elements.cpp:756] [create] Created (UserBuffQEl2palm_detection_lite/conv29 | timeout: 10s)
[2024-11-13 10:07:04.270] [159140] [HailoRT] [info] [vstream.cpp:1107] [OutputVStreamImpl] Creating palm_detection_lite/conv29...
[2024-11-13 10:07:04.270] [159140] [HailoRT] [info] [vstream_builder.cpp:225] [create_outputs] Output pipeline 'palm_detection_lite/conv29': HW >> (HwReadEl2palm_detection_lite/conv29 | hw_frame_size: 1152) >> (PullQEl_hw_read2palm_detection_lite/conv29) >> (PostInferEl2palm_detection_lite/conv29 | Quantization - src_type: UINT8, dst_type FLOAT32, limvals_min: -21.9402, limvals_max: 3.03637) >> (UserBuffQEl2palm_detection_lite/conv29 | timeout: 10s)
[2024-11-13 10:07:04.270] [159140] [HailoRT] [info] [edge_elements.cpp:287] [create] Created (HwReadEl0palm_detection_lite/conv30 | hw_frame_size: 23040)
[2024-11-13 10:07:04.270] [159140] [HailoRT] [info] [queue_elements.cpp:613] [create] Created (PullQEl_hw_read0palm_detection_lite/conv30)
[2024-11-13 10:07:04.270] [159140] [HailoRT] [info] [filter_elements.cpp:360] [create] Created (PostInferEl0palm_detection_lite/conv30 | Quantization - src_type: UINT8, dst_type FLOAT32, limvals_min: -36.3947, limvals_max: 52.8423 | Reorder - src_order: FCR, src_shape: (24, 24, 40), dst_order: FCR, dst_shape: (24, 24, 36))
[2024-11-13 10:07:04.270] [159140] [HailoRT] [info] [queue_elements.cpp:756] [create] Created (UserBuffQEl0palm_detection_lite/conv30 | timeout: 10s)
[2024-11-13 10:07:04.270] [159140] [HailoRT] [info] [vstream.cpp:1107] [OutputVStreamImpl] Creating palm_detection_lite/conv30...
[2024-11-13 10:07:04.270] [159140] [HailoRT] [info] [vstream_builder.cpp:225] [create_outputs] Output pipeline 'palm_detection_lite/conv30': HW >> (HwReadEl0palm_detection_lite/conv30 | hw_frame_size: 23040) >> (PullQEl_hw_read0palm_detection_lite/conv30) >> (PostInferEl0palm_detection_lite/conv30 | Quantization - src_type: UINT8, dst_type FLOAT32, limvals_min: -36.3947, limvals_max: 52.8423 | Reorder - src_order: FCR, src_shape: (24, 24, 40), dst_order: FCR, dst_shape: (24, 24, 36)) >> (UserBuffQEl0palm_detection_lite/conv30 | timeout: 10s)
[2024-11-13 10:07:04.270] [159140] [HailoRT] [info] [core_op.cpp:156] [activate] Activating palm_detection_lite took 0.416147 milliseconds. Note that the function is asynchronous and thus the network is not fully activated yet.
[2024-11-13 10:07:04.270] [159140] [HailoRT] [info] [core_op.cpp:156] [activate] Activating palm_detection_lite took 0.432739 milliseconds. Note that the function is asynchronous and thus the network is not fully activated yet.
[2024-11-13 10:07:04.280] [190047] [HailoRT] [info] [vdevice_native_stream.cpp:331] [read_impl] Failed read from stream HAILO_STREAM_NOT_ACTIVATED(72) (device: 0000:01:00.0)
[2024-11-13 10:07:04.280] [190051] [HailoRT] [info] [vdevice_native_stream.cpp:331] [read_impl] Failed read from stream HAILO_STREAM_NOT_ACTIVATED(72) (device: 0000:01:00.0)
[2024-11-13 10:07:04.280] [190053] [HailoRT] [info] [vdevice_native_stream.cpp:331] [read_impl] Failed read from stream HAILO_STREAM_NOT_ACTIVATED(72) (device: 0000:01:00.0)
[2024-11-13 10:07:04.280] [190049] [HailoRT] [info] [vdevice_native_stream.cpp:331] [read_impl] Failed read from stream HAILO_STREAM_NOT_ACTIVATED(72) (device: 0000:01:00.0)
[2024-11-13 10:07:04.280] [159140] [HailoRT] [info] [core_op.cpp:186] [deactivate] Deactivating took 0.476535 ms
[2024-11-13 10:07:04.280] [159140] [HailoRT] [info] [core_op.cpp:186] [deactivate] Deactivating took 0.489072 ms
[2024-11-13 10:07:04.280] [190047] [HailoRT] [info] [queue_elements.cpp:690] [run_in_thread] Shutdown event was signaled in run_pull of queue element PullQEl_hw_read1palm_detection_lite/conv24!
[2024-11-13 10:07:04.280] [190048] [HailoRT] [info] [queue_elements.cpp:811] [run_in_thread] Shutdown event was signaled in dequeue of UserBuffQEl1palm_detection_lite/conv24!
[2024-11-13 10:07:04.280] [190047] [HailoRT] [info] [queue_elements.cpp:54] [operator()] Thread in element PullQEl_hw_read1palm_detection_lite/conv24 is not running anymore, exiting..
[2024-11-13 10:07:04.280] [159140] [HailoRT] [info] [queue_elements.cpp:43] [~BaseQueueElement] Queue element PullQEl_hw_read1palm_detection_lite/conv24 has 0 frames in his Queue on destruction
[2024-11-13 10:07:04.280] [190048] [HailoRT] [info] [queue_elements.cpp:54] [operator()] Thread in element UserBuffQEl1palm_detection_lite/conv24 is not running anymore, exiting..
[2024-11-13 10:07:04.280] [159140] [HailoRT] [info] [queue_elements.cpp:43] [~BaseQueueElement] Queue element UserBuffQEl1palm_detection_lite/conv24 has 0 frames in his Queue on destruction
[2024-11-13 10:07:04.280] [190049] [HailoRT] [info] [queue_elements.cpp:690] [run_in_thread] Shutdown event was signaled in run_pull of queue element PullQEl_hw_read3palm_detection_lite/conv25!
[2024-11-13 10:07:04.280] [190050] [HailoRT] [info] [queue_elements.cpp:811] [run_in_thread] Shutdown event was signaled in dequeue of UserBuffQEl3palm_detection_lite/conv25!
[2024-11-13 10:07:04.280] [190049] [HailoRT] [info] [queue_elements.cpp:54] [operator()] Thread in element PullQEl_hw_read3palm_detection_lite/conv25 is not running anymore, exiting..
[2024-11-13 10:07:04.280] [159140] [HailoRT] [info] [queue_elements.cpp:43] [~BaseQueueElement] Queue element PullQEl_hw_read3palm_detection_lite/conv25 has 0 frames in his Queue on destruction
[2024-11-13 10:07:04.280] [190050] [HailoRT] [info] [queue_elements.cpp:54] [operator()] Thread in element UserBuffQEl3palm_detection_lite/conv25 is not running anymore, exiting..
[2024-11-13 10:07:04.280] [159140] [HailoRT] [info] [queue_elements.cpp:43] [~BaseQueueElement] Queue element UserBuffQEl3palm_detection_lite/conv25 has 0 frames in his Queue on destruction
[2024-11-13 10:07:04.280] [190051] [HailoRT] [info] [queue_elements.cpp:690] [run_in_thread] Shutdown event was signaled in run_pull of queue element PullQEl_hw_read2palm_detection_lite/conv29!
[2024-11-13 10:07:04.280] [190052] [HailoRT] [info] [queue_elements.cpp:811] [run_in_thread] Shutdown event was signaled in dequeue of UserBuffQEl2palm_detection_lite/conv29!
[2024-11-13 10:07:04.281] [190051] [HailoRT] [info] [queue_elements.cpp:54] [operator()] Thread in element PullQEl_hw_read2palm_detection_lite/conv29 is not running anymore, exiting..
[2024-11-13 10:07:04.281] [159140] [HailoRT] [info] [queue_elements.cpp:43] [~BaseQueueElement] Queue element PullQEl_hw_read2palm_detection_lite/conv29 has 0 frames in his Queue on destruction
[2024-11-13 10:07:04.281] [190052] [HailoRT] [info] [queue_elements.cpp:54] [operator()] Thread in element UserBuffQEl2palm_detection_lite/conv29 is not running anymore, exiting..
[2024-11-13 10:07:04.281] [159140] [HailoRT] [info] [queue_elements.cpp:43] [~BaseQueueElement] Queue element UserBuffQEl2palm_detection_lite/conv29 has 0 frames in his Queue on destruction
[2024-11-13 10:07:04.281] [190053] [HailoRT] [info] [queue_elements.cpp:690] [run_in_thread] Shutdown event was signaled in run_pull of queue element PullQEl_hw_read0palm_detection_lite/conv30!
[2024-11-13 10:07:04.281] [190054] [HailoRT] [info] [queue_elements.cpp:811] [run_in_thread] Shutdown event was signaled in dequeue of UserBuffQEl0palm_detection_lite/conv30!
[2024-11-13 10:07:04.281] [190053] [HailoRT] [info] [queue_elements.cpp:54] [operator()] Thread in element PullQEl_hw_read0palm_detection_lite/conv30 is not running anymore, exiting..
[2024-11-13 10:07:04.281] [159140] [HailoRT] [info] [queue_elements.cpp:43] [~BaseQueueElement] Queue element PullQEl_hw_read0palm_detection_lite/conv30 has 0 frames in his Queue on destruction
[2024-11-13 10:07:04.281] [190054] [HailoRT] [info] [queue_elements.cpp:54] [operator()] Thread in element UserBuffQEl0palm_detection_lite/conv30 is not running anymore, exiting..
[2024-11-13 10:07:04.281] [159140] [HailoRT] [info] [queue_elements.cpp:43] [~BaseQueueElement] Queue element UserBuffQEl0palm_detection_lite/conv30 has 0 frames in his Queue on destruction
[2024-11-13 10:07:04.306] [159140] [HailoRT] [info] [edge_elements.cpp:52] [create] Created (HwWriteEl2palm_detection_lite/input_layer1 | hw_frame_size: 110592)
[2024-11-13 10:07:04.306] [159140] [HailoRT] [info] [vstream.cpp:754] [InputVStreamImpl] Creating palm_detection_lite/input_layer1...
[2024-11-13 10:07:04.306] [159140] [HailoRT] [info] [vstream_builder.cpp:102] [create_inputs] Input pipeline 'palm_detection_lite/input_layer1': (HwWriteEl2palm_detection_lite/input_layer1 | hw_frame_size: 110592) >> HW
[2024-11-13 10:07:04.306] [159140] [HailoRT] [info] [edge_elements.cpp:287] [create] Created (HwReadEl1palm_detection_lite/conv24 | hw_frame_size: 1152)
[2024-11-13 10:07:04.306] [159140] [HailoRT] [info] [queue_elements.cpp:613] [create] Created (PullQEl_hw_read1palm_detection_lite/conv24)
[2024-11-13 10:07:04.306] [159140] [HailoRT] [info] [filter_elements.cpp:360] [create] Created (PostInferEl1palm_detection_lite/conv24 | Quantization - src_type: UINT8, dst_type FLOAT32, limvals_min: -25.5854, limvals_max: 4.76007 | Reorder - src_order: FCR, src_shape: (12, 12, 8), dst_order: FCR, dst_shape: (12, 12, 6))
[2024-11-13 10:07:04.306] [159140] [HailoRT] [info] [queue_elements.cpp:756] [create] Created (UserBuffQEl1palm_detection_lite/conv24 | timeout: 10s)
[2024-11-13 10:07:04.306] [159140] [HailoRT] [info] [vstream.cpp:1107] [OutputVStreamImpl] Creating palm_detection_lite/conv24...
[2024-11-13 10:07:04.306] [159140] [HailoRT] [info] [vstream_builder.cpp:225] [create_outputs] Output pipeline 'palm_detection_lite/conv24': HW >> (HwReadEl1palm_detection_lite/conv24 | hw_frame_size: 1152) >> (PullQEl_hw_read1palm_detection_lite/conv24) >> (PostInferEl1palm_detection_lite/conv24 | Quantization - src_type: UINT8, dst_type FLOAT32, limvals_min: -25.5854, limvals_max: 4.76007 | Reorder - src_order: FCR, src_shape: (12, 12, 8), dst_order: FCR, dst_shape: (12, 12, 6)) >> (UserBuffQEl1palm_detection_lite/conv24 | timeout: 10s)
[2024-11-13 10:07:04.306] [159140] [HailoRT] [info] [edge_elements.cpp:287] [create] Created (HwReadEl3palm_detection_lite/conv25 | hw_frame_size: 16128)
[2024-11-13 10:07:04.306] [159140] [HailoRT] [info] [queue_elements.cpp:613] [create] Created (PullQEl_hw_read3palm_detection_lite/conv25)
[2024-11-13 10:07:04.306] [159140] [HailoRT] [info] [filter_elements.cpp:360] [create] Created (PostInferEl3palm_detection_lite/conv25 | Quantization - src_type: UINT8, dst_type FLOAT32, limvals_min: -75.2335, limvals_max: 140.323 | Reorder - src_order: FCR, src_shape: (12, 12, 112), dst_order: FCR, dst_shape: (12, 12, 108))
[2024-11-13 10:07:04.306] [159140] [HailoRT] [info] [queue_elements.cpp:756] [create] Created (UserBuffQEl3palm_detection_lite/conv25 | timeout: 10s)
[2024-11-13 10:07:04.306] [159140] [HailoRT] [info] [vstream.cpp:1107] [OutputVStreamImpl] Creating palm_detection_lite/conv25...
[2024-11-13 10:07:04.306] [159140] [HailoRT] [info] [vstream_builder.cpp:225] [create_outputs] Output pipeline 'palm_detection_lite/conv25': HW >> (HwReadEl3palm_detection_lite/conv25 | hw_frame_size: 16128) >> (PullQEl_hw_read3palm_detection_lite/conv25) >> (PostInferEl3palm_detection_lite/conv25 | Quantization - src_type: UINT8, dst_type FLOAT32, limvals_min: -75.2335, limvals_max: 140.323 | Reorder - src_order: FCR, src_shape: (12, 12, 112), dst_order: FCR, dst_shape: (12, 12, 108)) >> (UserBuffQEl3palm_detection_lite/conv25 | timeout: 10s)
[2024-11-13 10:07:04.306] [159140] [HailoRT] [info] [edge_elements.cpp:287] [create] Created (HwReadEl2palm_detection_lite/conv29 | hw_frame_size: 1152)
[2024-11-13 10:07:04.306] [159140] [HailoRT] [info] [queue_elements.cpp:613] [create] Created (PullQEl_hw_read2palm_detection_lite/conv29)
[2024-11-13 10:07:04.306] [159140] [HailoRT] [info] [filter_elements.cpp:360] [create] Created (PostInferEl2palm_detection_lite/conv29 | Quantization - src_type: UINT8, dst_type FLOAT32, limvals_min: -21.9402, limvals_max: 3.03637)
[2024-11-13 10:07:04.306] [159140] [HailoRT] [info] [queue_elements.cpp:756] [create] Created (UserBuffQEl2palm_detection_lite/conv29 | timeout: 10s)
[2024-11-13 10:07:04.307] [159140] [HailoRT] [info] [vstream.cpp:1107] [OutputVStreamImpl] Creating palm_detection_lite/conv29...
[2024-11-13 10:07:04.307] [159140] [HailoRT] [info] [vstream_builder.cpp:225] [create_outputs] Output pipeline 'palm_detection_lite/conv29': HW >> (HwReadEl2palm_detection_lite/conv29 | hw_frame_size: 1152) >> (PullQEl_hw_read2palm_detection_lite/conv29) >> (PostInferEl2palm_detection_lite/conv29 | Quantization - src_type: UINT8, dst_type FLOAT32, limvals_min: -21.9402, limvals_max: 3.03637) >> (UserBuffQEl2palm_detection_lite/conv29 | timeout: 10s)
[2024-11-13 10:07:04.307] [159140] [HailoRT] [info] [edge_elements.cpp:287] [create] Created (HwReadEl0palm_detection_lite/conv30 | hw_frame_size: 23040)
[2024-11-13 10:07:04.307] [159140] [HailoRT] [info] [queue_elements.cpp:613] [create] Created (PullQEl_hw_read0palm_detection_lite/conv30)
[2024-11-13 10:07:04.307] [159140] [HailoRT] [info] [filter_elements.cpp:360] [create] Created (PostInferEl0palm_detection_lite/conv30 | Quantization - src_type: UINT8, dst_type FLOAT32, limvals_min: -36.3947, limvals_max: 52.8423 | Reorder - src_order: FCR, src_shape: (24, 24, 40), dst_order: FCR, dst_shape: (24, 24, 36))
[2024-11-13 10:07:04.307] [159140] [HailoRT] [info] [queue_elements.cpp:756] [create] Created (UserBuffQEl0palm_detection_lite/conv30 | timeout: 10s)
[2024-11-13 10:07:04.307] [159140] [HailoRT] [info] [vstream.cpp:1107] [OutputVStreamImpl] Creating palm_detection_lite/conv30...
[2024-11-13 10:07:04.307] [159140] [HailoRT] [info] [vstream_builder.cpp:225] [create_outputs] Output pipeline 'palm_detection_lite/conv30': HW >> (HwReadEl0palm_detection_lite/conv30 | hw_frame_size: 23040) >> (PullQEl_hw_read0palm_detection_lite/conv30) >> (PostInferEl0palm_detection_lite/conv30 | Quantization - src_type: UINT8, dst_type FLOAT32, limvals_min: -36.3947, limvals_max: 52.8423 | Reorder - src_order: FCR, src_shape: (24, 24, 40), dst_order: FCR, dst_shape: (24, 24, 36)) >> (UserBuffQEl0palm_detection_lite/conv30 | timeout: 10s)
[2024-11-13 10:07:04.307] [159140] [HailoRT] [info] [core_op.cpp:156] [activate] Activating palm_detection_lite took 0.351128 milliseconds. Note that the function is asynchronous and thus the network is not fully activated yet.
[2024-11-13 10:07:04.307] [159140] [HailoRT] [info] [core_op.cpp:156] [activate] Activating palm_detection_lite took 0.375295 milliseconds. Note that the function is asynchronous and thus the network is not fully activated yet.
[2024-11-13 10:07:04.316] [190062] [HailoRT] [info] [vdevice_native_stream.cpp:331] [read_impl] Failed read from stream HAILO_STREAM_NOT_ACTIVATED(72) (device: 0000:01:00.0)
[2024-11-13 10:07:04.316] [190066] [HailoRT] [info] [vdevice_native_stream.cpp:331] [read_impl] Failed read from stream HAILO_STREAM_NOT_ACTIVATED(72) (device: 0000:01:00.0)
[2024-11-13 10:07:04.316] [190064] [HailoRT] [info] [vdevice_native_stream.cpp:331] [read_impl] Failed read from stream HAILO_STREAM_NOT_ACTIVATED(72) (device: 0000:01:00.0)
[2024-11-13 10:07:04.316] [190060] [HailoRT] [info] [vdevice_native_stream.cpp:331] [read_impl] Failed read from stream HAILO_STREAM_NOT_ACTIVATED(72) (device: 0000:01:00.0)
[2024-11-13 10:07:04.317] [159140] [HailoRT] [info] [core_op.cpp:186] [deactivate] Deactivating took 0.474758 ms
[2024-11-13 10:07:04.317] [159140] [HailoRT] [info] [core_op.cpp:186] [deactivate] Deactivating took 0.486813 ms
[2024-11-13 10:07:04.317] [190060] [HailoRT] [info] [queue_elements.cpp:690] [run_in_thread] Shutdown event was signaled in run_pull of queue element PullQEl_hw_read1palm_detection_lite/conv24!
[2024-11-13 10:07:04.317] [190061] [HailoRT] [info] [queue_elements.cpp:811] [run_in_thread] Shutdown event was signaled in dequeue of UserBuffQEl1palm_detection_lite/conv24!
[2024-11-13 10:07:04.317] [190060] [HailoRT] [info] [queue_elements.cpp:54] [operator()] Thread in element PullQEl_hw_read1palm_detection_lite/conv24 is not running anymore, exiting..
[2024-11-13 10:07:04.317] [159140] [HailoRT] [info] [queue_elements.cpp:43] [~BaseQueueElement] Queue element PullQEl_hw_read1palm_detection_lite/conv24 has 0 frames in his Queue on destruction
[2024-11-13 10:07:04.317] [190061] [HailoRT] [info] [queue_elements.cpp:54] [operator()] Thread in element UserBuffQEl1palm_detection_lite/conv24 is not running anymore, exiting..
[2024-11-13 10:07:04.317] [159140] [HailoRT] [info] [queue_elements.cpp:43] [~BaseQueueElement] Queue element UserBuffQEl1palm_detection_lite/conv24 has 0 frames in his Queue on destruction
[2024-11-13 10:07:04.317] [190062] [HailoRT] [info] [queue_elements.cpp:690] [run_in_thread] Shutdown event was signaled in run_pull of queue element PullQEl_hw_read3palm_detection_lite/conv25!
[2024-11-13 10:07:04.317] [190063] [HailoRT] [info] [queue_elements.cpp:811] [run_in_thread] Shutdown event was signaled in dequeue of UserBuffQEl3palm_detection_lite/conv25!
[2024-11-13 10:07:04.317] [190062] [HailoRT] [info] [queue_elements.cpp:54] [operator()] Thread in element PullQEl_hw_read3palm_detection_lite/conv25 is not running anymore, exiting..
[2024-11-13 10:07:04.317] [159140] [HailoRT] [info] [queue_elements.cpp:43] [~BaseQueueElement] Queue element PullQEl_hw_read3palm_detection_lite/conv25 has 0 frames in his Queue on destruction
[2024-11-13 10:07:04.317] [190063] [HailoRT] [info] [queue_elements.cpp:54] [operator()] Thread in element UserBuffQEl3palm_detection_lite/conv25 is not running anymore, exiting..
[2024-11-13 10:07:04.317] [159140] [HailoRT] [info] [queue_elements.cpp:43] [~BaseQueueElement] Queue element UserBuffQEl3palm_detection_lite/conv25 has 0 frames in his Queue on destruction
[2024-11-13 10:07:04.317] [190064] [HailoRT] [info] [queue_elements.cpp:690] [run_in_thread] Shutdown event was signaled in run_pull of queue element PullQEl_hw_read2palm_detection_lite/conv29!
[2024-11-13 10:07:04.317] [190065] [HailoRT] [info] [queue_elements.cpp:811] [run_in_thread] Shutdown event was signaled in dequeue of UserBuffQEl2palm_detection_lite/conv29!
[2024-11-13 10:07:04.317] [190064] [HailoRT] [info] [queue_elements.cpp:54] [operator()] Thread in element PullQEl_hw_read2palm_detection_lite/conv29 is not running anymore, exiting..
[2024-11-13 10:07:04.317] [159140] [HailoRT] [info] [queue_elements.cpp:43] [~BaseQueueElement] Queue element PullQEl_hw_read2palm_detection_lite/conv29 has 0 frames in his Queue on destruction
[2024-11-13 10:07:04.317] [190065] [HailoRT] [info] [queue_elements.cpp:54] [operator()] Thread in element UserBuffQEl2palm_detection_lite/conv29 is not running anymore, exiting..
[2024-11-13 10:07:04.317] [159140] [HailoRT] [info] [queue_elements.cpp:43] [~BaseQueueElement] Queue element UserBuffQEl2palm_detection_lite/conv29 has 0 frames in his Queue on destruction
[2024-11-13 10:07:04.317] [190066] [HailoRT] [info] [queue_elements.cpp:690] [run_in_thread] Shutdown event was signaled in run_pull of queue element PullQEl_hw_read0palm_detection_lite/conv30!
[2024-11-13 10:07:04.317] [190067] [HailoRT] [info] [queue_elements.cpp:811] [run_in_thread] Shutdown event was signaled in dequeue of UserBuffQEl0palm_detection_lite/conv30!
[2024-11-13 10:07:04.317] [190066] [HailoRT] [info] [queue_elements.cpp:54] [operator()] Thread in element PullQEl_hw_read0palm_detection_lite/conv30 is not running anymore, exiting..
[2024-11-13 10:07:04.317] [159140] [HailoRT] [info] [queue_elements.cpp:43] [~BaseQueueElement] Queue element PullQEl_hw_read0palm_detection_lite/conv30 has 0 frames in his Queue on destruction
[2024-11-13 10:07:04.317] [190067] [HailoRT] [info] [queue_elements.cpp:54] [operator()] Thread in element UserBuffQEl0palm_detection_lite/conv30 is not running anymore, exiting..
[2024-11-13 10:07:04.317] [159140] [HailoRT] [info] [queue_elements.cpp:43] [~BaseQueueElement] Queue element UserBuffQEl0palm_detection_lite/conv30 has 0 frames in his Queue on destruction
[2024-11-13 10:07:04.337] [159140] [HailoRT] [info] [edge_elements.cpp:52] [create] Created (HwWriteEl2palm_detection_lite/input_layer1 | hw_frame_size: 110592)
[2024-11-13 10:07:04.338] [159140] [HailoRT] [info] [vstream.cpp:754] [InputVStreamImpl] Creating palm_detection_lite/input_layer1...
[2024-11-13 10:07:04.338] [159140] [HailoRT] [info] [vstream_builder.cpp:102] [create_inputs] Input pipeline 'palm_detection_lite/input_layer1': (HwWriteEl2palm_detection_lite/input_layer1 | hw_frame_size: 110592) >> HW
[2024-11-13 10:07:04.338] [159140] [HailoRT] [info] [edge_elements.cpp:287] [create] Created (HwReadEl1palm_detection_lite/conv24 | hw_frame_size: 1152)
[2024-11-13 10:07:04.338] [159140] [HailoRT] [info] [queue_elements.cpp:613] [create] Created (PullQEl_hw_read1palm_detection_lite/conv24)
[2024-11-13 10:07:04.338] [159140] [HailoRT] [info] [filter_elements.cpp:360] [create] Created (PostInferEl1palm_detection_lite/conv24 | Quantization - src_type: UINT8, dst_type FLOAT32, limvals_min: -25.5854, limvals_max: 4.76007 | Reorder - src_order: FCR, src_shape: (12, 12, 8), dst_order: FCR, dst_shape: (12, 12, 6))
[2024-11-13 10:07:04.338] [159140] [HailoRT] [info] [queue_elements.cpp:756] [create] Created (UserBuffQEl1palm_detection_lite/conv24 | timeout: 10s)
[2024-11-13 10:07:04.338] [159140] [HailoRT] [info] [vstream.cpp:1107] [OutputVStreamImpl] Creating palm_detection_lite/conv24...
[2024-11-13 10:07:04.338] [159140] [HailoRT] [info] [vstream_builder.cpp:225] [create_outputs] Output pipeline 'palm_detection_lite/conv24': HW >> (HwReadEl1palm_detection_lite/conv24 | hw_frame_size: 1152) >> (PullQEl_hw_read1palm_detection_lite/conv24) >> (PostInferEl1palm_detection_lite/conv24 | Quantization - src_type: UINT8, dst_type FLOAT32, limvals_min: -25.5854, limvals_max: 4.76007 | Reorder - src_order: FCR, src_shape: (12, 12, 8), dst_order: FCR, dst_shape: (12, 12, 6)) >> (UserBuffQEl1palm_detection_lite/conv24 | timeout: 10s)
[2024-11-13 10:07:04.338] [159140] [HailoRT] [info] [edge_elements.cpp:287] [create] Created (HwReadEl3palm_detection_lite/conv25 | hw_frame_size: 16128)
[2024-11-13 10:07:04.338] [159140] [HailoRT] [info] [queue_elements.cpp:613] [create] Created (PullQEl_hw_read3palm_detection_lite/conv25)
[2024-11-13 10:07:04.338] [159140] [HailoRT] [info] [filter_elements.cpp:360] [create] Created (PostInferEl3palm_detection_lite/conv25 | Quantization - src_type: UINT8, dst_type FLOAT32, limvals_min: -75.2335, limvals_max: 140.323 | Reorder - src_order: FCR, src_shape: (12, 12, 112), dst_order: FCR, dst_shape: (12, 12, 108))
[2024-11-13 10:07:04.338] [159140] [HailoRT] [info] [queue_elements.cpp:756] [create] Created (UserBuffQEl3palm_detection_lite/conv25 | timeout: 10s)
[2024-11-13 10:07:04.338] [159140] [HailoRT] [info] [vstream.cpp:1107] [OutputVStreamImpl] Creating palm_detection_lite/conv25...
[2024-11-13 10:07:04.338] [159140] [HailoRT] [info] [vstream_builder.cpp:225] [create_outputs] Output pipeline 'palm_detection_lite/conv25': HW >> (HwReadEl3palm_detection_lite/conv25 | hw_frame_size: 16128) >> (PullQEl_hw_read3palm_detection_lite/conv25) >> (PostInferEl3palm_detection_lite/conv25 | Quantization - src_type: UINT8, dst_type FLOAT32, limvals_min: -75.2335, limvals_max: 140.323 | Reorder - src_order: FCR, src_shape: (12, 12, 112), dst_order: FCR, dst_shape: (12, 12, 108)) >> (UserBuffQEl3palm_detection_lite/conv25 | timeout: 10s)
[2024-11-13 10:07:04.338] [159140] [HailoRT] [info] [edge_elements.cpp:287] [create] Created (HwReadEl2palm_detection_lite/conv29 | hw_frame_size: 1152)
[2024-11-13 10:07:04.338] [159140] [HailoRT] [info] [queue_elements.cpp:613] [create] Created (PullQEl_hw_read2palm_detection_lite/conv29)
[2024-11-13 10:07:04.338] [159140] [HailoRT] [info] [filter_elements.cpp:360] [create] Created (PostInferEl2palm_detection_lite/conv29 | Quantization - src_type: UINT8, dst_type FLOAT32, limvals_min: -21.9402, limvals_max: 3.03637)
[2024-11-13 10:07:04.338] [159140] [HailoRT] [info] [queue_elements.cpp:756] [create] Created (UserBuffQEl2palm_detection_lite/conv29 | timeout: 10s)
[2024-11-13 10:07:04.338] [159140] [HailoRT] [info] [vstream.cpp:1107] [OutputVStreamImpl] Creating palm_detection_lite/conv29...
[2024-11-13 10:07:04.338] [159140] [HailoRT] [info] [vstream_builder.cpp:225] [create_outputs] Output pipeline 'palm_detection_lite/conv29': HW >> (HwReadEl2palm_detection_lite/conv29 | hw_frame_size: 1152) >> (PullQEl_hw_read2palm_detection_lite/conv29) >> (PostInferEl2palm_detection_lite/conv29 | Quantization - src_type: UINT8, dst_type FLOAT32, limvals_min: -21.9402, limvals_max: 3.03637) >> (UserBuffQEl2palm_detection_lite/conv29 | timeout: 10s)
[2024-11-13 10:07:04.338] [159140] [HailoRT] [info] [edge_elements.cpp:287] [create] Created (HwReadEl0palm_detection_lite/conv30 | hw_frame_size: 23040)
[2024-11-13 10:07:04.338] [159140] [HailoRT] [info] [queue_elements.cpp:613] [create] Created (PullQEl_hw_read0palm_detection_lite/conv30)
[2024-11-13 10:07:04.339] [159140] [HailoRT] [info] [filter_elements.cpp:360] [create] Created (PostInferEl0palm_detection_lite/conv30 | Quantization - src_type: UINT8, dst_type FLOAT32, limvals_min: -36.3947, limvals_max: 52.8423 | Reorder - src_order: FCR, src_shape: (24, 24, 40), dst_order: FCR, dst_shape: (24, 24, 36))
[2024-11-13 10:07:04.339] [159140] [HailoRT] [info] [queue_elements.cpp:756] [create] Created (UserBuffQEl0palm_detection_lite/conv30 | timeout: 10s)
[2024-11-13 10:07:04.339] [159140] [HailoRT] [info] [vstream.cpp:1107] [OutputVStreamImpl] Creating palm_detection_lite/conv30...
[2024-11-13 10:07:04.339] [159140] [HailoRT] [info] [vstream_builder.cpp:225] [create_outputs] Output pipeline 'palm_detection_lite/conv30': HW >> (HwReadEl0palm_detection_lite/conv30 | hw_frame_size: 23040) >> (PullQEl_hw_read0palm_detection_lite/conv30) >> (PostInferEl0palm_detection_lite/conv30 | Quantization - src_type: UINT8, dst_type FLOAT32, limvals_min: -36.3947, limvals_max: 52.8423 | Reorder - src_order: FCR, src_shape: (24, 24, 40), dst_order: FCR, dst_shape: (24, 24, 36)) >> (UserBuffQEl0palm_detection_lite/conv30 | timeout: 10s)
[2024-11-13 10:07:04.339] [159140] [HailoRT] [info] [core_op.cpp:156] [activate] Activating palm_detection_lite took 0.421405 milliseconds. Note that the function is asynchronous and thus the network is not fully activated yet.
[2024-11-13 10:07:04.339] [159140] [HailoRT] [info] [core_op.cpp:156] [activate] Activating palm_detection_lite took 0.438054 milliseconds. Note that the function is asynchronous and thus the network is not fully activated yet.
[2024-11-13 10:07:04.348] [190073] [HailoRT] [info] [vdevice_native_stream.cpp:331] [read_impl] Failed read from stream HAILO_STREAM_NOT_ACTIVATED(72) (device: 0000:01:00.0)
[2024-11-13 10:07:04.348] [190077] [HailoRT] [info] [vdevice_native_stream.cpp:331] [read_impl] Failed read from stream HAILO_STREAM_NOT_ACTIVATED(72) (device: 0000:01:00.0)
[2024-11-13 10:07:04.348] [190079] [HailoRT] [info] [vdevice_native_stream.cpp:331] [read_impl] Failed read from stream HAILO_STREAM_NOT_ACTIVATED(72) (device: 0000:01:00.0)
[2024-11-13 10:07:04.348] [190075] [HailoRT] [info] [vdevice_native_stream.cpp:331] [read_impl] Failed read from stream HAILO_STREAM_NOT_ACTIVATED(72) (device: 0000:01:00.0)
[2024-11-13 10:07:04.349] [159140] [HailoRT] [info] [core_op.cpp:186] [deactivate] Deactivating took 0.478017 ms
[2024-11-13 10:07:04.349] [159140] [HailoRT] [info] [core_op.cpp:186] [deactivate] Deactivating took 0.489739 ms
[2024-11-13 10:07:04.349] [190073] [HailoRT] [info] [queue_elements.cpp:690] [run_in_thread] Shutdown event was signaled in run_pull of queue element PullQEl_hw_read1palm_detection_lite/conv24!
[2024-11-13 10:07:04.349] [190074] [HailoRT] [info] [queue_elements.cpp:811] [run_in_thread] Shutdown event was signaled in dequeue of UserBuffQEl1palm_detection_lite/conv24!
[2024-11-13 10:07:04.349] [190073] [HailoRT] [info] [queue_elements.cpp:54] [operator()] Thread in element PullQEl_hw_read1palm_detection_lite/conv24 is not running anymore, exiting..
[2024-11-13 10:07:04.349] [159140] [HailoRT] [info] [queue_elements.cpp:43] [~BaseQueueElement] Queue element PullQEl_hw_read1palm_detection_lite/conv24 has 0 frames in his Queue on destruction
[2024-11-13 10:07:04.349] [190074] [HailoRT] [info] [queue_elements.cpp:54] [operator()] Thread in element UserBuffQEl1palm_detection_lite/conv24 is not running anymore, exiting..
[2024-11-13 10:07:04.349] [159140] [HailoRT] [info] [queue_elements.cpp:43] [~BaseQueueElement] Queue element UserBuffQEl1palm_detection_lite/conv24 has 0 frames in his Queue on destruction
[2024-11-13 10:07:04.349] [190075] [HailoRT] [info] [queue_elements.cpp:690] [run_in_thread] Shutdown event was signaled in run_pull of queue element PullQEl_hw_read3palm_detection_lite/conv25!
[2024-11-13 10:07:04.349] [190076] [HailoRT] [info] [queue_elements.cpp:811] [run_in_thread] Shutdown event was signaled in dequeue of UserBuffQEl3palm_detection_lite/conv25!
[2024-11-13 10:07:04.349] [190075] [HailoRT] [info] [queue_elements.cpp:54] [operator()] Thread in element PullQEl_hw_read3palm_detection_lite/conv25 is not running anymore, exiting..
[2024-11-13 10:07:04.349] [159140] [HailoRT] [info] [queue_elements.cpp:43] [~BaseQueueElement] Queue element PullQEl_hw_read3palm_detection_lite/conv25 has 0 frames in his Queue on destruction
[2024-11-13 10:07:04.349] [190076] [HailoRT] [info] [queue_elements.cpp:54] [operator()] Thread in element UserBuffQEl3palm_detection_lite/conv25 is not running anymore, exiting..
[2024-11-13 10:07:04.349] [159140] [HailoRT] [info] [queue_elements.cpp:43] [~BaseQueueElement] Queue element UserBuffQEl3palm_detection_lite/conv25 has 0 frames in his Queue on destruction
[2024-11-13 10:07:04.349] [190077] [HailoRT] [info] [queue_elements.cpp:690] [run_in_thread] Shutdown event was signaled in run_pull of queue element PullQEl_hw_read2palm_detection_lite/conv29!
[2024-11-13 10:07:04.349] [190078] [HailoRT] [info] [queue_elements.cpp:811] [run_in_thread] Shutdown event was signaled in dequeue of UserBuffQEl2palm_detection_lite/conv29!
[2024-11-13 10:07:04.349] [190077] [HailoRT] [info] [queue_elements.cpp:54] [operator()] Thread in element PullQEl_hw_read2palm_detection_lite/conv29 is not running anymore, exiting..
[2024-11-13 10:07:04.349] [159140] [HailoRT] [info] [queue_elements.cpp:43] [~BaseQueueElement] Queue element PullQEl_hw_read2palm_detection_lite/conv29 has 0 frames in his Queue on destruction
[2024-11-13 10:07:04.349] [190078] [HailoRT] [info] [queue_elements.cpp:54] [operator()] Thread in element UserBuffQEl2palm_detection_lite/conv29 is not running anymore, exiting..
[2024-11-13 10:07:04.349] [159140] [HailoRT] [info] [queue_elements.cpp:43] [~BaseQueueElement] Queue element UserBuffQEl2palm_detection_lite/conv29 has 0 frames in his Queue on destruction
[2024-11-13 10:07:04.349] [190079] [HailoRT] [info] [queue_elements.cpp:690] [run_in_thread] Shutdown event was signaled in run_pull of queue element PullQEl_hw_read0palm_detection_lite/conv30!
[2024-11-13 10:07:04.349] [190080] [HailoRT] [info] [queue_elements.cpp:811] [run_in_thread] Shutdown event was signaled in dequeue of UserBuffQEl0palm_detection_lite/conv30!
[2024-11-13 10:07:04.349] [190079] [HailoRT] [info] [queue_elements.cpp:54] [operator()] Thread in element PullQEl_hw_read0palm_detection_lite/conv30 is not running anymore, exiting..
[2024-11-13 10:07:04.349] [159140] [HailoRT] [info] [queue_elements.cpp:43] [~BaseQueueElement] Queue element PullQEl_hw_read0palm_detection_lite/conv30 has 0 frames in his Queue on destruction
[2024-11-13 10:07:04.349] [190080] [HailoRT] [info] [queue_elements.cpp:54] [operator()] Thread in element UserBuffQEl0palm_detection_lite/conv30 is not running anymore, exiting..
[2024-11-13 10:07:04.349] [159140] [HailoRT] [info] [queue_elements.cpp:43] [~BaseQueueElement] Queue element UserBuffQEl0palm_detection_lite/conv30 has 0 frames in his Queue on destruction
[2024-11-13 10:07:04.369] [159140] [HailoRT] [info] [edge_elements.cpp:52] [create] Created (HwWriteEl2palm_detection_lite/input_layer1 | hw_frame_size: 110592)
[2024-11-13 10:07:04.369] [159140] [HailoRT] [info] [vstream.cpp:754] [InputVStreamImpl] Creating palm_detection_lite/input_layer1...
[2024-11-13 10:07:04.369] [159140] [HailoRT] [info] [vstream_builder.cpp:102] [create_inputs] Input pipeline 'palm_detection_lite/input_layer1': (HwWriteEl2palm_detection_lite/input_layer1 | hw_frame_size: 110592) >> HW
[2024-11-13 10:07:04.369] [159140] [HailoRT] [info] [edge_elements.cpp:287] [create] Created (HwReadEl1palm_detection_lite/conv24 | hw_frame_size: 1152)
[2024-11-13 10:07:04.369] [159140] [HailoRT] [info] [queue_elements.cpp:613] [create] Created (PullQEl_hw_read1palm_detection_lite/conv24)
[2024-11-13 10:07:04.369] [159140] [HailoRT] [info] [filter_elements.cpp:360] [create] Created (PostInferEl1palm_detection_lite/conv24 | Quantization - src_type: UINT8, dst_type FLOAT32, limvals_min: -25.5854, limvals_max: 4.76007 | Reorder - src_order: FCR, src_shape: (12, 12, 8), dst_order: FCR, dst_shape: (12, 12, 6))
[2024-11-13 10:07:04.369] [159140] [HailoRT] [info] [queue_elements.cpp:756] [create] Created (UserBuffQEl1palm_detection_lite/conv24 | timeout: 10s)
[2024-11-13 10:07:04.369] [159140] [HailoRT] [info] [vstream.cpp:1107] [OutputVStreamImpl] Creating palm_detection_lite/conv24...
[2024-11-13 10:07:04.369] [159140] [HailoRT] [info] [vstream_builder.cpp:225] [create_outputs] Output pipeline 'palm_detection_lite/conv24': HW >> (HwReadEl1palm_detection_lite/conv24 | hw_frame_size: 1152) >> (PullQEl_hw_read1palm_detection_lite/conv24) >> (PostInferEl1palm_detection_lite/conv24 | Quantization - src_type: UINT8, dst_type FLOAT32, limvals_min: -25.5854, limvals_max: 4.76007 | Reorder - src_order: FCR, src_shape: (12, 12, 8), dst_order: FCR, dst_shape: (12, 12, 6)) >> (UserBuffQEl1palm_detection_lite/conv24 | timeout: 10s)
[2024-11-13 10:07:04.369] [159140] [HailoRT] [info] [edge_elements.cpp:287] [create] Created (HwReadEl3palm_detection_lite/conv25 | hw_frame_size: 16128)
[2024-11-13 10:07:04.369] [159140] [HailoRT] [info] [queue_elements.cpp:613] [create] Created (PullQEl_hw_read3palm_detection_lite/conv25)
[2024-11-13 10:07:04.369] [159140] [HailoRT] [info] [filter_elements.cpp:360] [create] Created (PostInferEl3palm_detection_lite/conv25 | Quantization - src_type: UINT8, dst_type FLOAT32, limvals_min: -75.2335, limvals_max: 140.323 | Reorder - src_order: FCR, src_shape: (12, 12, 112), dst_order: FCR, dst_shape: (12, 12, 108))
[2024-11-13 10:07:04.369] [159140] [HailoRT] [info] [queue_elements.cpp:756] [create] Created (UserBuffQEl3palm_detection_lite/conv25 | timeout: 10s)
[2024-11-13 10:07:04.369] [159140] [HailoRT] [info] [vstream.cpp:1107] [OutputVStreamImpl] Creating palm_detection_lite/conv25...
[2024-11-13 10:07:04.369] [159140] [HailoRT] [info] [vstream_builder.cpp:225] [create_outputs] Output pipeline 'palm_detection_lite/conv25': HW >> (HwReadEl3palm_detection_lite/conv25 | hw_frame_size: 16128) >> (PullQEl_hw_read3palm_detection_lite/conv25) >> (PostInferEl3palm_detection_lite/conv25 | Quantization - src_type: UINT8, dst_type FLOAT32, limvals_min: -75.2335, limvals_max: 140.323 | Reorder - src_order: FCR, src_shape: (12, 12, 112), dst_order: FCR, dst_shape: (12, 12, 108)) >> (UserBuffQEl3palm_detection_lite/conv25 | timeout: 10s)
[2024-11-13 10:07:04.370] [159140] [HailoRT] [info] [edge_elements.cpp:287] [create] Created (HwReadEl2palm_detection_lite/conv29 | hw_frame_size: 1152)
[2024-11-13 10:07:04.370] [159140] [HailoRT] [info] [queue_elements.cpp:613] [create] Created (PullQEl_hw_read2palm_detection_lite/conv29)
[2024-11-13 10:07:04.370] [159140] [HailoRT] [info] [filter_elements.cpp:360] [create] Created (PostInferEl2palm_detection_lite/conv29 | Quantization - src_type: UINT8, dst_type FLOAT32, limvals_min: -21.9402, limvals_max: 3.03637)
[2024-11-13 10:07:04.370] [159140] [HailoRT] [info] [queue_elements.cpp:756] [create] Created (UserBuffQEl2palm_detection_lite/conv29 | timeout: 10s)
[2024-11-13 10:07:04.370] [159140] [HailoRT] [info] [vstream.cpp:1107] [OutputVStreamImpl] Creating palm_detection_lite/conv29...
[2024-11-13 10:07:04.370] [159140] [HailoRT] [info] [vstream_builder.cpp:225] [create_outputs] Output pipeline 'palm_detection_lite/conv29': HW >> (HwReadEl2palm_detection_lite/conv29 | hw_frame_size: 1152) >> (PullQEl_hw_read2palm_detection_lite/conv29) >> (PostInferEl2palm_detection_lite/conv29 | Quantization - src_type: UINT8, dst_type FLOAT32, limvals_min: -21.9402, limvals_max: 3.03637) >> (UserBuffQEl2palm_detection_lite/conv29 | timeout: 10s)
[2024-11-13 10:07:04.370] [159140] [HailoRT] [info] [edge_elements.cpp:287] [create] Created (HwReadEl0palm_detection_lite/conv30 | hw_frame_size: 23040)
[2024-11-13 10:07:04.370] [159140] [HailoRT] [info] [queue_elements.cpp:613] [create] Created (PullQEl_hw_read0palm_detection_lite/conv30)
[2024-11-13 10:07:04.370] [159140] [HailoRT] [info] [filter_elements.cpp:360] [create] Created (PostInferEl0palm_detection_lite/conv30 | Quantization - src_type: UINT8, dst_type FLOAT32, limvals_min: -36.3947, limvals_max: 52.8423 | Reorder - src_order: FCR, src_shape: (24, 24, 40), dst_order: FCR, dst_shape: (24, 24, 36))
[2024-11-13 10:07:04.370] [159140] [HailoRT] [info] [queue_elements.cpp:756] [create] Created (UserBuffQEl0palm_detection_lite/conv30 | timeout: 10s)
[2024-11-13 10:07:04.370] [159140] [HailoRT] [info] [vstream.cpp:1107] [OutputVStreamImpl] Creating palm_detection_lite/conv30...
[2024-11-13 10:07:04.370] [159140] [HailoRT] [info] [vstream_builder.cpp:225] [create_outputs] Output pipeline 'palm_detection_lite/conv30': HW >> (HwReadEl0palm_detection_lite/conv30 | hw_frame_size: 23040) >> (PullQEl_hw_read0palm_detection_lite/conv30) >> (PostInferEl0palm_detection_lite/conv30 | Quantization - src_type: UINT8, dst_type FLOAT32, limvals_min: -36.3947, limvals_max: 52.8423 | Reorder - src_order: FCR, src_shape: (24, 24, 40), dst_order: FCR, dst_shape: (24, 24, 36)) >> (UserBuffQEl0palm_detection_lite/conv30 | timeout: 10s)
[2024-11-13 10:07:04.370] [159140] [HailoRT] [info] [core_op.cpp:156] [activate] Activating palm_detection_lite took 0.423369 milliseconds. Note that the function is asynchronous and thus the network is not fully activated yet.
[2024-11-13 10:07:04.370] [159140] [HailoRT] [info] [core_op.cpp:156] [activate] Activating palm_detection_lite took 0.441035 milliseconds. Note that the function is asynchronous and thus the network is not fully activated yet.
[2024-11-13 10:07:04.380] [190086] [HailoRT] [info] [vdevice_native_stream.cpp:331] [read_impl] Failed read from stream HAILO_STREAM_NOT_ACTIVATED(72) (device: 0000:01:00.0)
[2024-11-13 10:07:04.380] [190090] [HailoRT] [info] [vdevice_native_stream.cpp:331] [read_impl] Failed read from stream HAILO_STREAM_NOT_ACTIVATED(72) (device: 0000:01:00.0)
[2024-11-13 10:07:04.380] [190092] [HailoRT] [info] [vdevice_native_stream.cpp:331] [read_impl] Failed read from stream HAILO_STREAM_NOT_ACTIVATED(72) (device: 0000:01:00.0)
[2024-11-13 10:07:04.380] [190088] [HailoRT] [info] [vdevice_native_stream.cpp:331] [read_impl] Failed read from stream HAILO_STREAM_NOT_ACTIVATED(72) (device: 0000:01:00.0)
[2024-11-13 10:07:04.380] [159140] [HailoRT] [info] [core_op.cpp:186] [deactivate] Deactivating took 0.47635 ms
[2024-11-13 10:07:04.380] [159140] [HailoRT] [info] [core_op.cpp:186] [deactivate] Deactivating took 0.487647 ms
[2024-11-13 10:07:04.380] [190086] [HailoRT] [info] [queue_elements.cpp:690] [run_in_thread] Shutdown event was signaled in run_pull of queue element PullQEl_hw_read1palm_detection_lite/conv24!
[2024-11-13 10:07:04.380] [190087] [HailoRT] [info] [queue_elements.cpp:811] [run_in_thread] Shutdown event was signaled in dequeue of UserBuffQEl1palm_detection_lite/conv24!
[2024-11-13 10:07:04.380] [190086] [HailoRT] [info] [queue_elements.cpp:54] [operator()] Thread in element PullQEl_hw_read1palm_detection_lite/conv24 is not running anymore, exiting..
[2024-11-13 10:07:04.380] [159140] [HailoRT] [info] [queue_elements.cpp:43] [~BaseQueueElement] Queue element PullQEl_hw_read1palm_detection_lite/conv24 has 0 frames in his Queue on destruction
[2024-11-13 10:07:04.380] [190087] [HailoRT] [info] [queue_elements.cpp:54] [operator()] Thread in element UserBuffQEl1palm_detection_lite/conv24 is not running anymore, exiting..
[2024-11-13 10:07:04.380] [159140] [HailoRT] [info] [queue_elements.cpp:43] [~BaseQueueElement] Queue element UserBuffQEl1palm_detection_lite/conv24 has 0 frames in his Queue on destruction
[2024-11-13 10:07:04.380] [190088] [HailoRT] [info] [queue_elements.cpp:690] [run_in_thread] Shutdown event was signaled in run_pull of queue element PullQEl_hw_read3palm_detection_lite/conv25!
[2024-11-13 10:07:04.380] [190089] [HailoRT] [info] [queue_elements.cpp:811] [run_in_thread] Shutdown event was signaled in dequeue of UserBuffQEl3palm_detection_lite/conv25!
[2024-11-13 10:07:04.380] [190088] [HailoRT] [info] [queue_elements.cpp:54] [operator()] Thread in element PullQEl_hw_read3palm_detection_lite/conv25 is not running anymore, exiting..
[2024-11-13 10:07:04.380] [159140] [HailoRT] [info] [queue_elements.cpp:43] [~BaseQueueElement] Queue element PullQEl_hw_read3palm_detection_lite/conv25 has 0 frames in his Queue on destruction
[2024-11-13 10:07:04.380] [190089] [HailoRT] [info] [queue_elements.cpp:54] [operator()] Thread in element UserBuffQEl3palm_detection_lite/conv25 is not running anymore, exiting..
[2024-11-13 10:07:04.380] [159140] [HailoRT] [info] [queue_elements.cpp:43] [~BaseQueueElement] Queue element UserBuffQEl3palm_detection_lite/conv25 has 0 frames in his Queue on destruction
[2024-11-13 10:07:04.380] [190090] [HailoRT] [info] [queue_elements.cpp:690] [run_in_thread] Shutdown event was signaled in run_pull of queue element PullQEl_hw_read2palm_detection_lite/conv29!
[2024-11-13 10:07:04.380] [190091] [HailoRT] [info] [queue_elements.cpp:811] [run_in_thread] Shutdown event was signaled in dequeue of UserBuffQEl2palm_detection_lite/conv29!
[2024-11-13 10:07:04.380] [190090] [HailoRT] [info] [queue_elements.cpp:54] [operator()] Thread in element PullQEl_hw_read2palm_detection_lite/conv29 is not running anymore, exiting..
[2024-11-13 10:07:04.380] [159140] [HailoRT] [info] [queue_elements.cpp:43] [~BaseQueueElement] Queue element PullQEl_hw_read2palm_detection_lite/conv29 has 0 frames in his Queue on destruction
[2024-11-13 10:07:04.380] [190091] [HailoRT] [info] [queue_elements.cpp:54] [operator()] Thread in element UserBuffQEl2palm_detection_lite/conv29 is not running anymore, exiting..
[2024-11-13 10:07:04.380] [159140] [HailoRT] [info] [queue_elements.cpp:43] [~BaseQueueElement] Queue element UserBuffQEl2palm_detection_lite/conv29 has 0 frames in his Queue on destruction
[2024-11-13 10:07:04.381] [190092] [HailoRT] [info] [queue_elements.cpp:690] [run_in_thread] Shutdown event was signaled in run_pull of queue element PullQEl_hw_read0palm_detection_lite/conv30!
[2024-11-13 10:07:04.381] [190093] [HailoRT] [info] [queue_elements.cpp:811] [run_in_thread] Shutdown event was signaled in dequeue of UserBuffQEl0palm_detection_lite/conv30!
[2024-11-13 10:07:04.381] [190092] [HailoRT] [info] [queue_elements.cpp:54] [operator()] Thread in element PullQEl_hw_read0palm_detection_lite/conv30 is not running anymore, exiting..
[2024-11-13 10:07:04.381] [159140] [HailoRT] [info] [queue_elements.cpp:43] [~BaseQueueElement] Queue element PullQEl_hw_read0palm_detection_lite/conv30 has 0 frames in his Queue on destruction
[2024-11-13 10:07:04.381] [190093] [HailoRT] [info] [queue_elements.cpp:54] [operator()] Thread in element UserBuffQEl0palm_detection_lite/conv30 is not running anymore, exiting..
[2024-11-13 10:07:04.381] [159140] [HailoRT] [info] [queue_elements.cpp:43] [~BaseQueueElement] Queue element UserBuffQEl0palm_detection_lite/conv30 has 0 frames in his Queue on destruction
[2024-11-13 10:07:04.406] [159140] [HailoRT] [info] [edge_elements.cpp:52] [create] Created (HwWriteEl2palm_detection_lite/input_layer1 | hw_frame_size: 110592)
[2024-11-13 10:07:04.406] [159140] [HailoRT] [info] [vstream.cpp:754] [InputVStreamImpl] Creating palm_detection_lite/input_layer1...
[2024-11-13 10:07:04.406] [159140] [HailoRT] [info] [vstream_builder.cpp:102] [create_inputs] Input pipeline 'palm_detection_lite/input_layer1': (HwWriteEl2palm_detection_lite/input_layer1 | hw_frame_size: 110592) >> HW
[2024-11-13 10:07:04.406] [159140] [HailoRT] [info] [edge_elements.cpp:287] [create] Created (HwReadEl1palm_detection_lite/conv24 | hw_frame_size: 1152)
[2024-11-13 10:07:04.406] [159140] [HailoRT] [info] [queue_elements.cpp:613] [create] Created (PullQEl_hw_read1palm_detection_lite/conv24)
[2024-11-13 10:07:04.406] [159140] [HailoRT] [info] [filter_elements.cpp:360] [create] Created (PostInferEl1palm_detection_lite/conv24 | Quantization - src_type: UINT8, dst_type FLOAT32, limvals_min: -25.5854, limvals_max: 4.76007 | Reorder - src_order: FCR, src_shape: (12, 12, 8), dst_order: FCR, dst_shape: (12, 12, 6))
[2024-11-13 10:07:04.406] [159140] [HailoRT] [info] [queue_elements.cpp:756] [create] Created (UserBuffQEl1palm_detection_lite/conv24 | timeout: 10s)
[2024-11-13 10:07:04.406] [159140] [HailoRT] [info] [vstream.cpp:1107] [OutputVStreamImpl] Creating palm_detection_lite/conv24...
[2024-11-13 10:07:04.406] [159140] [HailoRT] [info] [vstream_builder.cpp:225] [create_outputs] Output pipeline 'palm_detection_lite/conv24': HW >> (HwReadEl1palm_detection_lite/conv24 | hw_frame_size: 1152) >> (PullQEl_hw_read1palm_detection_lite/conv24) >> (PostInferEl1palm_detection_lite/conv24 | Quantization - src_type: UINT8, dst_type FLOAT32, limvals_min: -25.5854, limvals_max: 4.76007 | Reorder - src_order: FCR, src_shape: (12, 12, 8), dst_order: FCR, dst_shape: (12, 12, 6)) >> (UserBuffQEl1palm_detection_lite/conv24 | timeout: 10s)
[2024-11-13 10:07:04.406] [159140] [HailoRT] [info] [edge_elements.cpp:287] [create] Created (HwReadEl3palm_detection_lite/conv25 | hw_frame_size: 16128)
[2024-11-13 10:07:04.406] [159140] [HailoRT] [info] [queue_elements.cpp:613] [create] Created (PullQEl_hw_read3palm_detection_lite/conv25)
[2024-11-13 10:07:04.406] [159140] [HailoRT] [info] [filter_elements.cpp:360] [create] Created (PostInferEl3palm_detection_lite/conv25 | Quantization - src_type: UINT8, dst_type FLOAT32, limvals_min: -75.2335, limvals_max: 140.323 | Reorder - src_order: FCR, src_shape: (12, 12, 112), dst_order: FCR, dst_shape: (12, 12, 108))
[2024-11-13 10:07:04.406] [159140] [HailoRT] [info] [queue_elements.cpp:756] [create] Created (UserBuffQEl3palm_detection_lite/conv25 | timeout: 10s)
[2024-11-13 10:07:04.406] [159140] [HailoRT] [info] [vstream.cpp:1107] [OutputVStreamImpl] Creating palm_detection_lite/conv25...
[2024-11-13 10:07:04.406] [159140] [HailoRT] [info] [vstream_builder.cpp:225] [create_outputs] Output pipeline 'palm_detection_lite/conv25': HW >> (HwReadEl3palm_detection_lite/conv25 | hw_frame_size: 16128) >> (PullQEl_hw_read3palm_detection_lite/conv25) >> (PostInferEl3palm_detection_lite/conv25 | Quantization - src_type: UINT8, dst_type FLOAT32, limvals_min: -75.2335, limvals_max: 140.323 | Reorder - src_order: FCR, src_shape: (12, 12, 112), dst_order: FCR, dst_shape: (12, 12, 108)) >> (UserBuffQEl3palm_detection_lite/conv25 | timeout: 10s)
[2024-11-13 10:07:04.406] [159140] [HailoRT] [info] [edge_elements.cpp:287] [create] Created (HwReadEl2palm_detection_lite/conv29 | hw_frame_size: 1152)
[2024-11-13 10:07:04.406] [159140] [HailoRT] [info] [queue_elements.cpp:613] [create] Created (PullQEl_hw_read2palm_detection_lite/conv29)
[2024-11-13 10:07:04.406] [159140] [HailoRT] [info] [filter_elements.cpp:360] [create] Created (PostInferEl2palm_detection_lite/conv29 | Quantization - src_type: UINT8, dst_type FLOAT32, limvals_min: -21.9402, limvals_max: 3.03637)
[2024-11-13 10:07:04.406] [159140] [HailoRT] [info] [queue_elements.cpp:756] [create] Created (UserBuffQEl2palm_detection_lite/conv29 | timeout: 10s)
[2024-11-13 10:07:04.406] [159140] [HailoRT] [info] [vstream.cpp:1107] [OutputVStreamImpl] Creating palm_detection_lite/conv29...
[2024-11-13 10:07:04.407] [159140] [HailoRT] [info] [vstream_builder.cpp:225] [create_outputs] Output pipeline 'palm_detection_lite/conv29': HW >> (HwReadEl2palm_detection_lite/conv29 | hw_frame_size: 1152) >> (PullQEl_hw_read2palm_detection_lite/conv29) >> (PostInferEl2palm_detection_lite/conv29 | Quantization - src_type: UINT8, dst_type FLOAT32, limvals_min: -21.9402, limvals_max: 3.03637) >> (UserBuffQEl2palm_detection_lite/conv29 | timeout: 10s)
[2024-11-13 10:07:04.407] [159140] [HailoRT] [info] [edge_elements.cpp:287] [create] Created (HwReadEl0palm_detection_lite/conv30 | hw_frame_size: 23040)
[2024-11-13 10:07:04.407] [159140] [HailoRT] [info] [queue_elements.cpp:613] [create] Created (PullQEl_hw_read0palm_detection_lite/conv30)
[2024-11-13 10:07:04.407] [159140] [HailoRT] [info] [filter_elements.cpp:360] [create] Created (PostInferEl0palm_detection_lite/conv30 | Quantization - src_type: UINT8, dst_type FLOAT32, limvals_min: -36.3947, limvals_max: 52.8423 | Reorder - src_order: FCR, src_shape: (24, 24, 40), dst_order: FCR, dst_shape: (24, 24, 36))
[2024-11-13 10:07:04.407] [159140] [HailoRT] [info] [queue_elements.cpp:756] [create] Created (UserBuffQEl0palm_detection_lite/conv30 | timeout: 10s)
[2024-11-13 10:07:04.407] [159140] [HailoRT] [info] [vstream.cpp:1107] [OutputVStreamImpl] Creating palm_detection_lite/conv30...
[2024-11-13 10:07:04.407] [159140] [HailoRT] [info] [vstream_builder.cpp:225] [create_outputs] Output pipeline 'palm_detection_lite/conv30': HW >> (HwReadEl0palm_detection_lite/conv30 | hw_frame_size: 23040) >> (PullQEl_hw_read0palm_detection_lite/conv30) >> (PostInferEl0palm_detection_lite/conv30 | Quantization - src_type: UINT8, dst_type FLOAT32, limvals_min: -36.3947, limvals_max: 52.8423 | Reorder - src_order: FCR, src_shape: (24, 24, 40), dst_order: FCR, dst_shape: (24, 24, 36)) >> (UserBuffQEl0palm_detection_lite/conv30 | timeout: 10s)
[2024-11-13 10:07:04.407] [159140] [HailoRT] [info] [core_op.cpp:156] [activate] Activating palm_detection_lite took 0.350517 milliseconds. Note that the function is asynchronous and thus the network is not fully activated yet.
[2024-11-13 10:07:04.407] [159140] [HailoRT] [info] [core_op.cpp:156] [activate] Activating palm_detection_lite took 0.361961 milliseconds. Note that the function is asynchronous and thus the network is not fully activated yet.
[2024-11-13 10:07:04.417] [190099] [HailoRT] [info] [vdevice_native_stream.cpp:331] [read_impl] Failed read from stream HAILO_STREAM_NOT_ACTIVATED(72) (device: 0000:01:00.0)
[2024-11-13 10:07:04.417] [190105] [HailoRT] [info] [vdevice_native_stream.cpp:331] [read_impl] Failed read from stream HAILO_STREAM_NOT_ACTIVATED(72) (device: 0000:01:00.0)
[2024-11-13 10:07:04.417] [190103] [HailoRT] [info] [vdevice_native_stream.cpp:331] [read_impl] Failed read from stream HAILO_STREAM_NOT_ACTIVATED(72) (device: 0000:01:00.0)
[2024-11-13 10:07:04.417] [190101] [HailoRT] [info] [vdevice_native_stream.cpp:331] [read_impl] Failed read from stream HAILO_STREAM_NOT_ACTIVATED(72) (device: 0000:01:00.0)
[2024-11-13 10:07:04.417] [159140] [HailoRT] [info] [core_op.cpp:186] [deactivate] Deactivating took 0.442499 ms
[2024-11-13 10:07:04.417] [159140] [HailoRT] [info] [core_op.cpp:186] [deactivate] Deactivating took 0.455072 ms
[2024-11-13 10:07:04.417] [190099] [HailoRT] [info] [queue_elements.cpp:690] [run_in_thread] Shutdown event was signaled in run_pull of queue element PullQEl_hw_read1palm_detection_lite/conv24!
[2024-11-13 10:07:04.417] [190100] [HailoRT] [info] [queue_elements.cpp:811] [run_in_thread] Shutdown event was signaled in dequeue of UserBuffQEl1palm_detection_lite/conv24!
[2024-11-13 10:07:04.417] [190099] [HailoRT] [info] [queue_elements.cpp:54] [operator()] Thread in element PullQEl_hw_read1palm_detection_lite/conv24 is not running anymore, exiting..
[2024-11-13 10:07:04.417] [159140] [HailoRT] [info] [queue_elements.cpp:43] [~BaseQueueElement] Queue element PullQEl_hw_read1palm_detection_lite/conv24 has 0 frames in his Queue on destruction
[2024-11-13 10:07:04.417] [190100] [HailoRT] [info] [queue_elements.cpp:54] [operator()] Thread in element UserBuffQEl1palm_detection_lite/conv24 is not running anymore, exiting..
[2024-11-13 10:07:04.417] [159140] [HailoRT] [info] [queue_elements.cpp:43] [~BaseQueueElement] Queue element UserBuffQEl1palm_detection_lite/conv24 has 0 frames in his Queue on destruction
[2024-11-13 10:07:04.417] [190101] [HailoRT] [info] [queue_elements.cpp:690] [run_in_thread] Shutdown event was signaled in run_pull of queue element PullQEl_hw_read3palm_detection_lite/conv25!
[2024-11-13 10:07:04.417] [190102] [HailoRT] [info] [queue_elements.cpp:811] [run_in_thread] Shutdown event was signaled in dequeue of UserBuffQEl3palm_detection_lite/conv25!
[2024-11-13 10:07:04.417] [190101] [HailoRT] [info] [queue_elements.cpp:54] [operator()] Thread in element PullQEl_hw_read3palm_detection_lite/conv25 is not running anymore, exiting..
[2024-11-13 10:07:04.417] [159140] [HailoRT] [info] [queue_elements.cpp:43] [~BaseQueueElement] Queue element PullQEl_hw_read3palm_detection_lite/conv25 has 0 frames in his Queue on destruction
[2024-11-13 10:07:04.417] [190102] [HailoRT] [info] [queue_elements.cpp:54] [operator()] Thread in element UserBuffQEl3palm_detection_lite/conv25 is not running anymore, exiting..
[2024-11-13 10:07:04.417] [159140] [HailoRT] [info] [queue_elements.cpp:43] [~BaseQueueElement] Queue element UserBuffQEl3palm_detection_lite/conv25 has 0 frames in his Queue on destruction
[2024-11-13 10:07:04.417] [190103] [HailoRT] [info] [queue_elements.cpp:690] [run_in_thread] Shutdown event was signaled in run_pull of queue element PullQEl_hw_read2palm_detection_lite/conv29!
[2024-11-13 10:07:04.417] [190104] [HailoRT] [info] [queue_elements.cpp:811] [run_in_thread] Shutdown event was signaled in dequeue of UserBuffQEl2palm_detection_lite/conv29!
[2024-11-13 10:07:04.417] [190103] [HailoRT] [info] [queue_elements.cpp:54] [operator()] Thread in element PullQEl_hw_read2palm_detection_lite/conv29 is not running anymore, exiting..
[2024-11-13 10:07:04.417] [159140] [HailoRT] [info] [queue_elements.cpp:43] [~BaseQueueElement] Queue element PullQEl_hw_read2palm_detection_lite/conv29 has 0 frames in his Queue on destruction
[2024-11-13 10:07:04.417] [190104] [HailoRT] [info] [queue_elements.cpp:54] [operator()] Thread in element UserBuffQEl2palm_detection_lite/conv29 is not running anymore, exiting..
[2024-11-13 10:07:04.417] [159140] [HailoRT] [info] [queue_elements.cpp:43] [~BaseQueueElement] Queue element UserBuffQEl2palm_detection_lite/conv29 has 0 frames in his Queue on destruction
[2024-11-13 10:07:04.417] [190105] [HailoRT] [info] [queue_elements.cpp:690] [run_in_thread] Shutdown event was signaled in run_pull of queue element PullQEl_hw_read0palm_detection_lite/conv30!
[2024-11-13 10:07:04.417] [190106] [HailoRT] [info] [queue_elements.cpp:811] [run_in_thread] Shutdown event was signaled in dequeue of UserBuffQEl0palm_detection_lite/conv30!
[2024-11-13 10:07:04.417] [190105] [HailoRT] [info] [queue_elements.cpp:54] [operator()] Thread in element PullQEl_hw_read0palm_detection_lite/conv30 is not running anymore, exiting..
[2024-11-13 10:07:04.417] [159140] [HailoRT] [info] [queue_elements.cpp:43] [~BaseQueueElement] Queue element PullQEl_hw_read0palm_detection_lite/conv30 has 0 frames in his Queue on destruction
[2024-11-13 10:07:04.417] [190106] [HailoRT] [info] [queue_elements.cpp:54] [operator()] Thread in element UserBuffQEl0palm_detection_lite/conv30 is not running anymore, exiting..
[2024-11-13 10:07:04.417] [159140] [HailoRT] [info] [queue_elements.cpp:43] [~BaseQueueElement] Queue element UserBuffQEl0palm_detection_lite/conv30 has 0 frames in his Queue on destruction
[2024-11-13 10:07:04.438] [159140] [HailoRT] [info] [edge_elements.cpp:52] [create] Created (HwWriteEl2palm_detection_lite/input_layer1 | hw_frame_size: 110592)
[2024-11-13 10:07:04.438] [159140] [HailoRT] [info] [vstream.cpp:754] [InputVStreamImpl] Creating palm_detection_lite/input_layer1...
[2024-11-13 10:07:04.438] [159140] [HailoRT] [info] [vstream_builder.cpp:102] [create_inputs] Input pipeline 'palm_detection_lite/input_layer1': (HwWriteEl2palm_detection_lite/input_layer1 | hw_frame_size: 110592) >> HW
[2024-11-13 10:07:04.438] [159140] [HailoRT] [info] [edge_elements.cpp:287] [create] Created (HwReadEl1palm_detection_lite/conv24 | hw_frame_size: 1152)
[2024-11-13 10:07:04.438] [159140] [HailoRT] [info] [queue_elements.cpp:613] [create] Created (PullQEl_hw_read1palm_detection_lite/conv24)
[2024-11-13 10:07:04.438] [159140] [HailoRT] [info] [filter_elements.cpp:360] [create] Created (PostInferEl1palm_detection_lite/conv24 | Quantization - src_type: UINT8, dst_type FLOAT32, limvals_min: -25.5854, limvals_max: 4.76007 | Reorder - src_order: FCR, src_shape: (12, 12, 8), dst_order: FCR, dst_shape: (12, 12, 6))
[2024-11-13 10:07:04.438] [159140] [HailoRT] [info] [queue_elements.cpp:756] [create] Created (UserBuffQEl1palm_detection_lite/conv24 | timeout: 10s)
[2024-11-13 10:07:04.438] [159140] [HailoRT] [info] [vstream.cpp:1107] [OutputVStreamImpl] Creating palm_detection_lite/conv24...
[2024-11-13 10:07:04.438] [159140] [HailoRT] [info] [vstream_builder.cpp:225] [create_outputs] Output pipeline 'palm_detection_lite/conv24': HW >> (HwReadEl1palm_detection_lite/conv24 | hw_frame_size: 1152) >> (PullQEl_hw_read1palm_detection_lite/conv24) >> (PostInferEl1palm_detection_lite/conv24 | Quantization - src_type: UINT8, dst_type FLOAT32, limvals_min: -25.5854, limvals_max: 4.76007 | Reorder - src_order: FCR, src_shape: (12, 12, 8), dst_order: FCR, dst_shape: (12, 12, 6)) >> (UserBuffQEl1palm_detection_lite/conv24 | timeout: 10s)
[2024-11-13 10:07:04.438] [159140] [HailoRT] [info] [edge_elements.cpp:287] [create] Created (HwReadEl3palm_detection_lite/conv25 | hw_frame_size: 16128)
[2024-11-13 10:07:04.438] [159140] [HailoRT] [info] [queue_elements.cpp:613] [create] Created (PullQEl_hw_read3palm_detection_lite/conv25)
[2024-11-13 10:07:04.438] [159140] [HailoRT] [info] [filter_elements.cpp:360] [create] Created (PostInferEl3palm_detection_lite/conv25 | Quantization - src_type: UINT8, dst_type FLOAT32, limvals_min: -75.2335, limvals_max: 140.323 | Reorder - src_order: FCR, src_shape: (12, 12, 112), dst_order: FCR, dst_shape: (12, 12, 108))
[2024-11-13 10:07:04.438] [159140] [HailoRT] [info] [queue_elements.cpp:756] [create] Created (UserBuffQEl3palm_detection_lite/conv25 | timeout: 10s)
[2024-11-13 10:07:04.438] [159140] [HailoRT] [info] [vstream.cpp:1107] [OutputVStreamImpl] Creating palm_detection_lite/conv25...
[2024-11-13 10:07:04.438] [159140] [HailoRT] [info] [vstream_builder.cpp:225] [create_outputs] Output pipeline 'palm_detection_lite/conv25': HW >> (HwReadEl3palm_detection_lite/conv25 | hw_frame_size: 16128) >> (PullQEl_hw_read3palm_detection_lite/conv25) >> (PostInferEl3palm_detection_lite/conv25 | Quantization - src_type: UINT8, dst_type FLOAT32, limvals_min: -75.2335, limvals_max: 140.323 | Reorder - src_order: FCR, src_shape: (12, 12, 112), dst_order: FCR, dst_shape: (12, 12, 108)) >> (UserBuffQEl3palm_detection_lite/conv25 | timeout: 10s)
[2024-11-13 10:07:04.438] [159140] [HailoRT] [info] [edge_elements.cpp:287] [create] Created (HwReadEl2palm_detection_lite/conv29 | hw_frame_size: 1152)
[2024-11-13 10:07:04.438] [159140] [HailoRT] [info] [queue_elements.cpp:613] [create] Created (PullQEl_hw_read2palm_detection_lite/conv29)
[2024-11-13 10:07:04.438] [159140] [HailoRT] [info] [filter_elements.cpp:360] [create] Created (PostInferEl2palm_detection_lite/conv29 | Quantization - src_type: UINT8, dst_type FLOAT32, limvals_min: -21.9402, limvals_max: 3.03637)
[2024-11-13 10:07:04.438] [159140] [HailoRT] [info] [queue_elements.cpp:756] [create] Created (UserBuffQEl2palm_detection_lite/conv29 | timeout: 10s)
[2024-11-13 10:07:04.438] [159140] [HailoRT] [info] [vstream.cpp:1107] [OutputVStreamImpl] Creating palm_detection_lite/conv29...
[2024-11-13 10:07:04.438] [159140] [HailoRT] [info] [vstream_builder.cpp:225] [create_outputs] Output pipeline 'palm_detection_lite/conv29': HW >> (HwReadEl2palm_detection_lite/conv29 | hw_frame_size: 1152) >> (PullQEl_hw_read2palm_detection_lite/conv29) >> (PostInferEl2palm_detection_lite/conv29 | Quantization - src_type: UINT8, dst_type FLOAT32, limvals_min: -21.9402, limvals_max: 3.03637) >> (UserBuffQEl2palm_detection_lite/conv29 | timeout: 10s)
[2024-11-13 10:07:04.438] [159140] [HailoRT] [info] [edge_elements.cpp:287] [create] Created (HwReadEl0palm_detection_lite/conv30 | hw_frame_size: 23040)
[2024-11-13 10:07:04.438] [159140] [HailoRT] [info] [queue_elements.cpp:613] [create] Created (PullQEl_hw_read0palm_detection_lite/conv30)
[2024-11-13 10:07:04.439] [159140] [HailoRT] [info] [filter_elements.cpp:360] [create] Created (PostInferEl0palm_detection_lite/conv30 | Quantization - src_type: UINT8, dst_type FLOAT32, limvals_min: -36.3947, limvals_max: 52.8423 | Reorder - src_order: FCR, src_shape: (24, 24, 40), dst_order: FCR, dst_shape: (24, 24, 36))
[2024-11-13 10:07:04.439] [159140] [HailoRT] [info] [queue_elements.cpp:756] [create] Created (UserBuffQEl0palm_detection_lite/conv30 | timeout: 10s)
[2024-11-13 10:07:04.439] [159140] [HailoRT] [info] [vstream.cpp:1107] [OutputVStreamImpl] Creating palm_detection_lite/conv30...
[2024-11-13 10:07:04.439] [159140] [HailoRT] [info] [vstream_builder.cpp:225] [create_outputs] Output pipeline 'palm_detection_lite/conv30': HW >> (HwReadEl0palm_detection_lite/conv30 | hw_frame_size: 23040) >> (PullQEl_hw_read0palm_detection_lite/conv30) >> (PostInferEl0palm_detection_lite/conv30 | Quantization - src_type: UINT8, dst_type FLOAT32, limvals_min: -36.3947, limvals_max: 52.8423 | Reorder - src_order: FCR, src_shape: (24, 24, 40), dst_order: FCR, dst_shape: (24, 24, 36)) >> (UserBuffQEl0palm_detection_lite/conv30 | timeout: 10s)
[2024-11-13 10:07:04.439] [159140] [HailoRT] [info] [core_op.cpp:156] [activate] Activating palm_detection_lite took 0.428609 milliseconds. Note that the function is asynchronous and thus the network is not fully activated yet.
[2024-11-13 10:07:04.439] [159140] [HailoRT] [info] [core_op.cpp:156] [activate] Activating palm_detection_lite took 0.445572 milliseconds. Note that the function is asynchronous and thus the network is not fully activated yet.
[2024-11-13 10:07:04.448] [190112] [HailoRT] [info] [vdevice_native_stream.cpp:331] [read_impl] Failed read from stream HAILO_STREAM_NOT_ACTIVATED(72) (device: 0000:01:00.0)
[2024-11-13 10:07:04.448] [190114] [HailoRT] [info] [vdevice_native_stream.cpp:331] [read_impl] Failed read from stream HAILO_STREAM_NOT_ACTIVATED(72) (device: 0000:01:00.0)
[2024-11-13 10:07:04.448] [190118] [HailoRT] [info] [vdevice_native_stream.cpp:331] [read_impl] Failed read from stream HAILO_STREAM_NOT_ACTIVATED(72) (device: 0000:01:00.0)
[2024-11-13 10:07:04.448] [190116] [HailoRT] [info] [vdevice_native_stream.cpp:331] [read_impl] Failed read from stream HAILO_STREAM_NOT_ACTIVATED(72) (device: 0000:01:00.0)
[2024-11-13 10:07:04.449] [159140] [HailoRT] [info] [core_op.cpp:186] [deactivate] Deactivating took 0.456479 ms
[2024-11-13 10:07:04.449] [159140] [HailoRT] [info] [core_op.cpp:186] [deactivate] Deactivating took 0.469128 ms
[2024-11-13 10:07:04.449] [190112] [HailoRT] [info] [queue_elements.cpp:690] [run_in_thread] Shutdown event was signaled in run_pull of queue element PullQEl_hw_read1palm_detection_lite/conv24!
[2024-11-13 10:07:04.449] [190113] [HailoRT] [info] [queue_elements.cpp:811] [run_in_thread] Shutdown event was signaled in dequeue of UserBuffQEl1palm_detection_lite/conv24!
[2024-11-13 10:07:04.449] [190112] [HailoRT] [info] [queue_elements.cpp:54] [operator()] Thread in element PullQEl_hw_read1palm_detection_lite/conv24 is not running anymore, exiting..
[2024-11-13 10:07:04.449] [159140] [HailoRT] [info] [queue_elements.cpp:43] [~BaseQueueElement] Queue element PullQEl_hw_read1palm_detection_lite/conv24 has 0 frames in his Queue on destruction
[2024-11-13 10:07:04.449] [190113] [HailoRT] [info] [queue_elements.cpp:54] [operator()] Thread in element UserBuffQEl1palm_detection_lite/conv24 is not running anymore, exiting..
[2024-11-13 10:07:04.449] [159140] [HailoRT] [info] [queue_elements.cpp:43] [~BaseQueueElement] Queue element UserBuffQEl1palm_detection_lite/conv24 has 0 frames in his Queue on destruction
[2024-11-13 10:07:04.449] [190114] [HailoRT] [info] [queue_elements.cpp:690] [run_in_thread] Shutdown event was signaled in run_pull of queue element PullQEl_hw_read3palm_detection_lite/conv25!
[2024-11-13 10:07:04.449] [190115] [HailoRT] [info] [queue_elements.cpp:811] [run_in_thread] Shutdown event was signaled in dequeue of UserBuffQEl3palm_detection_lite/conv25!
[2024-11-13 10:07:04.449] [190114] [HailoRT] [info] [queue_elements.cpp:54] [operator()] Thread in element PullQEl_hw_read3palm_detection_lite/conv25 is not running anymore, exiting..
[2024-11-13 10:07:04.449] [159140] [HailoRT] [info] [queue_elements.cpp:43] [~BaseQueueElement] Queue element PullQEl_hw_read3palm_detection_lite/conv25 has 0 frames in his Queue on destruction
[2024-11-13 10:07:04.449] [190115] [HailoRT] [info] [queue_elements.cpp:54] [operator()] Thread in element UserBuffQEl3palm_detection_lite/conv25 is not running anymore, exiting..
[2024-11-13 10:07:04.449] [159140] [HailoRT] [info] [queue_elements.cpp:43] [~BaseQueueElement] Queue element UserBuffQEl3palm_detection_lite/conv25 has 0 frames in his Queue on destruction
[2024-11-13 10:07:04.449] [190116] [HailoRT] [info] [queue_elements.cpp:690] [run_in_thread] Shutdown event was signaled in run_pull of queue element PullQEl_hw_read2palm_detection_lite/conv29!
[2024-11-13 10:07:04.449] [190117] [HailoRT] [info] [queue_elements.cpp:811] [run_in_thread] Shutdown event was signaled in dequeue of UserBuffQEl2palm_detection_lite/conv29!
[2024-11-13 10:07:04.449] [190116] [HailoRT] [info] [queue_elements.cpp:54] [operator()] Thread in element PullQEl_hw_read2palm_detection_lite/conv29 is not running anymore, exiting..
[2024-11-13 10:07:04.449] [159140] [HailoRT] [info] [queue_elements.cpp:43] [~BaseQueueElement] Queue element PullQEl_hw_read2palm_detection_lite/conv29 has 0 frames in his Queue on destruction
[2024-11-13 10:07:04.449] [190117] [HailoRT] [info] [queue_elements.cpp:54] [operator()] Thread in element UserBuffQEl2palm_detection_lite/conv29 is not running anymore, exiting..
[2024-11-13 10:07:04.449] [159140] [HailoRT] [info] [queue_elements.cpp:43] [~BaseQueueElement] Queue element UserBuffQEl2palm_detection_lite/conv29 has 0 frames in his Queue on destruction
[2024-11-13 10:07:04.449] [190118] [HailoRT] [info] [queue_elements.cpp:690] [run_in_thread] Shutdown event was signaled in run_pull of queue element PullQEl_hw_read0palm_detection_lite/conv30!
[2024-11-13 10:07:04.449] [190119] [HailoRT] [info] [queue_elements.cpp:811] [run_in_thread] Shutdown event was signaled in dequeue of UserBuffQEl0palm_detection_lite/conv30!
[2024-11-13 10:07:04.449] [190118] [HailoRT] [info] [queue_elements.cpp:54] [operator()] Thread in element PullQEl_hw_read0palm_detection_lite/conv30 is not running anymore, exiting..
[2024-11-13 10:07:04.449] [159140] [HailoRT] [info] [queue_elements.cpp:43] [~BaseQueueElement] Queue element PullQEl_hw_read0palm_detection_lite/conv30 has 0 frames in his Queue on destruction
[2024-11-13 10:07:04.449] [190119] [HailoRT] [info] [queue_elements.cpp:54] [operator()] Thread in element UserBuffQEl0palm_detection_lite/conv30 is not running anymore, exiting..
[2024-11-13 10:07:04.449] [159140] [HailoRT] [info] [queue_elements.cpp:43] [~BaseQueueElement] Queue element UserBuffQEl0palm_detection_lite/conv30 has 0 frames in his Queue on destruction
[2024-11-13 10:07:04.469] [159140] [HailoRT] [info] [edge_elements.cpp:52] [create] Created (HwWriteEl2palm_detection_lite/input_layer1 | hw_frame_size: 110592)
[2024-11-13 10:07:04.469] [159140] [HailoRT] [info] [vstream.cpp:754] [InputVStreamImpl] Creating palm_detection_lite/input_layer1...
[2024-11-13 10:07:04.469] [159140] [HailoRT] [info] [vstream_builder.cpp:102] [create_inputs] Input pipeline 'palm_detection_lite/input_layer1': (HwWriteEl2palm_detection_lite/input_layer1 | hw_frame_size: 110592) >> HW
[2024-11-13 10:07:04.469] [159140] [HailoRT] [info] [edge_elements.cpp:287] [create] Created (HwReadEl1palm_detection_lite/conv24 | hw_frame_size: 1152)
[2024-11-13 10:07:04.469] [159140] [HailoRT] [info] [queue_elements.cpp:613] [create] Created (PullQEl_hw_read1palm_detection_lite/conv24)
[2024-11-13 10:07:04.469] [159140] [HailoRT] [info] [filter_elements.cpp:360] [create] Created (PostInferEl1palm_detection_lite/conv24 | Quantization - src_type: UINT8, dst_type FLOAT32, limvals_min: -25.5854, limvals_max: 4.76007 | Reorder - src_order: FCR, src_shape: (12, 12, 8), dst_order: FCR, dst_shape: (12, 12, 6))
[2024-11-13 10:07:04.469] [159140] [HailoRT] [info] [queue_elements.cpp:756] [create] Created (UserBuffQEl1palm_detection_lite/conv24 | timeout: 10s)
[2024-11-13 10:07:04.469] [159140] [HailoRT] [info] [vstream.cpp:1107] [OutputVStreamImpl] Creating palm_detection_lite/conv24...
[2024-11-13 10:07:04.469] [159140] [HailoRT] [info] [vstream_builder.cpp:225] [create_outputs] Output pipeline 'palm_detection_lite/conv24': HW >> (HwReadEl1palm_detection_lite/conv24 | hw_frame_size: 1152) >> (PullQEl_hw_read1palm_detection_lite/conv24) >> (PostInferEl1palm_detection_lite/conv24 | Quantization - src_type: UINT8, dst_type FLOAT32, limvals_min: -25.5854, limvals_max: 4.76007 | Reorder - src_order: FCR, src_shape: (12, 12, 8), dst_order: FCR, dst_shape: (12, 12, 6)) >> (UserBuffQEl1palm_detection_lite/conv24 | timeout: 10s)
[2024-11-13 10:07:04.469] [159140] [HailoRT] [info] [edge_elements.cpp:287] [create] Created (HwReadEl3palm_detection_lite/conv25 | hw_frame_size: 16128)
[2024-11-13 10:07:04.469] [159140] [HailoRT] [info] [queue_elements.cpp:613] [create] Created (PullQEl_hw_read3palm_detection_lite/conv25)
[2024-11-13 10:07:04.469] [159140] [HailoRT] [info] [filter_elements.cpp:360] [create] Created (PostInferEl3palm_detection_lite/conv25 | Quantization - src_type: UINT8, dst_type FLOAT32, limvals_min: -75.2335, limvals_max: 140.323 | Reorder - src_order: FCR, src_shape: (12, 12, 112), dst_order: FCR, dst_shape: (12, 12, 108))
[2024-11-13 10:07:04.469] [159140] [HailoRT] [info] [queue_elements.cpp:756] [create] Created (UserBuffQEl3palm_detection_lite/conv25 | timeout: 10s)
[2024-11-13 10:07:04.469] [159140] [HailoRT] [info] [vstream.cpp:1107] [OutputVStreamImpl] Creating palm_detection_lite/conv25...
[2024-11-13 10:07:04.470] [159140] [HailoRT] [info] [vstream_builder.cpp:225] [create_outputs] Output pipeline 'palm_detection_lite/conv25': HW >> (HwReadEl3palm_detection_lite/conv25 | hw_frame_size: 16128) >> (PullQEl_hw_read3palm_detection_lite/conv25) >> (PostInferEl3palm_detection_lite/conv25 | Quantization - src_type: UINT8, dst_type FLOAT32, limvals_min: -75.2335, limvals_max: 140.323 | Reorder - src_order: FCR, src_shape: (12, 12, 112), dst_order: FCR, dst_shape: (12, 12, 108)) >> (UserBuffQEl3palm_detection_lite/conv25 | timeout: 10s)
[2024-11-13 10:07:04.470] [159140] [HailoRT] [info] [edge_elements.cpp:287] [create] Created (HwReadEl2palm_detection_lite/conv29 | hw_frame_size: 1152)
[2024-11-13 10:07:04.470] [159140] [HailoRT] [info] [queue_elements.cpp:613] [create] Created (PullQEl_hw_read2palm_detection_lite/conv29)
[2024-11-13 10:07:04.470] [159140] [HailoRT] [info] [filter_elements.cpp:360] [create] Created (PostInferEl2palm_detection_lite/conv29 | Quantization - src_type: UINT8, dst_type FLOAT32, limvals_min: -21.9402, limvals_max: 3.03637)
[2024-11-13 10:07:04.470] [159140] [HailoRT] [info] [queue_elements.cpp:756] [create] Created (UserBuffQEl2palm_detection_lite/conv29 | timeout: 10s)
[2024-11-13 10:07:04.470] [159140] [HailoRT] [info] [vstream.cpp:1107] [OutputVStreamImpl] Creating palm_detection_lite/conv29...
[2024-11-13 10:07:04.470] [159140] [HailoRT] [info] [vstream_builder.cpp:225] [create_outputs] Output pipeline 'palm_detection_lite/conv29': HW >> (HwReadEl2palm_detection_lite/conv29 | hw_frame_size: 1152) >> (PullQEl_hw_read2palm_detection_lite/conv29) >> (PostInferEl2palm_detection_lite/conv29 | Quantization - src_type: UINT8, dst_type FLOAT32, limvals_min: -21.9402, limvals_max: 3.03637) >> (UserBuffQEl2palm_detection_lite/conv29 | timeout: 10s)
[2024-11-13 10:07:04.470] [159140] [HailoRT] [info] [edge_elements.cpp:287] [create] Created (HwReadEl0palm_detection_lite/conv30 | hw_frame_size: 23040)
[2024-11-13 10:07:04.470] [159140] [HailoRT] [info] [queue_elements.cpp:613] [create] Created (PullQEl_hw_read0palm_detection_lite/conv30)
[2024-11-13 10:07:04.470] [159140] [HailoRT] [info] [filter_elements.cpp:360] [create] Created (PostInferEl0palm_detection_lite/conv30 | Quantization - src_type: UINT8, dst_type FLOAT32, limvals_min: -36.3947, limvals_max: 52.8423 | Reorder - src_order: FCR, src_shape: (24, 24, 40), dst_order: FCR, dst_shape: (24, 24, 36))
[2024-11-13 10:07:04.470] [159140] [HailoRT] [info] [queue_elements.cpp:756] [create] Created (UserBuffQEl0palm_detection_lite/conv30 | timeout: 10s)
[2024-11-13 10:07:04.470] [159140] [HailoRT] [info] [vstream.cpp:1107] [OutputVStreamImpl] Creating palm_detection_lite/conv30...
[2024-11-13 10:07:04.470] [159140] [HailoRT] [info] [vstream_builder.cpp:225] [create_outputs] Output pipeline 'palm_detection_lite/conv30': HW >> (HwReadEl0palm_detection_lite/conv30 | hw_frame_size: 23040) >> (PullQEl_hw_read0palm_detection_lite/conv30) >> (PostInferEl0palm_detection_lite/conv30 | Quantization - src_type: UINT8, dst_type FLOAT32, limvals_min: -36.3947, limvals_max: 52.8423 | Reorder - src_order: FCR, src_shape: (24, 24, 40), dst_order: FCR, dst_shape: (24, 24, 36)) >> (UserBuffQEl0palm_detection_lite/conv30 | timeout: 10s)
[2024-11-13 10:07:04.470] [159140] [HailoRT] [info] [core_op.cpp:156] [activate] Activating palm_detection_lite took 0.418036 milliseconds. Note that the function is asynchronous and thus the network is not fully activated yet.
[2024-11-13 10:07:04.470] [159140] [HailoRT] [info] [core_op.cpp:156] [activate] Activating palm_detection_lite took 0.434591 milliseconds. Note that the function is asynchronous and thus the network is not fully activated yet.
[2024-11-13 10:07:04.480] [190127] [HailoRT] [info] [vdevice_native_stream.cpp:331] [read_impl] Failed read from stream HAILO_STREAM_NOT_ACTIVATED(72) (device: 0000:01:00.0)
[2024-11-13 10:07:04.480] [190131] [HailoRT] [info] [vdevice_native_stream.cpp:331] [read_impl] Failed read from stream HAILO_STREAM_NOT_ACTIVATED(72) (device: 0000:01:00.0)
[2024-11-13 10:07:04.480] [190129] [HailoRT] [info] [vdevice_native_stream.cpp:331] [read_impl] Failed read from stream HAILO_STREAM_NOT_ACTIVATED(72) (device: 0000:01:00.0)
[2024-11-13 10:07:04.480] [190125] [HailoRT] [info] [vdevice_native_stream.cpp:331] [read_impl] Failed read from stream HAILO_STREAM_NOT_ACTIVATED(72) (device: 0000:01:00.0)
[2024-11-13 10:07:04.480] [159140] [HailoRT] [info] [core_op.cpp:186] [deactivate] Deactivating took 0.45911 ms
[2024-11-13 10:07:04.480] [159140] [HailoRT] [info] [core_op.cpp:186] [deactivate] Deactivating took 0.472517 ms
[2024-11-13 10:07:04.480] [190125] [HailoRT] [info] [queue_elements.cpp:690] [run_in_thread] Shutdown event was signaled in run_pull of queue element PullQEl_hw_read1palm_detection_lite/conv24!
[2024-11-13 10:07:04.480] [190126] [HailoRT] [info] [queue_elements.cpp:811] [run_in_thread] Shutdown event was signaled in dequeue of UserBuffQEl1palm_detection_lite/conv24!
[2024-11-13 10:07:04.480] [190125] [HailoRT] [info] [queue_elements.cpp:54] [operator()] Thread in element PullQEl_hw_read1palm_detection_lite/conv24 is not running anymore, exiting..
[2024-11-13 10:07:04.480] [159140] [HailoRT] [info] [queue_elements.cpp:43] [~BaseQueueElement] Queue element PullQEl_hw_read1palm_detection_lite/conv24 has 0 frames in his Queue on destruction
[2024-11-13 10:07:04.480] [190126] [HailoRT] [info] [queue_elements.cpp:54] [operator()] Thread in element UserBuffQEl1palm_detection_lite/conv24 is not running anymore, exiting..
[2024-11-13 10:07:04.480] [159140] [HailoRT] [info] [queue_elements.cpp:43] [~BaseQueueElement] Queue element UserBuffQEl1palm_detection_lite/conv24 has 0 frames in his Queue on destruction
[2024-11-13 10:07:04.480] [190127] [HailoRT] [info] [queue_elements.cpp:690] [run_in_thread] Shutdown event was signaled in run_pull of queue element PullQEl_hw_read3palm_detection_lite/conv25!
[2024-11-13 10:07:04.480] [190128] [HailoRT] [info] [queue_elements.cpp:811] [run_in_thread] Shutdown event was signaled in dequeue of UserBuffQEl3palm_detection_lite/conv25!
[2024-11-13 10:07:04.480] [190127] [HailoRT] [info] [queue_elements.cpp:54] [operator()] Thread in element PullQEl_hw_read3palm_detection_lite/conv25 is not running anymore, exiting..
[2024-11-13 10:07:04.480] [159140] [HailoRT] [info] [queue_elements.cpp:43] [~BaseQueueElement] Queue element PullQEl_hw_read3palm_detection_lite/conv25 has 0 frames in his Queue on destruction
[2024-11-13 10:07:04.480] [190128] [HailoRT] [info] [queue_elements.cpp:54] [operator()] Thread in element UserBuffQEl3palm_detection_lite/conv25 is not running anymore, exiting..
[2024-11-13 10:07:04.480] [159140] [HailoRT] [info] [queue_elements.cpp:43] [~BaseQueueElement] Queue element UserBuffQEl3palm_detection_lite/conv25 has 0 frames in his Queue on destruction
[2024-11-13 10:07:04.480] [190129] [HailoRT] [info] [queue_elements.cpp:690] [run_in_thread] Shutdown event was signaled in run_pull of queue element PullQEl_hw_read2palm_detection_lite/conv29!
[2024-11-13 10:07:04.480] [190130] [HailoRT] [info] [queue_elements.cpp:811] [run_in_thread] Shutdown event was signaled in dequeue of UserBuffQEl2palm_detection_lite/conv29!
[2024-11-13 10:07:04.481] [190129] [HailoRT] [info] [queue_elements.cpp:54] [operator()] Thread in element PullQEl_hw_read2palm_detection_lite/conv29 is not running anymore, exiting..
[2024-11-13 10:07:04.481] [159140] [HailoRT] [info] [queue_elements.cpp:43] [~BaseQueueElement] Queue element PullQEl_hw_read2palm_detection_lite/conv29 has 0 frames in his Queue on destruction
[2024-11-13 10:07:04.481] [190130] [HailoRT] [info] [queue_elements.cpp:54] [operator()] Thread in element UserBuffQEl2palm_detection_lite/conv29 is not running anymore, exiting..
[2024-11-13 10:07:04.481] [159140] [HailoRT] [info] [queue_elements.cpp:43] [~BaseQueueElement] Queue element UserBuffQEl2palm_detection_lite/conv29 has 0 frames in his Queue on destruction
[2024-11-13 10:07:04.481] [190131] [HailoRT] [info] [queue_elements.cpp:690] [run_in_thread] Shutdown event was signaled in run_pull of queue element PullQEl_hw_read0palm_detection_lite/conv30!
[2024-11-13 10:07:04.481] [190132] [HailoRT] [info] [queue_elements.cpp:811] [run_in_thread] Shutdown event was signaled in dequeue of UserBuffQEl0palm_detection_lite/conv30!
[2024-11-13 10:07:04.481] [190131] [HailoRT] [info] [queue_elements.cpp:54] [operator()] Thread in element PullQEl_hw_read0palm_detection_lite/conv30 is not running anymore, exiting..
[2024-11-13 10:07:04.481] [159140] [HailoRT] [info] [queue_elements.cpp:43] [~BaseQueueElement] Queue element PullQEl_hw_read0palm_detection_lite/conv30 has 0 frames in his Queue on destruction
[2024-11-13 10:07:04.481] [190132] [HailoRT] [info] [queue_elements.cpp:54] [operator()] Thread in element UserBuffQEl0palm_detection_lite/conv30 is not running anymore, exiting..
[2024-11-13 10:07:04.481] [159140] [HailoRT] [info] [queue_elements.cpp:43] [~BaseQueueElement] Queue element UserBuffQEl0palm_detection_lite/conv30 has 0 frames in his Queue on destruction
[2024-11-13 10:07:04.506] [159140] [HailoRT] [info] [edge_elements.cpp:52] [create] Created (HwWriteEl2palm_detection_lite/input_layer1 | hw_frame_size: 110592)
[2024-11-13 10:07:04.506] [159140] [HailoRT] [info] [vstream.cpp:754] [InputVStreamImpl] Creating palm_detection_lite/input_layer1...
[2024-11-13 10:07:04.506] [159140] [HailoRT] [info] [vstream_builder.cpp:102] [create_inputs] Input pipeline 'palm_detection_lite/input_layer1': (HwWriteEl2palm_detection_lite/input_layer1 | hw_frame_size: 110592) >> HW
[2024-11-13 10:07:04.506] [159140] [HailoRT] [info] [edge_elements.cpp:287] [create] Created (HwReadEl1palm_detection_lite/conv24 | hw_frame_size: 1152)
[2024-11-13 10:07:04.506] [159140] [HailoRT] [info] [queue_elements.cpp:613] [create] Created (PullQEl_hw_read1palm_detection_lite/conv24)
[2024-11-13 10:07:04.506] [159140] [HailoRT] [info] [filter_elements.cpp:360] [create] Created (PostInferEl1palm_detection_lite/conv24 | Quantization - src_type: UINT8, dst_type FLOAT32, limvals_min: -25.5854, limvals_max: 4.76007 | Reorder - src_order: FCR, src_shape: (12, 12, 8), dst_order: FCR, dst_shape: (12, 12, 6))
[2024-11-13 10:07:04.506] [159140] [HailoRT] [info] [queue_elements.cpp:756] [create] Created (UserBuffQEl1palm_detection_lite/conv24 | timeout: 10s)
[2024-11-13 10:07:04.506] [159140] [HailoRT] [info] [vstream.cpp:1107] [OutputVStreamImpl] Creating palm_detection_lite/conv24...
[2024-11-13 10:07:04.506] [159140] [HailoRT] [info] [vstream_builder.cpp:225] [create_outputs] Output pipeline 'palm_detection_lite/conv24': HW >> (HwReadEl1palm_detection_lite/conv24 | hw_frame_size: 1152) >> (PullQEl_hw_read1palm_detection_lite/conv24) >> (PostInferEl1palm_detection_lite/conv24 | Quantization - src_type: UINT8, dst_type FLOAT32, limvals_min: -25.5854, limvals_max: 4.76007 | Reorder - src_order: FCR, src_shape: (12, 12, 8), dst_order: FCR, dst_shape: (12, 12, 6)) >> (UserBuffQEl1palm_detection_lite/conv24 | timeout: 10s)
[2024-11-13 10:07:04.506] [159140] [HailoRT] [info] [edge_elements.cpp:287] [create] Created (HwReadEl3palm_detection_lite/conv25 | hw_frame_size: 16128)
[2024-11-13 10:07:04.506] [159140] [HailoRT] [info] [queue_elements.cpp:613] [create] Created (PullQEl_hw_read3palm_detection_lite/conv25)
[2024-11-13 10:07:04.506] [159140] [HailoRT] [info] [filter_elements.cpp:360] [create] Created (PostInferEl3palm_detection_lite/conv25 | Quantization - src_type: UINT8, dst_type FLOAT32, limvals_min: -75.2335, limvals_max: 140.323 | Reorder - src_order: FCR, src_shape: (12, 12, 112), dst_order: FCR, dst_shape: (12, 12, 108))
[2024-11-13 10:07:04.506] [159140] [HailoRT] [info] [queue_elements.cpp:756] [create] Created (UserBuffQEl3palm_detection_lite/conv25 | timeout: 10s)
[2024-11-13 10:07:04.506] [159140] [HailoRT] [info] [vstream.cpp:1107] [OutputVStreamImpl] Creating palm_detection_lite/conv25...
[2024-11-13 10:07:04.506] [159140] [HailoRT] [info] [vstream_builder.cpp:225] [create_outputs] Output pipeline 'palm_detection_lite/conv25': HW >> (HwReadEl3palm_detection_lite/conv25 | hw_frame_size: 16128) >> (PullQEl_hw_read3palm_detection_lite/conv25) >> (PostInferEl3palm_detection_lite/conv25 | Quantization - src_type: UINT8, dst_type FLOAT32, limvals_min: -75.2335, limvals_max: 140.323 | Reorder - src_order: FCR, src_shape: (12, 12, 112), dst_order: FCR, dst_shape: (12, 12, 108)) >> (UserBuffQEl3palm_detection_lite/conv25 | timeout: 10s)
[2024-11-13 10:07:04.506] [159140] [HailoRT] [info] [edge_elements.cpp:287] [create] Created (HwReadEl2palm_detection_lite/conv29 | hw_frame_size: 1152)
[2024-11-13 10:07:04.506] [159140] [HailoRT] [info] [queue_elements.cpp:613] [create] Created (PullQEl_hw_read2palm_detection_lite/conv29)
[2024-11-13 10:07:04.506] [159140] [HailoRT] [info] [filter_elements.cpp:360] [create] Created (PostInferEl2palm_detection_lite/conv29 | Quantization - src_type: UINT8, dst_type FLOAT32, limvals_min: -21.9402, limvals_max: 3.03637)
[2024-11-13 10:07:04.507] [159140] [HailoRT] [info] [queue_elements.cpp:756] [create] Created (UserBuffQEl2palm_detection_lite/conv29 | timeout: 10s)
[2024-11-13 10:07:04.507] [159140] [HailoRT] [info] [vstream.cpp:1107] [OutputVStreamImpl] Creating palm_detection_lite/conv29...
[2024-11-13 10:07:04.507] [159140] [HailoRT] [info] [vstream_builder.cpp:225] [create_outputs] Output pipeline 'palm_detection_lite/conv29': HW >> (HwReadEl2palm_detection_lite/conv29 | hw_frame_size: 1152) >> (PullQEl_hw_read2palm_detection_lite/conv29) >> (PostInferEl2palm_detection_lite/conv29 | Quantization - src_type: UINT8, dst_type FLOAT32, limvals_min: -21.9402, limvals_max: 3.03637) >> (UserBuffQEl2palm_detection_lite/conv29 | timeout: 10s)
[2024-11-13 10:07:04.507] [159140] [HailoRT] [info] [edge_elements.cpp:287] [create] Created (HwReadEl0palm_detection_lite/conv30 | hw_frame_size: 23040)
[2024-11-13 10:07:04.507] [159140] [HailoRT] [info] [queue_elements.cpp:613] [create] Created (PullQEl_hw_read0palm_detection_lite/conv30)
[2024-11-13 10:07:04.507] [159140] [HailoRT] [info] [filter_elements.cpp:360] [create] Created (PostInferEl0palm_detection_lite/conv30 | Quantization - src_type: UINT8, dst_type FLOAT32, limvals_min: -36.3947, limvals_max: 52.8423 | Reorder - src_order: FCR, src_shape: (24, 24, 40), dst_order: FCR, dst_shape: (24, 24, 36))
[2024-11-13 10:07:04.507] [159140] [HailoRT] [info] [queue_elements.cpp:756] [create] Created (UserBuffQEl0palm_detection_lite/conv30 | timeout: 10s)
[2024-11-13 10:07:04.507] [159140] [HailoRT] [info] [vstream.cpp:1107] [OutputVStreamImpl] Creating palm_detection_lite/conv30...
[2024-11-13 10:07:04.507] [159140] [HailoRT] [info] [vstream_builder.cpp:225] [create_outputs] Output pipeline 'palm_detection_lite/conv30': HW >> (HwReadEl0palm_detection_lite/conv30 | hw_frame_size: 23040) >> (PullQEl_hw_read0palm_detection_lite/conv30) >> (PostInferEl0palm_detection_lite/conv30 | Quantization - src_type: UINT8, dst_type FLOAT32, limvals_min: -36.3947, limvals_max: 52.8423 | Reorder - src_order: FCR, src_shape: (24, 24, 40), dst_order: FCR, dst_shape: (24, 24, 36)) >> (UserBuffQEl0palm_detection_lite/conv30 | timeout: 10s)
[2024-11-13 10:07:04.507] [159140] [HailoRT] [info] [core_op.cpp:156] [activate] Activating palm_detection_lite took 0.396739 milliseconds. Note that the function is asynchronous and thus the network is not fully activated yet.
[2024-11-13 10:07:04.507] [159140] [HailoRT] [info] [core_op.cpp:156] [activate] Activating palm_detection_lite took 0.40785 milliseconds. Note that the function is asynchronous and thus the network is not fully activated yet.
[2024-11-13 10:07:04.517] [190138] [HailoRT] [info] [vdevice_native_stream.cpp:331] [read_impl] Failed read from stream HAILO_STREAM_NOT_ACTIVATED(72) (device: 0000:01:00.0)
[2024-11-13 10:07:04.517] [190142] [HailoRT] [info] [vdevice_native_stream.cpp:331] [read_impl] Failed read from stream HAILO_STREAM_NOT_ACTIVATED(72) (device: 0000:01:00.0)
[2024-11-13 10:07:04.517] [190144] [HailoRT] [info] [vdevice_native_stream.cpp:331] [read_impl] Failed read from stream HAILO_STREAM_NOT_ACTIVATED(72) (device: 0000:01:00.0)
[2024-11-13 10:07:04.517] [190140] [HailoRT] [info] [vdevice_native_stream.cpp:331] [read_impl] Failed read from stream HAILO_STREAM_NOT_ACTIVATED(72) (device: 0000:01:00.0)
[2024-11-13 10:07:04.517] [159140] [HailoRT] [info] [core_op.cpp:186] [deactivate] Deactivating took 0.465739 ms
[2024-11-13 10:07:04.517] [159140] [HailoRT] [info] [core_op.cpp:186] [deactivate] Deactivating took 0.478572 ms
[2024-11-13 10:07:04.517] [190138] [HailoRT] [info] [queue_elements.cpp:690] [run_in_thread] Shutdown event was signaled in run_pull of queue element PullQEl_hw_read1palm_detection_lite/conv24!
[2024-11-13 10:07:04.517] [190139] [HailoRT] [info] [queue_elements.cpp:811] [run_in_thread] Shutdown event was signaled in dequeue of UserBuffQEl1palm_detection_lite/conv24!
[2024-11-13 10:07:04.517] [190138] [HailoRT] [info] [queue_elements.cpp:54] [operator()] Thread in element PullQEl_hw_read1palm_detection_lite/conv24 is not running anymore, exiting..
[2024-11-13 10:07:04.517] [159140] [HailoRT] [info] [queue_elements.cpp:43] [~BaseQueueElement] Queue element PullQEl_hw_read1palm_detection_lite/conv24 has 0 frames in his Queue on destruction
[2024-11-13 10:07:04.517] [190139] [HailoRT] [info] [queue_elements.cpp:54] [operator()] Thread in element UserBuffQEl1palm_detection_lite/conv24 is not running anymore, exiting..
[2024-11-13 10:07:04.517] [159140] [HailoRT] [info] [queue_elements.cpp:43] [~BaseQueueElement] Queue element UserBuffQEl1palm_detection_lite/conv24 has 0 frames in his Queue on destruction
[2024-11-13 10:07:04.517] [190140] [HailoRT] [info] [queue_elements.cpp:690] [run_in_thread] Shutdown event was signaled in run_pull of queue element PullQEl_hw_read3palm_detection_lite/conv25!
[2024-11-13 10:07:04.517] [190141] [HailoRT] [info] [queue_elements.cpp:811] [run_in_thread] Shutdown event was signaled in dequeue of UserBuffQEl3palm_detection_lite/conv25!
[2024-11-13 10:07:04.517] [190140] [HailoRT] [info] [queue_elements.cpp:54] [operator()] Thread in element PullQEl_hw_read3palm_detection_lite/conv25 is not running anymore, exiting..
[2024-11-13 10:07:04.517] [159140] [HailoRT] [info] [queue_elements.cpp:43] [~BaseQueueElement] Queue element PullQEl_hw_read3palm_detection_lite/conv25 has 0 frames in his Queue on destruction
[2024-11-13 10:07:04.517] [190141] [HailoRT] [info] [queue_elements.cpp:54] [operator()] Thread in element UserBuffQEl3palm_detection_lite/conv25 is not running anymore, exiting..
[2024-11-13 10:07:04.517] [159140] [HailoRT] [info] [queue_elements.cpp:43] [~BaseQueueElement] Queue element UserBuffQEl3palm_detection_lite/conv25 has 0 frames in his Queue on destruction
[2024-11-13 10:07:04.517] [190142] [HailoRT] [info] [queue_elements.cpp:690] [run_in_thread] Shutdown event was signaled in run_pull of queue element PullQEl_hw_read2palm_detection_lite/conv29!
[2024-11-13 10:07:04.517] [190143] [HailoRT] [info] [queue_elements.cpp:811] [run_in_thread] Shutdown event was signaled in dequeue of UserBuffQEl2palm_detection_lite/conv29!
[2024-11-13 10:07:04.517] [190142] [HailoRT] [info] [queue_elements.cpp:54] [operator()] Thread in element PullQEl_hw_read2palm_detection_lite/conv29 is not running anymore, exiting..
[2024-11-13 10:07:04.517] [159140] [HailoRT] [info] [queue_elements.cpp:43] [~BaseQueueElement] Queue element PullQEl_hw_read2palm_detection_lite/conv29 has 0 frames in his Queue on destruction
[2024-11-13 10:07:04.517] [190143] [HailoRT] [info] [queue_elements.cpp:54] [operator()] Thread in element UserBuffQEl2palm_detection_lite/conv29 is not running anymore, exiting..
[2024-11-13 10:07:04.517] [159140] [HailoRT] [info] [queue_elements.cpp:43] [~BaseQueueElement] Queue element UserBuffQEl2palm_detection_lite/conv29 has 0 frames in his Queue on destruction
[2024-11-13 10:07:04.517] [190144] [HailoRT] [info] [queue_elements.cpp:690] [run_in_thread] Shutdown event was signaled in run_pull of queue element PullQEl_hw_read0palm_detection_lite/conv30!
[2024-11-13 10:07:04.517] [190145] [HailoRT] [info] [queue_elements.cpp:811] [run_in_thread] Shutdown event was signaled in dequeue of UserBuffQEl0palm_detection_lite/conv30!
[2024-11-13 10:07:04.517] [190144] [HailoRT] [info] [queue_elements.cpp:54] [operator()] Thread in element PullQEl_hw_read0palm_detection_lite/conv30 is not running anymore, exiting..
[2024-11-13 10:07:04.517] [159140] [HailoRT] [info] [queue_elements.cpp:43] [~BaseQueueElement] Queue element PullQEl_hw_read0palm_detection_lite/conv30 has 0 frames in his Queue on destruction
[2024-11-13 10:07:04.517] [190145] [HailoRT] [info] [queue_elements.cpp:54] [operator()] Thread in element UserBuffQEl0palm_detection_lite/conv30 is not running anymore, exiting..
[2024-11-13 10:07:04.517] [159140] [HailoRT] [info] [queue_elements.cpp:43] [~BaseQueueElement] Queue element UserBuffQEl0palm_detection_lite/conv30 has 0 frames in his Queue on destruction
[2024-11-13 10:07:04.537] [159140] [HailoRT] [info] [edge_elements.cpp:52] [create] Created (HwWriteEl2palm_detection_lite/input_layer1 | hw_frame_size: 110592)
[2024-11-13 10:07:04.537] [159140] [HailoRT] [info] [vstream.cpp:754] [InputVStreamImpl] Creating palm_detection_lite/input_layer1...
[2024-11-13 10:07:04.538] [159140] [HailoRT] [info] [vstream_builder.cpp:102] [create_inputs] Input pipeline 'palm_detection_lite/input_layer1': (HwWriteEl2palm_detection_lite/input_layer1 | hw_frame_size: 110592) >> HW
[2024-11-13 10:07:04.538] [159140] [HailoRT] [info] [edge_elements.cpp:287] [create] Created (HwReadEl1palm_detection_lite/conv24 | hw_frame_size: 1152)
[2024-11-13 10:07:04.538] [159140] [HailoRT] [info] [queue_elements.cpp:613] [create] Created (PullQEl_hw_read1palm_detection_lite/conv24)
[2024-11-13 10:07:04.538] [159140] [HailoRT] [info] [filter_elements.cpp:360] [create] Created (PostInferEl1palm_detection_lite/conv24 | Quantization - src_type: UINT8, dst_type FLOAT32, limvals_min: -25.5854, limvals_max: 4.76007 | Reorder - src_order: FCR, src_shape: (12, 12, 8), dst_order: FCR, dst_shape: (12, 12, 6))
[2024-11-13 10:07:04.538] [159140] [HailoRT] [info] [queue_elements.cpp:756] [create] Created (UserBuffQEl1palm_detection_lite/conv24 | timeout: 10s)
[2024-11-13 10:07:04.538] [159140] [HailoRT] [info] [vstream.cpp:1107] [OutputVStreamImpl] Creating palm_detection_lite/conv24...
[2024-11-13 10:07:04.538] [159140] [HailoRT] [info] [vstream_builder.cpp:225] [create_outputs] Output pipeline 'palm_detection_lite/conv24': HW >> (HwReadEl1palm_detection_lite/conv24 | hw_frame_size: 1152) >> (PullQEl_hw_read1palm_detection_lite/conv24) >> (PostInferEl1palm_detection_lite/conv24 | Quantization - src_type: UINT8, dst_type FLOAT32, limvals_min: -25.5854, limvals_max: 4.76007 | Reorder - src_order: FCR, src_shape: (12, 12, 8), dst_order: FCR, dst_shape: (12, 12, 6)) >> (UserBuffQEl1palm_detection_lite/conv24 | timeout: 10s)
[2024-11-13 10:07:04.538] [159140] [HailoRT] [info] [edge_elements.cpp:287] [create] Created (HwReadEl3palm_detection_lite/conv25 | hw_frame_size: 16128)
[2024-11-13 10:07:04.538] [159140] [HailoRT] [info] [queue_elements.cpp:613] [create] Created (PullQEl_hw_read3palm_detection_lite/conv25)
[2024-11-13 10:07:04.538] [159140] [HailoRT] [info] [filter_elements.cpp:360] [create] Created (PostInferEl3palm_detection_lite/conv25 | Quantization - src_type: UINT8, dst_type FLOAT32, limvals_min: -75.2335, limvals_max: 140.323 | Reorder - src_order: FCR, src_shape: (12, 12, 112), dst_order: FCR, dst_shape: (12, 12, 108))
[2024-11-13 10:07:04.538] [159140] [HailoRT] [info] [queue_elements.cpp:756] [create] Created (UserBuffQEl3palm_detection_lite/conv25 | timeout: 10s)
[2024-11-13 10:07:04.538] [159140] [HailoRT] [info] [vstream.cpp:1107] [OutputVStreamImpl] Creating palm_detection_lite/conv25...
[2024-11-13 10:07:04.538] [159140] [HailoRT] [info] [vstream_builder.cpp:225] [create_outputs] Output pipeline 'palm_detection_lite/conv25': HW >> (HwReadEl3palm_detection_lite/conv25 | hw_frame_size: 16128) >> (PullQEl_hw_read3palm_detection_lite/conv25) >> (PostInferEl3palm_detection_lite/conv25 | Quantization - src_type: UINT8, dst_type FLOAT32, limvals_min: -75.2335, limvals_max: 140.323 | Reorder - src_order: FCR, src_shape: (12, 12, 112), dst_order: FCR, dst_shape: (12, 12, 108)) >> (UserBuffQEl3palm_detection_lite/conv25 | timeout: 10s)
[2024-11-13 10:07:04.538] [159140] [HailoRT] [info] [edge_elements.cpp:287] [create] Created (HwReadEl2palm_detection_lite/conv29 | hw_frame_size: 1152)
[2024-11-13 10:07:04.538] [159140] [HailoRT] [info] [queue_elements.cpp:613] [create] Created (PullQEl_hw_read2palm_detection_lite/conv29)
[2024-11-13 10:07:04.538] [159140] [HailoRT] [info] [filter_elements.cpp:360] [create] Created (PostInferEl2palm_detection_lite/conv29 | Quantization - src_type: UINT8, dst_type FLOAT32, limvals_min: -21.9402, limvals_max: 3.03637)
[2024-11-13 10:07:04.538] [159140] [HailoRT] [info] [queue_elements.cpp:756] [create] Created (UserBuffQEl2palm_detection_lite/conv29 | timeout: 10s)
[2024-11-13 10:07:04.538] [159140] [HailoRT] [info] [vstream.cpp:1107] [OutputVStreamImpl] Creating palm_detection_lite/conv29...
[2024-11-13 10:07:04.538] [159140] [HailoRT] [info] [vstream_builder.cpp:225] [create_outputs] Output pipeline 'palm_detection_lite/conv29': HW >> (HwReadEl2palm_detection_lite/conv29 | hw_frame_size: 1152) >> (PullQEl_hw_read2palm_detection_lite/conv29) >> (PostInferEl2palm_detection_lite/conv29 | Quantization - src_type: UINT8, dst_type FLOAT32, limvals_min: -21.9402, limvals_max: 3.03637) >> (UserBuffQEl2palm_detection_lite/conv29 | timeout: 10s)
[2024-11-13 10:07:04.538] [159140] [HailoRT] [info] [edge_elements.cpp:287] [create] Created (HwReadEl0palm_detection_lite/conv30 | hw_frame_size: 23040)
[2024-11-13 10:07:04.538] [159140] [HailoRT] [info] [queue_elements.cpp:613] [create] Created (PullQEl_hw_read0palm_detection_lite/conv30)
[2024-11-13 10:07:04.538] [159140] [HailoRT] [info] [filter_elements.cpp:360] [create] Created (PostInferEl0palm_detection_lite/conv30 | Quantization - src_type: UINT8, dst_type FLOAT32, limvals_min: -36.3947, limvals_max: 52.8423 | Reorder - src_order: FCR, src_shape: (24, 24, 40), dst_order: FCR, dst_shape: (24, 24, 36))
[2024-11-13 10:07:04.538] [159140] [HailoRT] [info] [queue_elements.cpp:756] [create] Created (UserBuffQEl0palm_detection_lite/conv30 | timeout: 10s)
[2024-11-13 10:07:04.538] [159140] [HailoRT] [info] [vstream.cpp:1107] [OutputVStreamImpl] Creating palm_detection_lite/conv30...
[2024-11-13 10:07:04.538] [159140] [HailoRT] [info] [vstream_builder.cpp:225] [create_outputs] Output pipeline 'palm_detection_lite/conv30': HW >> (HwReadEl0palm_detection_lite/conv30 | hw_frame_size: 23040) >> (PullQEl_hw_read0palm_detection_lite/conv30) >> (PostInferEl0palm_detection_lite/conv30 | Quantization - src_type: UINT8, dst_type FLOAT32, limvals_min: -36.3947, limvals_max: 52.8423 | Reorder - src_order: FCR, src_shape: (24, 24, 40), dst_order: FCR, dst_shape: (24, 24, 36)) >> (UserBuffQEl0palm_detection_lite/conv30 | timeout: 10s)
[2024-11-13 10:07:04.539] [159140] [HailoRT] [info] [core_op.cpp:156] [activate] Activating palm_detection_lite took 0.42398 milliseconds. Note that the function is asynchronous and thus the network is not fully activated yet.
[2024-11-13 10:07:04.539] [159140] [HailoRT] [info] [core_op.cpp:156] [activate] Activating palm_detection_lite took 0.440961 milliseconds. Note that the function is asynchronous and thus the network is not fully activated yet.
[2024-11-13 10:07:04.548] [190151] [HailoRT] [info] [vdevice_native_stream.cpp:331] [read_impl] Failed read from stream HAILO_STREAM_NOT_ACTIVATED(72) (device: 0000:01:00.0)
[2024-11-13 10:07:04.548] [190157] [HailoRT] [info] [vdevice_native_stream.cpp:331] [read_impl] Failed read from stream HAILO_STREAM_NOT_ACTIVATED(72) (device: 0000:01:00.0)
[2024-11-13 10:07:04.548] [190155] [HailoRT] [info] [vdevice_native_stream.cpp:331] [read_impl] Failed read from stream HAILO_STREAM_NOT_ACTIVATED(72) (device: 0000:01:00.0)
[2024-11-13 10:07:04.548] [190153] [HailoRT] [info] [vdevice_native_stream.cpp:331] [read_impl] Failed read from stream HAILO_STREAM_NOT_ACTIVATED(72) (device: 0000:01:00.0)
[2024-11-13 10:07:04.549] [159140] [HailoRT] [info] [core_op.cpp:186] [deactivate] Deactivating took 0.465591 ms
[2024-11-13 10:07:04.549] [159140] [HailoRT] [info] [core_op.cpp:186] [deactivate] Deactivating took 0.478628 ms
[2024-11-13 10:07:04.549] [190151] [HailoRT] [info] [queue_elements.cpp:690] [run_in_thread] Shutdown event was signaled in run_pull of queue element PullQEl_hw_read1palm_detection_lite/conv24!
[2024-11-13 10:07:04.549] [190152] [HailoRT] [info] [queue_elements.cpp:811] [run_in_thread] Shutdown event was signaled in dequeue of UserBuffQEl1palm_detection_lite/conv24!
[2024-11-13 10:07:04.549] [190151] [HailoRT] [info] [queue_elements.cpp:54] [operator()] Thread in element PullQEl_hw_read1palm_detection_lite/conv24 is not running anymore, exiting..
[2024-11-13 10:07:04.549] [159140] [HailoRT] [info] [queue_elements.cpp:43] [~BaseQueueElement] Queue element PullQEl_hw_read1palm_detection_lite/conv24 has 0 frames in his Queue on destruction
[2024-11-13 10:07:04.549] [190152] [HailoRT] [info] [queue_elements.cpp:54] [operator()] Thread in element UserBuffQEl1palm_detection_lite/conv24 is not running anymore, exiting..
[2024-11-13 10:07:04.549] [159140] [HailoRT] [info] [queue_elements.cpp:43] [~BaseQueueElement] Queue element UserBuffQEl1palm_detection_lite/conv24 has 0 frames in his Queue on destruction
[2024-11-13 10:07:04.549] [190153] [HailoRT] [info] [queue_elements.cpp:690] [run_in_thread] Shutdown event was signaled in run_pull of queue element PullQEl_hw_read3palm_detection_lite/conv25!
[2024-11-13 10:07:04.549] [190154] [HailoRT] [info] [queue_elements.cpp:811] [run_in_thread] Shutdown event was signaled in dequeue of UserBuffQEl3palm_detection_lite/conv25!
[2024-11-13 10:07:04.549] [190153] [HailoRT] [info] [queue_elements.cpp:54] [operator()] Thread in element PullQEl_hw_read3palm_detection_lite/conv25 is not running anymore, exiting..
[2024-11-13 10:07:04.549] [159140] [HailoRT] [info] [queue_elements.cpp:43] [~BaseQueueElement] Queue element PullQEl_hw_read3palm_detection_lite/conv25 has 0 frames in his Queue on destruction
[2024-11-13 10:07:04.549] [190154] [HailoRT] [info] [queue_elements.cpp:54] [operator()] Thread in element UserBuffQEl3palm_detection_lite/conv25 is not running anymore, exiting..
[2024-11-13 10:07:04.549] [159140] [HailoRT] [info] [queue_elements.cpp:43] [~BaseQueueElement] Queue element UserBuffQEl3palm_detection_lite/conv25 has 0 frames in his Queue on destruction
[2024-11-13 10:07:04.549] [190155] [HailoRT] [info] [queue_elements.cpp:690] [run_in_thread] Shutdown event was signaled in run_pull of queue element PullQEl_hw_read2palm_detection_lite/conv29!
[2024-11-13 10:07:04.549] [190156] [HailoRT] [info] [queue_elements.cpp:811] [run_in_thread] Shutdown event was signaled in dequeue of UserBuffQEl2palm_detection_lite/conv29!
[2024-11-13 10:07:04.549] [190155] [HailoRT] [info] [queue_elements.cpp:54] [operator()] Thread in element PullQEl_hw_read2palm_detection_lite/conv29 is not running anymore, exiting..
[2024-11-13 10:07:04.549] [159140] [HailoRT] [info] [queue_elements.cpp:43] [~BaseQueueElement] Queue element PullQEl_hw_read2palm_detection_lite/conv29 has 0 frames in his Queue on destruction
[2024-11-13 10:07:04.549] [190156] [HailoRT] [info] [queue_elements.cpp:54] [operator()] Thread in element UserBuffQEl2palm_detection_lite/conv29 is not running anymore, exiting..
[2024-11-13 10:07:04.549] [159140] [HailoRT] [info] [queue_elements.cpp:43] [~BaseQueueElement] Queue element UserBuffQEl2palm_detection_lite/conv29 has 0 frames in his Queue on destruction
[2024-11-13 10:07:04.549] [190158] [HailoRT] [info] [queue_elements.cpp:811] [run_in_thread] Shutdown event was signaled in dequeue of UserBuffQEl0palm_detection_lite/conv30!
[2024-11-13 10:07:04.549] [190157] [HailoRT] [info] [queue_elements.cpp:690] [run_in_thread] Shutdown event was signaled in run_pull of queue element PullQEl_hw_read0palm_detection_lite/conv30!
[2024-11-13 10:07:04.549] [190157] [HailoRT] [info] [queue_elements.cpp:54] [operator()] Thread in element PullQEl_hw_read0palm_detection_lite/conv30 is not running anymore, exiting..
[2024-11-13 10:07:04.549] [159140] [HailoRT] [info] [queue_elements.cpp:43] [~BaseQueueElement] Queue element PullQEl_hw_read0palm_detection_lite/conv30 has 0 frames in his Queue on destruction
[2024-11-13 10:07:04.549] [190158] [HailoRT] [info] [queue_elements.cpp:54] [operator()] Thread in element UserBuffQEl0palm_detection_lite/conv30 is not running anymore, exiting..
[2024-11-13 10:07:04.549] [159140] [HailoRT] [info] [queue_elements.cpp:43] [~BaseQueueElement] Queue element UserBuffQEl0palm_detection_lite/conv30 has 0 frames in his Queue on destruction
[2024-11-13 10:07:04.569] [159140] [HailoRT] [info] [edge_elements.cpp:52] [create] Created (HwWriteEl2palm_detection_lite/input_layer1 | hw_frame_size: 110592)
[2024-11-13 10:07:04.569] [159140] [HailoRT] [info] [vstream.cpp:754] [InputVStreamImpl] Creating palm_detection_lite/input_layer1...
[2024-11-13 10:07:04.569] [159140] [HailoRT] [info] [vstream_builder.cpp:102] [create_inputs] Input pipeline 'palm_detection_lite/input_layer1': (HwWriteEl2palm_detection_lite/input_layer1 | hw_frame_size: 110592) >> HW
[2024-11-13 10:07:04.569] [159140] [HailoRT] [info] [edge_elements.cpp:287] [create] Created (HwReadEl1palm_detection_lite/conv24 | hw_frame_size: 1152)
[2024-11-13 10:07:04.569] [159140] [HailoRT] [info] [queue_elements.cpp:613] [create] Created (PullQEl_hw_read1palm_detection_lite/conv24)
[2024-11-13 10:07:04.569] [159140] [HailoRT] [info] [filter_elements.cpp:360] [create] Created (PostInferEl1palm_detection_lite/conv24 | Quantization - src_type: UINT8, dst_type FLOAT32, limvals_min: -25.5854, limvals_max: 4.76007 | Reorder - src_order: FCR, src_shape: (12, 12, 8), dst_order: FCR, dst_shape: (12, 12, 6))
[2024-11-13 10:07:04.569] [159140] [HailoRT] [info] [queue_elements.cpp:756] [create] Created (UserBuffQEl1palm_detection_lite/conv24 | timeout: 10s)
[2024-11-13 10:07:04.569] [159140] [HailoRT] [info] [vstream.cpp:1107] [OutputVStreamImpl] Creating palm_detection_lite/conv24...
[2024-11-13 10:07:04.569] [159140] [HailoRT] [info] [vstream_builder.cpp:225] [create_outputs] Output pipeline 'palm_detection_lite/conv24': HW >> (HwReadEl1palm_detection_lite/conv24 | hw_frame_size: 1152) >> (PullQEl_hw_read1palm_detection_lite/conv24) >> (PostInferEl1palm_detection_lite/conv24 | Quantization - src_type: UINT8, dst_type FLOAT32, limvals_min: -25.5854, limvals_max: 4.76007 | Reorder - src_order: FCR, src_shape: (12, 12, 8), dst_order: FCR, dst_shape: (12, 12, 6)) >> (UserBuffQEl1palm_detection_lite/conv24 | timeout: 10s)
[2024-11-13 10:07:04.569] [159140] [HailoRT] [info] [edge_elements.cpp:287] [create] Created (HwReadEl3palm_detection_lite/conv25 | hw_frame_size: 16128)
[2024-11-13 10:07:04.570] [159140] [HailoRT] [info] [queue_elements.cpp:613] [create] Created (PullQEl_hw_read3palm_detection_lite/conv25)
[2024-11-13 10:07:04.570] [159140] [HailoRT] [info] [filter_elements.cpp:360] [create] Created (PostInferEl3palm_detection_lite/conv25 | Quantization - src_type: UINT8, dst_type FLOAT32, limvals_min: -75.2335, limvals_max: 140.323 | Reorder - src_order: FCR, src_shape: (12, 12, 112), dst_order: FCR, dst_shape: (12, 12, 108))
[2024-11-13 10:07:04.570] [159140] [HailoRT] [info] [queue_elements.cpp:756] [create] Created (UserBuffQEl3palm_detection_lite/conv25 | timeout: 10s)
[2024-11-13 10:07:04.570] [159140] [HailoRT] [info] [vstream.cpp:1107] [OutputVStreamImpl] Creating palm_detection_lite/conv25...
[2024-11-13 10:07:04.570] [159140] [HailoRT] [info] [vstream_builder.cpp:225] [create_outputs] Output pipeline 'palm_detection_lite/conv25': HW >> (HwReadEl3palm_detection_lite/conv25 | hw_frame_size: 16128) >> (PullQEl_hw_read3palm_detection_lite/conv25) >> (PostInferEl3palm_detection_lite/conv25 | Quantization - src_type: UINT8, dst_type FLOAT32, limvals_min: -75.2335, limvals_max: 140.323 | Reorder - src_order: FCR, src_shape: (12, 12, 112), dst_order: FCR, dst_shape: (12, 12, 108)) >> (UserBuffQEl3palm_detection_lite/conv25 | timeout: 10s)
[2024-11-13 10:07:04.570] [159140] [HailoRT] [info] [edge_elements.cpp:287] [create] Created (HwReadEl2palm_detection_lite/conv29 | hw_frame_size: 1152)
[2024-11-13 10:07:04.570] [159140] [HailoRT] [info] [queue_elements.cpp:613] [create] Created (PullQEl_hw_read2palm_detection_lite/conv29)
[2024-11-13 10:07:04.570] [159140] [HailoRT] [info] [filter_elements.cpp:360] [create] Created (PostInferEl2palm_detection_lite/conv29 | Quantization - src_type: UINT8, dst_type FLOAT32, limvals_min: -21.9402, limvals_max: 3.03637)
[2024-11-13 10:07:04.570] [159140] [HailoRT] [info] [queue_elements.cpp:756] [create] Created (UserBuffQEl2palm_detection_lite/conv29 | timeout: 10s)
[2024-11-13 10:07:04.570] [159140] [HailoRT] [info] [vstream.cpp:1107] [OutputVStreamImpl] Creating palm_detection_lite/conv29...
[2024-11-13 10:07:04.570] [159140] [HailoRT] [info] [vstream_builder.cpp:225] [create_outputs] Output pipeline 'palm_detection_lite/conv29': HW >> (HwReadEl2palm_detection_lite/conv29 | hw_frame_size: 1152) >> (PullQEl_hw_read2palm_detection_lite/conv29) >> (PostInferEl2palm_detection_lite/conv29 | Quantization - src_type: UINT8, dst_type FLOAT32, limvals_min: -21.9402, limvals_max: 3.03637) >> (UserBuffQEl2palm_detection_lite/conv29 | timeout: 10s)
[2024-11-13 10:07:04.570] [159140] [HailoRT] [info] [edge_elements.cpp:287] [create] Created (HwReadEl0palm_detection_lite/conv30 | hw_frame_size: 23040)
[2024-11-13 10:07:04.570] [159140] [HailoRT] [info] [queue_elements.cpp:613] [create] Created (PullQEl_hw_read0palm_detection_lite/conv30)
[2024-11-13 10:07:04.570] [159140] [HailoRT] [info] [filter_elements.cpp:360] [create] Created (PostInferEl0palm_detection_lite/conv30 | Quantization - src_type: UINT8, dst_type FLOAT32, limvals_min: -36.3947, limvals_max: 52.8423 | Reorder - src_order: FCR, src_shape: (24, 24, 40), dst_order: FCR, dst_shape: (24, 24, 36))
[2024-11-13 10:07:04.570] [159140] [HailoRT] [info] [queue_elements.cpp:756] [create] Created (UserBuffQEl0palm_detection_lite/conv30 | timeout: 10s)
[2024-11-13 10:07:04.570] [159140] [HailoRT] [info] [vstream.cpp:1107] [OutputVStreamImpl] Creating palm_detection_lite/conv30...
[2024-11-13 10:07:04.570] [159140] [HailoRT] [info] [vstream_builder.cpp:225] [create_outputs] Output pipeline 'palm_detection_lite/conv30': HW >> (HwReadEl0palm_detection_lite/conv30 | hw_frame_size: 23040) >> (PullQEl_hw_read0palm_detection_lite/conv30) >> (PostInferEl0palm_detection_lite/conv30 | Quantization - src_type: UINT8, dst_type FLOAT32, limvals_min: -36.3947, limvals_max: 52.8423 | Reorder - src_order: FCR, src_shape: (24, 24, 40), dst_order: FCR, dst_shape: (24, 24, 36)) >> (UserBuffQEl0palm_detection_lite/conv30 | timeout: 10s)
[2024-11-13 10:07:04.571] [159140] [HailoRT] [info] [core_op.cpp:156] [activate] Activating palm_detection_lite took 0.441554 milliseconds. Note that the function is asynchronous and thus the network is not fully activated yet.
[2024-11-13 10:07:04.571] [159140] [HailoRT] [info] [core_op.cpp:156] [activate] Activating palm_detection_lite took 0.45935 milliseconds. Note that the function is asynchronous and thus the network is not fully activated yet.
[2024-11-13 10:07:04.580] [190164] [HailoRT] [info] [vdevice_native_stream.cpp:331] [read_impl] Failed read from stream HAILO_STREAM_NOT_ACTIVATED(72) (device: 0000:01:00.0)
[2024-11-13 10:07:04.580] [190170] [HailoRT] [info] [vdevice_native_stream.cpp:331] [read_impl] Failed read from stream HAILO_STREAM_NOT_ACTIVATED(72) (device: 0000:01:00.0)
[2024-11-13 10:07:04.580] [190168] [HailoRT] [info] [vdevice_native_stream.cpp:331] [read_impl] Failed read from stream HAILO_STREAM_NOT_ACTIVATED(72) (device: 0000:01:00.0)
[2024-11-13 10:07:04.580] [190166] [HailoRT] [info] [vdevice_native_stream.cpp:331] [read_impl] Failed read from stream HAILO_STREAM_NOT_ACTIVATED(72) (device: 0000:01:00.0)
[2024-11-13 10:07:04.581] [159140] [HailoRT] [info] [core_op.cpp:186] [deactivate] Deactivating took 0.460183 ms
[2024-11-13 10:07:04.581] [159140] [HailoRT] [info] [core_op.cpp:186] [deactivate] Deactivating took 0.472369 ms
[2024-11-13 10:07:04.581] [190164] [HailoRT] [info] [queue_elements.cpp:690] [run_in_thread] Shutdown event was signaled in run_pull of queue element PullQEl_hw_read1palm_detection_lite/conv24!
[2024-11-13 10:07:04.581] [190165] [HailoRT] [info] [queue_elements.cpp:811] [run_in_thread] Shutdown event was signaled in dequeue of UserBuffQEl1palm_detection_lite/conv24!
[2024-11-13 10:07:04.581] [190164] [HailoRT] [info] [queue_elements.cpp:54] [operator()] Thread in element PullQEl_hw_read1palm_detection_lite/conv24 is not running anymore, exiting..
[2024-11-13 10:07:04.581] [159140] [HailoRT] [info] [queue_elements.cpp:43] [~BaseQueueElement] Queue element PullQEl_hw_read1palm_detection_lite/conv24 has 0 frames in his Queue on destruction
[2024-11-13 10:07:04.581] [190165] [HailoRT] [info] [queue_elements.cpp:54] [operator()] Thread in element UserBuffQEl1palm_detection_lite/conv24 is not running anymore, exiting..
[2024-11-13 10:07:04.581] [159140] [HailoRT] [info] [queue_elements.cpp:43] [~BaseQueueElement] Queue element UserBuffQEl1palm_detection_lite/conv24 has 0 frames in his Queue on destruction
[2024-11-13 10:07:04.581] [190166] [HailoRT] [info] [queue_elements.cpp:690] [run_in_thread] Shutdown event was signaled in run_pull of queue element PullQEl_hw_read3palm_detection_lite/conv25!
[2024-11-13 10:07:04.581] [190167] [HailoRT] [info] [queue_elements.cpp:811] [run_in_thread] Shutdown event was signaled in dequeue of UserBuffQEl3palm_detection_lite/conv25!
[2024-11-13 10:07:04.581] [190166] [HailoRT] [info] [queue_elements.cpp:54] [operator()] Thread in element PullQEl_hw_read3palm_detection_lite/conv25 is not running anymore, exiting..
[2024-11-13 10:07:04.581] [159140] [HailoRT] [info] [queue_elements.cpp:43] [~BaseQueueElement] Queue element PullQEl_hw_read3palm_detection_lite/conv25 has 0 frames in his Queue on destruction
[2024-11-13 10:07:04.581] [190167] [HailoRT] [info] [queue_elements.cpp:54] [operator()] Thread in element UserBuffQEl3palm_detection_lite/conv25 is not running anymore, exiting..
[2024-11-13 10:07:04.581] [159140] [HailoRT] [info] [queue_elements.cpp:43] [~BaseQueueElement] Queue element UserBuffQEl3palm_detection_lite/conv25 has 0 frames in his Queue on destruction
[2024-11-13 10:07:04.581] [190168] [HailoRT] [info] [queue_elements.cpp:690] [run_in_thread] Shutdown event was signaled in run_pull of queue element PullQEl_hw_read2palm_detection_lite/conv29!
[2024-11-13 10:07:04.581] [190169] [HailoRT] [info] [queue_elements.cpp:811] [run_in_thread] Shutdown event was signaled in dequeue of UserBuffQEl2palm_detection_lite/conv29!
[2024-11-13 10:07:04.581] [190168] [HailoRT] [info] [queue_elements.cpp:54] [operator()] Thread in element PullQEl_hw_read2palm_detection_lite/conv29 is not running anymore, exiting..
[2024-11-13 10:07:04.581] [159140] [HailoRT] [info] [queue_elements.cpp:43] [~BaseQueueElement] Queue element PullQEl_hw_read2palm_detection_lite/conv29 has 0 frames in his Queue on destruction
[2024-11-13 10:07:04.581] [190169] [HailoRT] [info] [queue_elements.cpp:54] [operator()] Thread in element UserBuffQEl2palm_detection_lite/conv29 is not running anymore, exiting..
[2024-11-13 10:07:04.581] [159140] [HailoRT] [info] [queue_elements.cpp:43] [~BaseQueueElement] Queue element UserBuffQEl2palm_detection_lite/conv29 has 0 frames in his Queue on destruction
[2024-11-13 10:07:04.581] [190170] [HailoRT] [info] [queue_elements.cpp:690] [run_in_thread] Shutdown event was signaled in run_pull of queue element PullQEl_hw_read0palm_detection_lite/conv30!
[2024-11-13 10:07:04.581] [190171] [HailoRT] [info] [queue_elements.cpp:811] [run_in_thread] Shutdown event was signaled in dequeue of UserBuffQEl0palm_detection_lite/conv30!
[2024-11-13 10:07:04.581] [190170] [HailoRT] [info] [queue_elements.cpp:54] [operator()] Thread in element PullQEl_hw_read0palm_detection_lite/conv30 is not running anymore, exiting..
[2024-11-13 10:07:04.581] [159140] [HailoRT] [info] [queue_elements.cpp:43] [~BaseQueueElement] Queue element PullQEl_hw_read0palm_detection_lite/conv30 has 0 frames in his Queue on destruction
[2024-11-13 10:07:04.581] [190171] [HailoRT] [info] [queue_elements.cpp:54] [operator()] Thread in element UserBuffQEl0palm_detection_lite/conv30 is not running anymore, exiting..
[2024-11-13 10:07:04.581] [159140] [HailoRT] [info] [queue_elements.cpp:43] [~BaseQueueElement] Queue element UserBuffQEl0palm_detection_lite/conv30 has 0 frames in his Queue on destruction
[2024-11-13 10:07:04.606] [159140] [HailoRT] [info] [edge_elements.cpp:52] [create] Created (HwWriteEl2palm_detection_lite/input_layer1 | hw_frame_size: 110592)
[2024-11-13 10:07:04.606] [159140] [HailoRT] [info] [vstream.cpp:754] [InputVStreamImpl] Creating palm_detection_lite/input_layer1...
[2024-11-13 10:07:04.606] [159140] [HailoRT] [info] [vstream_builder.cpp:102] [create_inputs] Input pipeline 'palm_detection_lite/input_layer1': (HwWriteEl2palm_detection_lite/input_layer1 | hw_frame_size: 110592) >> HW
[2024-11-13 10:07:04.606] [159140] [HailoRT] [info] [edge_elements.cpp:287] [create] Created (HwReadEl1palm_detection_lite/conv24 | hw_frame_size: 1152)
[2024-11-13 10:07:04.606] [159140] [HailoRT] [info] [queue_elements.cpp:613] [create] Created (PullQEl_hw_read1palm_detection_lite/conv24)
[2024-11-13 10:07:04.606] [159140] [HailoRT] [info] [filter_elements.cpp:360] [create] Created (PostInferEl1palm_detection_lite/conv24 | Quantization - src_type: UINT8, dst_type FLOAT32, limvals_min: -25.5854, limvals_max: 4.76007 | Reorder - src_order: FCR, src_shape: (12, 12, 8), dst_order: FCR, dst_shape: (12, 12, 6))
[2024-11-13 10:07:04.606] [159140] [HailoRT] [info] [queue_elements.cpp:756] [create] Created (UserBuffQEl1palm_detection_lite/conv24 | timeout: 10s)
[2024-11-13 10:07:04.606] [159140] [HailoRT] [info] [vstream.cpp:1107] [OutputVStreamImpl] Creating palm_detection_lite/conv24...
[2024-11-13 10:07:04.606] [159140] [HailoRT] [info] [vstream_builder.cpp:225] [create_outputs] Output pipeline 'palm_detection_lite/conv24': HW >> (HwReadEl1palm_detection_lite/conv24 | hw_frame_size: 1152) >> (PullQEl_hw_read1palm_detection_lite/conv24) >> (PostInferEl1palm_detection_lite/conv24 | Quantization - src_type: UINT8, dst_type FLOAT32, limvals_min: -25.5854, limvals_max: 4.76007 | Reorder - src_order: FCR, src_shape: (12, 12, 8), dst_order: FCR, dst_shape: (12, 12, 6)) >> (UserBuffQEl1palm_detection_lite/conv24 | timeout: 10s)
[2024-11-13 10:07:04.606] [159140] [HailoRT] [info] [edge_elements.cpp:287] [create] Created (HwReadEl3palm_detection_lite/conv25 | hw_frame_size: 16128)
[2024-11-13 10:07:04.606] [159140] [HailoRT] [info] [queue_elements.cpp:613] [create] Created (PullQEl_hw_read3palm_detection_lite/conv25)
[2024-11-13 10:07:04.606] [159140] [HailoRT] [info] [filter_elements.cpp:360] [create] Created (PostInferEl3palm_detection_lite/conv25 | Quantization - src_type: UINT8, dst_type FLOAT32, limvals_min: -75.2335, limvals_max: 140.323 | Reorder - src_order: FCR, src_shape: (12, 12, 112), dst_order: FCR, dst_shape: (12, 12, 108))
[2024-11-13 10:07:04.606] [159140] [HailoRT] [info] [queue_elements.cpp:756] [create] Created (UserBuffQEl3palm_detection_lite/conv25 | timeout: 10s)
[2024-11-13 10:07:04.606] [159140] [HailoRT] [info] [vstream.cpp:1107] [OutputVStreamImpl] Creating palm_detection_lite/conv25...
[2024-11-13 10:07:04.606] [159140] [HailoRT] [info] [vstream_builder.cpp:225] [create_outputs] Output pipeline 'palm_detection_lite/conv25': HW >> (HwReadEl3palm_detection_lite/conv25 | hw_frame_size: 16128) >> (PullQEl_hw_read3palm_detection_lite/conv25) >> (PostInferEl3palm_detection_lite/conv25 | Quantization - src_type: UINT8, dst_type FLOAT32, limvals_min: -75.2335, limvals_max: 140.323 | Reorder - src_order: FCR, src_shape: (12, 12, 112), dst_order: FCR, dst_shape: (12, 12, 108)) >> (UserBuffQEl3palm_detection_lite/conv25 | timeout: 10s)
[2024-11-13 10:07:04.606] [159140] [HailoRT] [info] [edge_elements.cpp:287] [create] Created (HwReadEl2palm_detection_lite/conv29 | hw_frame_size: 1152)
[2024-11-13 10:07:04.606] [159140] [HailoRT] [info] [queue_elements.cpp:613] [create] Created (PullQEl_hw_read2palm_detection_lite/conv29)
[2024-11-13 10:07:04.606] [159140] [HailoRT] [info] [filter_elements.cpp:360] [create] Created (PostInferEl2palm_detection_lite/conv29 | Quantization - src_type: UINT8, dst_type FLOAT32, limvals_min: -21.9402, limvals_max: 3.03637)
[2024-11-13 10:07:04.607] [159140] [HailoRT] [info] [queue_elements.cpp:756] [create] Created (UserBuffQEl2palm_detection_lite/conv29 | timeout: 10s)
[2024-11-13 10:07:04.607] [159140] [HailoRT] [info] [vstream.cpp:1107] [OutputVStreamImpl] Creating palm_detection_lite/conv29...
[2024-11-13 10:07:04.607] [159140] [HailoRT] [info] [vstream_builder.cpp:225] [create_outputs] Output pipeline 'palm_detection_lite/conv29': HW >> (HwReadEl2palm_detection_lite/conv29 | hw_frame_size: 1152) >> (PullQEl_hw_read2palm_detection_lite/conv29) >> (PostInferEl2palm_detection_lite/conv29 | Quantization - src_type: UINT8, dst_type FLOAT32, limvals_min: -21.9402, limvals_max: 3.03637) >> (UserBuffQEl2palm_detection_lite/conv29 | timeout: 10s)
[2024-11-13 10:07:04.607] [159140] [HailoRT] [info] [edge_elements.cpp:287] [create] Created (HwReadEl0palm_detection_lite/conv30 | hw_frame_size: 23040)
[2024-11-13 10:07:04.607] [159140] [HailoRT] [info] [queue_elements.cpp:613] [create] Created (PullQEl_hw_read0palm_detection_lite/conv30)
[2024-11-13 10:07:04.607] [159140] [HailoRT] [info] [filter_elements.cpp:360] [create] Created (PostInferEl0palm_detection_lite/conv30 | Quantization - src_type: UINT8, dst_type FLOAT32, limvals_min: -36.3947, limvals_max: 52.8423 | Reorder - src_order: FCR, src_shape: (24, 24, 40), dst_order: FCR, dst_shape: (24, 24, 36))
[2024-11-13 10:07:04.607] [159140] [HailoRT] [info] [queue_elements.cpp:756] [create] Created (UserBuffQEl0palm_detection_lite/conv30 | timeout: 10s)
[2024-11-13 10:07:04.607] [159140] [HailoRT] [info] [vstream.cpp:1107] [OutputVStreamImpl] Creating palm_detection_lite/conv30...
[2024-11-13 10:07:04.607] [159140] [HailoRT] [info] [vstream_builder.cpp:225] [create_outputs] Output pipeline 'palm_detection_lite/conv30': HW >> (HwReadEl0palm_detection_lite/conv30 | hw_frame_size: 23040) >> (PullQEl_hw_read0palm_detection_lite/conv30) >> (PostInferEl0palm_detection_lite/conv30 | Quantization - src_type: UINT8, dst_type FLOAT32, limvals_min: -36.3947, limvals_max: 52.8423 | Reorder - src_order: FCR, src_shape: (24, 24, 40), dst_order: FCR, dst_shape: (24, 24, 36)) >> (UserBuffQEl0palm_detection_lite/conv30 | timeout: 10s)
[2024-11-13 10:07:04.607] [159140] [HailoRT] [info] [core_op.cpp:156] [activate] Activating palm_detection_lite took 0.367072 milliseconds. Note that the function is asynchronous and thus the network is not fully activated yet.
[2024-11-13 10:07:04.607] [159140] [HailoRT] [info] [core_op.cpp:156] [activate] Activating palm_detection_lite took 0.378647 milliseconds. Note that the function is asynchronous and thus the network is not fully activated yet.
[2024-11-13 10:07:04.617] [190177] [HailoRT] [info] [vdevice_native_stream.cpp:331] [read_impl] Failed read from stream HAILO_STREAM_NOT_ACTIVATED(72) (device: 0000:01:00.0)
[2024-11-13 10:07:04.617] [190181] [HailoRT] [info] [vdevice_native_stream.cpp:331] [read_impl] Failed read from stream HAILO_STREAM_NOT_ACTIVATED(72) (device: 0000:01:00.0)
[2024-11-13 10:07:04.617] [190179] [HailoRT] [info] [vdevice_native_stream.cpp:331] [read_impl] Failed read from stream HAILO_STREAM_NOT_ACTIVATED(72) (device: 0000:01:00.0)
[2024-11-13 10:07:04.617] [190183] [HailoRT] [info] [vdevice_native_stream.cpp:331] [read_impl] Failed read from stream HAILO_STREAM_NOT_ACTIVATED(72) (device: 0000:01:00.0)
[2024-11-13 10:07:04.617] [159140] [HailoRT] [info] [core_op.cpp:186] [deactivate] Deactivating took 0.459035 ms
[2024-11-13 10:07:04.617] [159140] [HailoRT] [info] [core_op.cpp:186] [deactivate] Deactivating took 0.471331 ms
[2024-11-13 10:07:04.617] [190177] [HailoRT] [info] [queue_elements.cpp:690] [run_in_thread] Shutdown event was signaled in run_pull of queue element PullQEl_hw_read1palm_detection_lite/conv24!
[2024-11-13 10:07:04.617] [190178] [HailoRT] [info] [queue_elements.cpp:811] [run_in_thread] Shutdown event was signaled in dequeue of UserBuffQEl1palm_detection_lite/conv24!
[2024-11-13 10:07:04.617] [190177] [HailoRT] [info] [queue_elements.cpp:54] [operator()] Thread in element PullQEl_hw_read1palm_detection_lite/conv24 is not running anymore, exiting..
[2024-11-13 10:07:04.617] [159140] [HailoRT] [info] [queue_elements.cpp:43] [~BaseQueueElement] Queue element PullQEl_hw_read1palm_detection_lite/conv24 has 0 frames in his Queue on destruction
[2024-11-13 10:07:04.617] [190178] [HailoRT] [info] [queue_elements.cpp:54] [operator()] Thread in element UserBuffQEl1palm_detection_lite/conv24 is not running anymore, exiting..
[2024-11-13 10:07:04.617] [159140] [HailoRT] [info] [queue_elements.cpp:43] [~BaseQueueElement] Queue element UserBuffQEl1palm_detection_lite/conv24 has 0 frames in his Queue on destruction
[2024-11-13 10:07:04.617] [190179] [HailoRT] [info] [queue_elements.cpp:690] [run_in_thread] Shutdown event was signaled in run_pull of queue element PullQEl_hw_read3palm_detection_lite/conv25!
[2024-11-13 10:07:04.617] [190180] [HailoRT] [info] [queue_elements.cpp:811] [run_in_thread] Shutdown event was signaled in dequeue of UserBuffQEl3palm_detection_lite/conv25!
[2024-11-13 10:07:04.617] [190179] [HailoRT] [info] [queue_elements.cpp:54] [operator()] Thread in element PullQEl_hw_read3palm_detection_lite/conv25 is not running anymore, exiting..
[2024-11-13 10:07:04.617] [159140] [HailoRT] [info] [queue_elements.cpp:43] [~BaseQueueElement] Queue element PullQEl_hw_read3palm_detection_lite/conv25 has 0 frames in his Queue on destruction
[2024-11-13 10:07:04.617] [190180] [HailoRT] [info] [queue_elements.cpp:54] [operator()] Thread in element UserBuffQEl3palm_detection_lite/conv25 is not running anymore, exiting..
[2024-11-13 10:07:04.617] [159140] [HailoRT] [info] [queue_elements.cpp:43] [~BaseQueueElement] Queue element UserBuffQEl3palm_detection_lite/conv25 has 0 frames in his Queue on destruction
[2024-11-13 10:07:04.617] [190181] [HailoRT] [info] [queue_elements.cpp:690] [run_in_thread] Shutdown event was signaled in run_pull of queue element PullQEl_hw_read2palm_detection_lite/conv29!
[2024-11-13 10:07:04.617] [190182] [HailoRT] [info] [queue_elements.cpp:811] [run_in_thread] Shutdown event was signaled in dequeue of UserBuffQEl2palm_detection_lite/conv29!
[2024-11-13 10:07:04.617] [190181] [HailoRT] [info] [queue_elements.cpp:54] [operator()] Thread in element PullQEl_hw_read2palm_detection_lite/conv29 is not running anymore, exiting..
[2024-11-13 10:07:04.617] [159140] [HailoRT] [info] [queue_elements.cpp:43] [~BaseQueueElement] Queue element PullQEl_hw_read2palm_detection_lite/conv29 has 0 frames in his Queue on destruction
[2024-11-13 10:07:04.617] [190182] [HailoRT] [info] [queue_elements.cpp:54] [operator()] Thread in element UserBuffQEl2palm_detection_lite/conv29 is not running anymore, exiting..
[2024-11-13 10:07:04.617] [159140] [HailoRT] [info] [queue_elements.cpp:43] [~BaseQueueElement] Queue element UserBuffQEl2palm_detection_lite/conv29 has 0 frames in his Queue on destruction
[2024-11-13 10:07:04.617] [190183] [HailoRT] [info] [queue_elements.cpp:690] [run_in_thread] Shutdown event was signaled in run_pull of queue element PullQEl_hw_read0palm_detection_lite/conv30!
[2024-11-13 10:07:04.617] [190184] [HailoRT] [info] [queue_elements.cpp:811] [run_in_thread] Shutdown event was signaled in dequeue of UserBuffQEl0palm_detection_lite/conv30!
[2024-11-13 10:07:04.617] [190183] [HailoRT] [info] [queue_elements.cpp:54] [operator()] Thread in element PullQEl_hw_read0palm_detection_lite/conv30 is not running anymore, exiting..
[2024-11-13 10:07:04.617] [159140] [HailoRT] [info] [queue_elements.cpp:43] [~BaseQueueElement] Queue element PullQEl_hw_read0palm_detection_lite/conv30 has 0 frames in his Queue on destruction
[2024-11-13 10:07:04.617] [190184] [HailoRT] [info] [queue_elements.cpp:54] [operator()] Thread in element UserBuffQEl0palm_detection_lite/conv30 is not running anymore, exiting..
[2024-11-13 10:07:04.617] [159140] [HailoRT] [info] [queue_elements.cpp:43] [~BaseQueueElement] Queue element UserBuffQEl0palm_detection_lite/conv30 has 0 frames in his Queue on destruction
[2024-11-13 10:07:04.638] [159140] [HailoRT] [info] [edge_elements.cpp:52] [create] Created (HwWriteEl2palm_detection_lite/input_layer1 | hw_frame_size: 110592)
[2024-11-13 10:07:04.638] [159140] [HailoRT] [info] [vstream.cpp:754] [InputVStreamImpl] Creating palm_detection_lite/input_layer1...
[2024-11-13 10:07:04.638] [159140] [HailoRT] [info] [vstream_builder.cpp:102] [create_inputs] Input pipeline 'palm_detection_lite/input_layer1': (HwWriteEl2palm_detection_lite/input_layer1 | hw_frame_size: 110592) >> HW
[2024-11-13 10:07:04.638] [159140] [HailoRT] [info] [edge_elements.cpp:287] [create] Created (HwReadEl1palm_detection_lite/conv24 | hw_frame_size: 1152)
[2024-11-13 10:07:04.638] [159140] [HailoRT] [info] [queue_elements.cpp:613] [create] Created (PullQEl_hw_read1palm_detection_lite/conv24)
[2024-11-13 10:07:04.638] [159140] [HailoRT] [info] [filter_elements.cpp:360] [create] Created (PostInferEl1palm_detection_lite/conv24 | Quantization - src_type: UINT8, dst_type FLOAT32, limvals_min: -25.5854, limvals_max: 4.76007 | Reorder - src_order: FCR, src_shape: (12, 12, 8), dst_order: FCR, dst_shape: (12, 12, 6))
[2024-11-13 10:07:04.638] [159140] [HailoRT] [info] [queue_elements.cpp:756] [create] Created (UserBuffQEl1palm_detection_lite/conv24 | timeout: 10s)
[2024-11-13 10:07:04.638] [159140] [HailoRT] [info] [vstream.cpp:1107] [OutputVStreamImpl] Creating palm_detection_lite/conv24...
[2024-11-13 10:07:04.638] [159140] [HailoRT] [info] [vstream_builder.cpp:225] [create_outputs] Output pipeline 'palm_detection_lite/conv24': HW >> (HwReadEl1palm_detection_lite/conv24 | hw_frame_size: 1152) >> (PullQEl_hw_read1palm_detection_lite/conv24) >> (PostInferEl1palm_detection_lite/conv24 | Quantization - src_type: UINT8, dst_type FLOAT32, limvals_min: -25.5854, limvals_max: 4.76007 | Reorder - src_order: FCR, src_shape: (12, 12, 8), dst_order: FCR, dst_shape: (12, 12, 6)) >> (UserBuffQEl1palm_detection_lite/conv24 | timeout: 10s)
[2024-11-13 10:07:04.638] [159140] [HailoRT] [info] [edge_elements.cpp:287] [create] Created (HwReadEl3palm_detection_lite/conv25 | hw_frame_size: 16128)
[2024-11-13 10:07:04.638] [159140] [HailoRT] [info] [queue_elements.cpp:613] [create] Created (PullQEl_hw_read3palm_detection_lite/conv25)
[2024-11-13 10:07:04.638] [159140] [HailoRT] [info] [filter_elements.cpp:360] [create] Created (PostInferEl3palm_detection_lite/conv25 | Quantization - src_type: UINT8, dst_type FLOAT32, limvals_min: -75.2335, limvals_max: 140.323 | Reorder - src_order: FCR, src_shape: (12, 12, 112), dst_order: FCR, dst_shape: (12, 12, 108))
[2024-11-13 10:07:04.638] [159140] [HailoRT] [info] [queue_elements.cpp:756] [create] Created (UserBuffQEl3palm_detection_lite/conv25 | timeout: 10s)
[2024-11-13 10:07:04.638] [159140] [HailoRT] [info] [vstream.cpp:1107] [OutputVStreamImpl] Creating palm_detection_lite/conv25...
[2024-11-13 10:07:04.638] [159140] [HailoRT] [info] [vstream_builder.cpp:225] [create_outputs] Output pipeline 'palm_detection_lite/conv25': HW >> (HwReadEl3palm_detection_lite/conv25 | hw_frame_size: 16128) >> (PullQEl_hw_read3palm_detection_lite/conv25) >> (PostInferEl3palm_detection_lite/conv25 | Quantization - src_type: UINT8, dst_type FLOAT32, limvals_min: -75.2335, limvals_max: 140.323 | Reorder - src_order: FCR, src_shape: (12, 12, 112), dst_order: FCR, dst_shape: (12, 12, 108)) >> (UserBuffQEl3palm_detection_lite/conv25 | timeout: 10s)
[2024-11-13 10:07:04.638] [159140] [HailoRT] [info] [edge_elements.cpp:287] [create] Created (HwReadEl2palm_detection_lite/conv29 | hw_frame_size: 1152)
[2024-11-13 10:07:04.638] [159140] [HailoRT] [info] [queue_elements.cpp:613] [create] Created (PullQEl_hw_read2palm_detection_lite/conv29)
[2024-11-13 10:07:04.638] [159140] [HailoRT] [info] [filter_elements.cpp:360] [create] Created (PostInferEl2palm_detection_lite/conv29 | Quantization - src_type: UINT8, dst_type FLOAT32, limvals_min: -21.9402, limvals_max: 3.03637)
[2024-11-13 10:07:04.638] [159140] [HailoRT] [info] [queue_elements.cpp:756] [create] Created (UserBuffQEl2palm_detection_lite/conv29 | timeout: 10s)
[2024-11-13 10:07:04.638] [159140] [HailoRT] [info] [vstream.cpp:1107] [OutputVStreamImpl] Creating palm_detection_lite/conv29...
[2024-11-13 10:07:04.638] [159140] [HailoRT] [info] [vstream_builder.cpp:225] [create_outputs] Output pipeline 'palm_detection_lite/conv29': HW >> (HwReadEl2palm_detection_lite/conv29 | hw_frame_size: 1152) >> (PullQEl_hw_read2palm_detection_lite/conv29) >> (PostInferEl2palm_detection_lite/conv29 | Quantization - src_type: UINT8, dst_type FLOAT32, limvals_min: -21.9402, limvals_max: 3.03637) >> (UserBuffQEl2palm_detection_lite/conv29 | timeout: 10s)
[2024-11-13 10:07:04.638] [159140] [HailoRT] [info] [edge_elements.cpp:287] [create] Created (HwReadEl0palm_detection_lite/conv30 | hw_frame_size: 23040)
[2024-11-13 10:07:04.638] [159140] [HailoRT] [info] [queue_elements.cpp:613] [create] Created (PullQEl_hw_read0palm_detection_lite/conv30)
[2024-11-13 10:07:04.639] [159140] [HailoRT] [info] [filter_elements.cpp:360] [create] Created (PostInferEl0palm_detection_lite/conv30 | Quantization - src_type: UINT8, dst_type FLOAT32, limvals_min: -36.3947, limvals_max: 52.8423 | Reorder - src_order: FCR, src_shape: (24, 24, 40), dst_order: FCR, dst_shape: (24, 24, 36))
[2024-11-13 10:07:04.639] [159140] [HailoRT] [info] [queue_elements.cpp:756] [create] Created (UserBuffQEl0palm_detection_lite/conv30 | timeout: 10s)
[2024-11-13 10:07:04.639] [159140] [HailoRT] [info] [vstream.cpp:1107] [OutputVStreamImpl] Creating palm_detection_lite/conv30...
[2024-11-13 10:07:04.639] [159140] [HailoRT] [info] [vstream_builder.cpp:225] [create_outputs] Output pipeline 'palm_detection_lite/conv30': HW >> (HwReadEl0palm_detection_lite/conv30 | hw_frame_size: 23040) >> (PullQEl_hw_read0palm_detection_lite/conv30) >> (PostInferEl0palm_detection_lite/conv30 | Quantization - src_type: UINT8, dst_type FLOAT32, limvals_min: -36.3947, limvals_max: 52.8423 | Reorder - src_order: FCR, src_shape: (24, 24, 40), dst_order: FCR, dst_shape: (24, 24, 36)) >> (UserBuffQEl0palm_detection_lite/conv30 | timeout: 10s)
[2024-11-13 10:07:04.639] [159140] [HailoRT] [info] [core_op.cpp:156] [activate] Activating palm_detection_lite took 0.418794 milliseconds. Note that the function is asynchronous and thus the network is not fully activated yet.
[2024-11-13 10:07:04.639] [159140] [HailoRT] [info] [core_op.cpp:156] [activate] Activating palm_detection_lite took 0.433683 milliseconds. Note that the function is asynchronous and thus the network is not fully activated yet.
[2024-11-13 10:07:04.648] [190190] [HailoRT] [info] [vdevice_native_stream.cpp:331] [read_impl] Failed read from stream HAILO_STREAM_NOT_ACTIVATED(72) (device: 0000:01:00.0)
[2024-11-13 10:07:04.648] [190196] [HailoRT] [info] [vdevice_native_stream.cpp:331] [read_impl] Failed read from stream HAILO_STREAM_NOT_ACTIVATED(72) (device: 0000:01:00.0)
[2024-11-13 10:07:04.648] [190194] [HailoRT] [info] [vdevice_native_stream.cpp:331] [read_impl] Failed read from stream HAILO_STREAM_NOT_ACTIVATED(72) (device: 0000:01:00.0)
[2024-11-13 10:07:04.648] [190192] [HailoRT] [info] [vdevice_native_stream.cpp:331] [read_impl] Failed read from stream HAILO_STREAM_NOT_ACTIVATED(72) (device: 0000:01:00.0)
[2024-11-13 10:07:04.649] [159140] [HailoRT] [info] [core_op.cpp:186] [deactivate] Deactivating took 0.458572 ms
[2024-11-13 10:07:04.649] [159140] [HailoRT] [info] [core_op.cpp:186] [deactivate] Deactivating took 0.47159 ms
[2024-11-13 10:07:04.649] [190190] [HailoRT] [info] [queue_elements.cpp:690] [run_in_thread] Shutdown event was signaled in run_pull of queue element PullQEl_hw_read1palm_detection_lite/conv24!
[2024-11-13 10:07:04.649] [190191] [HailoRT] [info] [queue_elements.cpp:811] [run_in_thread] Shutdown event was signaled in dequeue of UserBuffQEl1palm_detection_lite/conv24!
[2024-11-13 10:07:04.649] [190190] [HailoRT] [info] [queue_elements.cpp:54] [operator()] Thread in element PullQEl_hw_read1palm_detection_lite/conv24 is not running anymore, exiting..
[2024-11-13 10:07:04.649] [159140] [HailoRT] [info] [queue_elements.cpp:43] [~BaseQueueElement] Queue element PullQEl_hw_read1palm_detection_lite/conv24 has 0 frames in his Queue on destruction
[2024-11-13 10:07:04.649] [190191] [HailoRT] [info] [queue_elements.cpp:54] [operator()] Thread in element UserBuffQEl1palm_detection_lite/conv24 is not running anymore, exiting..
[2024-11-13 10:07:04.649] [159140] [HailoRT] [info] [queue_elements.cpp:43] [~BaseQueueElement] Queue element UserBuffQEl1palm_detection_lite/conv24 has 0 frames in his Queue on destruction
[2024-11-13 10:07:04.649] [190192] [HailoRT] [info] [queue_elements.cpp:690] [run_in_thread] Shutdown event was signaled in run_pull of queue element PullQEl_hw_read3palm_detection_lite/conv25!
[2024-11-13 10:07:04.649] [190193] [HailoRT] [info] [queue_elements.cpp:811] [run_in_thread] Shutdown event was signaled in dequeue of UserBuffQEl3palm_detection_lite/conv25!
[2024-11-13 10:07:04.649] [190192] [HailoRT] [info] [queue_elements.cpp:54] [operator()] Thread in element PullQEl_hw_read3palm_detection_lite/conv25 is not running anymore, exiting..
[2024-11-13 10:07:04.649] [159140] [HailoRT] [info] [queue_elements.cpp:43] [~BaseQueueElement] Queue element PullQEl_hw_read3palm_detection_lite/conv25 has 0 frames in his Queue on destruction
[2024-11-13 10:07:04.649] [190193] [HailoRT] [info] [queue_elements.cpp:54] [operator()] Thread in element UserBuffQEl3palm_detection_lite/conv25 is not running anymore, exiting..
[2024-11-13 10:07:04.649] [159140] [HailoRT] [info] [queue_elements.cpp:43] [~BaseQueueElement] Queue element UserBuffQEl3palm_detection_lite/conv25 has 0 frames in his Queue on destruction
[2024-11-13 10:07:04.649] [190194] [HailoRT] [info] [queue_elements.cpp:690] [run_in_thread] Shutdown event was signaled in run_pull of queue element PullQEl_hw_read2palm_detection_lite/conv29!
[2024-11-13 10:07:04.649] [190195] [HailoRT] [info] [queue_elements.cpp:811] [run_in_thread] Shutdown event was signaled in dequeue of UserBuffQEl2palm_detection_lite/conv29!
[2024-11-13 10:07:04.649] [190194] [HailoRT] [info] [queue_elements.cpp:54] [operator()] Thread in element PullQEl_hw_read2palm_detection_lite/conv29 is not running anymore, exiting..
[2024-11-13 10:07:04.649] [159140] [HailoRT] [info] [queue_elements.cpp:43] [~BaseQueueElement] Queue element PullQEl_hw_read2palm_detection_lite/conv29 has 0 frames in his Queue on destruction
[2024-11-13 10:07:04.649] [190195] [HailoRT] [info] [queue_elements.cpp:54] [operator()] Thread in element UserBuffQEl2palm_detection_lite/conv29 is not running anymore, exiting..
[2024-11-13 10:07:04.649] [159140] [HailoRT] [info] [queue_elements.cpp:43] [~BaseQueueElement] Queue element UserBuffQEl2palm_detection_lite/conv29 has 0 frames in his Queue on destruction
[2024-11-13 10:07:04.649] [190196] [HailoRT] [info] [queue_elements.cpp:690] [run_in_thread] Shutdown event was signaled in run_pull of queue element PullQEl_hw_read0palm_detection_lite/conv30!
[2024-11-13 10:07:04.649] [190197] [HailoRT] [info] [queue_elements.cpp:811] [run_in_thread] Shutdown event was signaled in dequeue of UserBuffQEl0palm_detection_lite/conv30!
[2024-11-13 10:07:04.649] [190196] [HailoRT] [info] [queue_elements.cpp:54] [operator()] Thread in element PullQEl_hw_read0palm_detection_lite/conv30 is not running anymore, exiting..
[2024-11-13 10:07:04.649] [159140] [HailoRT] [info] [queue_elements.cpp:43] [~BaseQueueElement] Queue element PullQEl_hw_read0palm_detection_lite/conv30 has 0 frames in his Queue on destruction
[2024-11-13 10:07:04.649] [190197] [HailoRT] [info] [queue_elements.cpp:54] [operator()] Thread in element UserBuffQEl0palm_detection_lite/conv30 is not running anymore, exiting..
[2024-11-13 10:07:04.649] [159140] [HailoRT] [info] [queue_elements.cpp:43] [~BaseQueueElement] Queue element UserBuffQEl0palm_detection_lite/conv30 has 0 frames in his Queue on destruction
[2024-11-13 10:07:04.669] [159140] [HailoRT] [info] [edge_elements.cpp:52] [create] Created (HwWriteEl2palm_detection_lite/input_layer1 | hw_frame_size: 110592)
[2024-11-13 10:07:04.669] [159140] [HailoRT] [info] [vstream.cpp:754] [InputVStreamImpl] Creating palm_detection_lite/input_layer1...
[2024-11-13 10:07:04.669] [159140] [HailoRT] [info] [vstream_builder.cpp:102] [create_inputs] Input pipeline 'palm_detection_lite/input_layer1': (HwWriteEl2palm_detection_lite/input_layer1 | hw_frame_size: 110592) >> HW
[2024-11-13 10:07:04.669] [159140] [HailoRT] [info] [edge_elements.cpp:287] [create] Created (HwReadEl1palm_detection_lite/conv24 | hw_frame_size: 1152)
[2024-11-13 10:07:04.669] [159140] [HailoRT] [info] [queue_elements.cpp:613] [create] Created (PullQEl_hw_read1palm_detection_lite/conv24)
[2024-11-13 10:07:04.669] [159140] [HailoRT] [info] [filter_elements.cpp:360] [create] Created (PostInferEl1palm_detection_lite/conv24 | Quantization - src_type: UINT8, dst_type FLOAT32, limvals_min: -25.5854, limvals_max: 4.76007 | Reorder - src_order: FCR, src_shape: (12, 12, 8), dst_order: FCR, dst_shape: (12, 12, 6))
[2024-11-13 10:07:04.669] [159140] [HailoRT] [info] [queue_elements.cpp:756] [create] Created (UserBuffQEl1palm_detection_lite/conv24 | timeout: 10s)
[2024-11-13 10:07:04.669] [159140] [HailoRT] [info] [vstream.cpp:1107] [OutputVStreamImpl] Creating palm_detection_lite/conv24...
[2024-11-13 10:07:04.669] [159140] [HailoRT] [info] [vstream_builder.cpp:225] [create_outputs] Output pipeline 'palm_detection_lite/conv24': HW >> (HwReadEl1palm_detection_lite/conv24 | hw_frame_size: 1152) >> (PullQEl_hw_read1palm_detection_lite/conv24) >> (PostInferEl1palm_detection_lite/conv24 | Quantization - src_type: UINT8, dst_type FLOAT32, limvals_min: -25.5854, limvals_max: 4.76007 | Reorder - src_order: FCR, src_shape: (12, 12, 8), dst_order: FCR, dst_shape: (12, 12, 6)) >> (UserBuffQEl1palm_detection_lite/conv24 | timeout: 10s)
[2024-11-13 10:07:04.669] [159140] [HailoRT] [info] [edge_elements.cpp:287] [create] Created (HwReadEl3palm_detection_lite/conv25 | hw_frame_size: 16128)
[2024-11-13 10:07:04.669] [159140] [HailoRT] [info] [queue_elements.cpp:613] [create] Created (PullQEl_hw_read3palm_detection_lite/conv25)
[2024-11-13 10:07:04.669] [159140] [HailoRT] [info] [filter_elements.cpp:360] [create] Created (PostInferEl3palm_detection_lite/conv25 | Quantization - src_type: UINT8, dst_type FLOAT32, limvals_min: -75.2335, limvals_max: 140.323 | Reorder - src_order: FCR, src_shape: (12, 12, 112), dst_order: FCR, dst_shape: (12, 12, 108))
[2024-11-13 10:07:04.669] [159140] [HailoRT] [info] [queue_elements.cpp:756] [create] Created (UserBuffQEl3palm_detection_lite/conv25 | timeout: 10s)
[2024-11-13 10:07:04.670] [159140] [HailoRT] [info] [vstream.cpp:1107] [OutputVStreamImpl] Creating palm_detection_lite/conv25...
[2024-11-13 10:07:04.670] [159140] [HailoRT] [info] [vstream_builder.cpp:225] [create_outputs] Output pipeline 'palm_detection_lite/conv25': HW >> (HwReadEl3palm_detection_lite/conv25 | hw_frame_size: 16128) >> (PullQEl_hw_read3palm_detection_lite/conv25) >> (PostInferEl3palm_detection_lite/conv25 | Quantization - src_type: UINT8, dst_type FLOAT32, limvals_min: -75.2335, limvals_max: 140.323 | Reorder - src_order: FCR, src_shape: (12, 12, 112), dst_order: FCR, dst_shape: (12, 12, 108)) >> (UserBuffQEl3palm_detection_lite/conv25 | timeout: 10s)
[2024-11-13 10:07:04.670] [159140] [HailoRT] [info] [edge_elements.cpp:287] [create] Created (HwReadEl2palm_detection_lite/conv29 | hw_frame_size: 1152)
[2024-11-13 10:07:04.670] [159140] [HailoRT] [info] [queue_elements.cpp:613] [create] Created (PullQEl_hw_read2palm_detection_lite/conv29)
[2024-11-13 10:07:04.670] [159140] [HailoRT] [info] [filter_elements.cpp:360] [create] Created (PostInferEl2palm_detection_lite/conv29 | Quantization - src_type: UINT8, dst_type FLOAT32, limvals_min: -21.9402, limvals_max: 3.03637)
[2024-11-13 10:07:04.670] [159140] [HailoRT] [info] [queue_elements.cpp:756] [create] Created (UserBuffQEl2palm_detection_lite/conv29 | timeout: 10s)
[2024-11-13 10:07:04.670] [159140] [HailoRT] [info] [vstream.cpp:1107] [OutputVStreamImpl] Creating palm_detection_lite/conv29...
[2024-11-13 10:07:04.670] [159140] [HailoRT] [info] [vstream_builder.cpp:225] [create_outputs] Output pipeline 'palm_detection_lite/conv29': HW >> (HwReadEl2palm_detection_lite/conv29 | hw_frame_size: 1152) >> (PullQEl_hw_read2palm_detection_lite/conv29) >> (PostInferEl2palm_detection_lite/conv29 | Quantization - src_type: UINT8, dst_type FLOAT32, limvals_min: -21.9402, limvals_max: 3.03637) >> (UserBuffQEl2palm_detection_lite/conv29 | timeout: 10s)
[2024-11-13 10:07:04.670] [159140] [HailoRT] [info] [edge_elements.cpp:287] [create] Created (HwReadEl0palm_detection_lite/conv30 | hw_frame_size: 23040)
[2024-11-13 10:07:04.670] [159140] [HailoRT] [info] [queue_elements.cpp:613] [create] Created (PullQEl_hw_read0palm_detection_lite/conv30)
[2024-11-13 10:07:04.670] [159140] [HailoRT] [info] [filter_elements.cpp:360] [create] Created (PostInferEl0palm_detection_lite/conv30 | Quantization - src_type: UINT8, dst_type FLOAT32, limvals_min: -36.3947, limvals_max: 52.8423 | Reorder - src_order: FCR, src_shape: (24, 24, 40), dst_order: FCR, dst_shape: (24, 24, 36))
[2024-11-13 10:07:04.670] [159140] [HailoRT] [info] [queue_elements.cpp:756] [create] Created (UserBuffQEl0palm_detection_lite/conv30 | timeout: 10s)
[2024-11-13 10:07:04.670] [159140] [HailoRT] [info] [vstream.cpp:1107] [OutputVStreamImpl] Creating palm_detection_lite/conv30...
[2024-11-13 10:07:04.670] [159140] [HailoRT] [info] [vstream_builder.cpp:225] [create_outputs] Output pipeline 'palm_detection_lite/conv30': HW >> (HwReadEl0palm_detection_lite/conv30 | hw_frame_size: 23040) >> (PullQEl_hw_read0palm_detection_lite/conv30) >> (PostInferEl0palm_detection_lite/conv30 | Quantization - src_type: UINT8, dst_type FLOAT32, limvals_min: -36.3947, limvals_max: 52.8423 | Reorder - src_order: FCR, src_shape: (24, 24, 40), dst_order: FCR, dst_shape: (24, 24, 36)) >> (UserBuffQEl0palm_detection_lite/conv30 | timeout: 10s)
[2024-11-13 10:07:04.671] [159140] [HailoRT] [info] [core_op.cpp:156] [activate] Activating palm_detection_lite took 0.419091 milliseconds. Note that the function is asynchronous and thus the network is not fully activated yet.
[2024-11-13 10:07:04.671] [159140] [HailoRT] [info] [core_op.cpp:156] [activate] Activating palm_detection_lite took 0.436924 milliseconds. Note that the function is asynchronous and thus the network is not fully activated yet.
[2024-11-13 10:07:04.680] [190203] [HailoRT] [info] [vdevice_native_stream.cpp:331] [read_impl] Failed read from stream HAILO_STREAM_NOT_ACTIVATED(72) (device: 0000:01:00.0)
[2024-11-13 10:07:04.680] [190207] [HailoRT] [info] [vdevice_native_stream.cpp:331] [read_impl] Failed read from stream HAILO_STREAM_NOT_ACTIVATED(72) (device: 0000:01:00.0)
[2024-11-13 10:07:04.680] [190209] [HailoRT] [info] [vdevice_native_stream.cpp:331] [read_impl] Failed read from stream HAILO_STREAM_NOT_ACTIVATED(72) (device: 0000:01:00.0)
[2024-11-13 10:07:04.680] [190205] [HailoRT] [info] [vdevice_native_stream.cpp:331] [read_impl] Failed read from stream HAILO_STREAM_NOT_ACTIVATED(72) (device: 0000:01:00.0)
[2024-11-13 10:07:04.680] [159140] [HailoRT] [info] [core_op.cpp:186] [deactivate] Deactivating took 0.464702 ms
[2024-11-13 10:07:04.680] [159140] [HailoRT] [info] [core_op.cpp:186] [deactivate] Deactivating took 0.476813 ms
[2024-11-13 10:07:04.680] [190203] [HailoRT] [info] [queue_elements.cpp:690] [run_in_thread] Shutdown event was signaled in run_pull of queue element PullQEl_hw_read1palm_detection_lite/conv24!
[2024-11-13 10:07:04.680] [190204] [HailoRT] [info] [queue_elements.cpp:811] [run_in_thread] Shutdown event was signaled in dequeue of UserBuffQEl1palm_detection_lite/conv24!
[2024-11-13 10:07:04.680] [190203] [HailoRT] [info] [queue_elements.cpp:54] [operator()] Thread in element PullQEl_hw_read1palm_detection_lite/conv24 is not running anymore, exiting..
[2024-11-13 10:07:04.680] [159140] [HailoRT] [info] [queue_elements.cpp:43] [~BaseQueueElement] Queue element PullQEl_hw_read1palm_detection_lite/conv24 has 0 frames in his Queue on destruction
[2024-11-13 10:07:04.680] [190204] [HailoRT] [info] [queue_elements.cpp:54] [operator()] Thread in element UserBuffQEl1palm_detection_lite/conv24 is not running anymore, exiting..
[2024-11-13 10:07:04.680] [159140] [HailoRT] [info] [queue_elements.cpp:43] [~BaseQueueElement] Queue element UserBuffQEl1palm_detection_lite/conv24 has 0 frames in his Queue on destruction
[2024-11-13 10:07:04.680] [190205] [HailoRT] [info] [queue_elements.cpp:690] [run_in_thread] Shutdown event was signaled in run_pull of queue element PullQEl_hw_read3palm_detection_lite/conv25!
[2024-11-13 10:07:04.680] [190206] [HailoRT] [info] [queue_elements.cpp:811] [run_in_thread] Shutdown event was signaled in dequeue of UserBuffQEl3palm_detection_lite/conv25!
[2024-11-13 10:07:04.680] [190205] [HailoRT] [info] [queue_elements.cpp:54] [operator()] Thread in element PullQEl_hw_read3palm_detection_lite/conv25 is not running anymore, exiting..
[2024-11-13 10:07:04.680] [159140] [HailoRT] [info] [queue_elements.cpp:43] [~BaseQueueElement] Queue element PullQEl_hw_read3palm_detection_lite/conv25 has 0 frames in his Queue on destruction
[2024-11-13 10:07:04.680] [190206] [HailoRT] [info] [queue_elements.cpp:54] [operator()] Thread in element UserBuffQEl3palm_detection_lite/conv25 is not running anymore, exiting..
[2024-11-13 10:07:04.681] [159140] [HailoRT] [info] [queue_elements.cpp:43] [~BaseQueueElement] Queue element UserBuffQEl3palm_detection_lite/conv25 has 0 frames in his Queue on destruction
[2024-11-13 10:07:04.681] [190207] [HailoRT] [info] [queue_elements.cpp:690] [run_in_thread] Shutdown event was signaled in run_pull of queue element PullQEl_hw_read2palm_detection_lite/conv29!
[2024-11-13 10:07:04.681] [190208] [HailoRT] [info] [queue_elements.cpp:811] [run_in_thread] Shutdown event was signaled in dequeue of UserBuffQEl2palm_detection_lite/conv29!
[2024-11-13 10:07:04.681] [190207] [HailoRT] [info] [queue_elements.cpp:54] [operator()] Thread in element PullQEl_hw_read2palm_detection_lite/conv29 is not running anymore, exiting..
[2024-11-13 10:07:04.681] [159140] [HailoRT] [info] [queue_elements.cpp:43] [~BaseQueueElement] Queue element PullQEl_hw_read2palm_detection_lite/conv29 has 0 frames in his Queue on destruction
[2024-11-13 10:07:04.681] [190208] [HailoRT] [info] [queue_elements.cpp:54] [operator()] Thread in element UserBuffQEl2palm_detection_lite/conv29 is not running anymore, exiting..
[2024-11-13 10:07:04.681] [159140] [HailoRT] [info] [queue_elements.cpp:43] [~BaseQueueElement] Queue element UserBuffQEl2palm_detection_lite/conv29 has 0 frames in his Queue on destruction
[2024-11-13 10:07:04.681] [190209] [HailoRT] [info] [queue_elements.cpp:690] [run_in_thread] Shutdown event was signaled in run_pull of queue element PullQEl_hw_read0palm_detection_lite/conv30!
[2024-11-13 10:07:04.681] [190210] [HailoRT] [info] [queue_elements.cpp:811] [run_in_thread] Shutdown event was signaled in dequeue of UserBuffQEl0palm_detection_lite/conv30!
[2024-11-13 10:07:04.681] [190209] [HailoRT] [info] [queue_elements.cpp:54] [operator()] Thread in element PullQEl_hw_read0palm_detection_lite/conv30 is not running anymore, exiting..
[2024-11-13 10:07:04.681] [159140] [HailoRT] [info] [queue_elements.cpp:43] [~BaseQueueElement] Queue element PullQEl_hw_read0palm_detection_lite/conv30 has 0 frames in his Queue on destruction
[2024-11-13 10:07:04.681] [190210] [HailoRT] [info] [queue_elements.cpp:54] [operator()] Thread in element UserBuffQEl0palm_detection_lite/conv30 is not running anymore, exiting..
[2024-11-13 10:07:04.681] [159140] [HailoRT] [info] [queue_elements.cpp:43] [~BaseQueueElement] Queue element UserBuffQEl0palm_detection_lite/conv30 has 0 frames in his Queue on destruction
[2024-11-13 10:07:04.706] [159140] [HailoRT] [info] [edge_elements.cpp:52] [create] Created (HwWriteEl2palm_detection_lite/input_layer1 | hw_frame_size: 110592)
[2024-11-13 10:07:04.706] [159140] [HailoRT] [info] [vstream.cpp:754] [InputVStreamImpl] Creating palm_detection_lite/input_layer1...
[2024-11-13 10:07:04.706] [159140] [HailoRT] [info] [vstream_builder.cpp:102] [create_inputs] Input pipeline 'palm_detection_lite/input_layer1': (HwWriteEl2palm_detection_lite/input_layer1 | hw_frame_size: 110592) >> HW
[2024-11-13 10:07:04.706] [159140] [HailoRT] [info] [edge_elements.cpp:287] [create] Created (HwReadEl1palm_detection_lite/conv24 | hw_frame_size: 1152)
[2024-11-13 10:07:04.706] [159140] [HailoRT] [info] [queue_elements.cpp:613] [create] Created (PullQEl_hw_read1palm_detection_lite/conv24)
[2024-11-13 10:07:04.706] [159140] [HailoRT] [info] [filter_elements.cpp:360] [create] Created (PostInferEl1palm_detection_lite/conv24 | Quantization - src_type: UINT8, dst_type FLOAT32, limvals_min: -25.5854, limvals_max: 4.76007 | Reorder - src_order: FCR, src_shape: (12, 12, 8), dst_order: FCR, dst_shape: (12, 12, 6))
[2024-11-13 10:07:04.706] [159140] [HailoRT] [info] [queue_elements.cpp:756] [create] Created (UserBuffQEl1palm_detection_lite/conv24 | timeout: 10s)
[2024-11-13 10:07:04.706] [159140] [HailoRT] [info] [vstream.cpp:1107] [OutputVStreamImpl] Creating palm_detection_lite/conv24...
[2024-11-13 10:07:04.706] [159140] [HailoRT] [info] [vstream_builder.cpp:225] [create_outputs] Output pipeline 'palm_detection_lite/conv24': HW >> (HwReadEl1palm_detection_lite/conv24 | hw_frame_size: 1152) >> (PullQEl_hw_read1palm_detection_lite/conv24) >> (PostInferEl1palm_detection_lite/conv24 | Quantization - src_type: UINT8, dst_type FLOAT32, limvals_min: -25.5854, limvals_max: 4.76007 | Reorder - src_order: FCR, src_shape: (12, 12, 8), dst_order: FCR, dst_shape: (12, 12, 6)) >> (UserBuffQEl1palm_detection_lite/conv24 | timeout: 10s)
[2024-11-13 10:07:04.706] [159140] [HailoRT] [info] [edge_elements.cpp:287] [create] Created (HwReadEl3palm_detection_lite/conv25 | hw_frame_size: 16128)
[2024-11-13 10:07:04.706] [159140] [HailoRT] [info] [queue_elements.cpp:613] [create] Created (PullQEl_hw_read3palm_detection_lite/conv25)
[2024-11-13 10:07:04.706] [159140] [HailoRT] [info] [filter_elements.cpp:360] [create] Created (PostInferEl3palm_detection_lite/conv25 | Quantization - src_type: UINT8, dst_type FLOAT32, limvals_min: -75.2335, limvals_max: 140.323 | Reorder - src_order: FCR, src_shape: (12, 12, 112), dst_order: FCR, dst_shape: (12, 12, 108))
[2024-11-13 10:07:04.706] [159140] [HailoRT] [info] [queue_elements.cpp:756] [create] Created (UserBuffQEl3palm_detection_lite/conv25 | timeout: 10s)
[2024-11-13 10:07:04.706] [159140] [HailoRT] [info] [vstream.cpp:1107] [OutputVStreamImpl] Creating palm_detection_lite/conv25...
[2024-11-13 10:07:04.706] [159140] [HailoRT] [info] [vstream_builder.cpp:225] [create_outputs] Output pipeline 'palm_detection_lite/conv25': HW >> (HwReadEl3palm_detection_lite/conv25 | hw_frame_size: 16128) >> (PullQEl_hw_read3palm_detection_lite/conv25) >> (PostInferEl3palm_detection_lite/conv25 | Quantization - src_type: UINT8, dst_type FLOAT32, limvals_min: -75.2335, limvals_max: 140.323 | Reorder - src_order: FCR, src_shape: (12, 12, 112), dst_order: FCR, dst_shape: (12, 12, 108)) >> (UserBuffQEl3palm_detection_lite/conv25 | timeout: 10s)
[2024-11-13 10:07:04.706] [159140] [HailoRT] [info] [edge_elements.cpp:287] [create] Created (HwReadEl2palm_detection_lite/conv29 | hw_frame_size: 1152)
[2024-11-13 10:07:04.706] [159140] [HailoRT] [info] [queue_elements.cpp:613] [create] Created (PullQEl_hw_read2palm_detection_lite/conv29)
[2024-11-13 10:07:04.706] [159140] [HailoRT] [info] [filter_elements.cpp:360] [create] Created (PostInferEl2palm_detection_lite/conv29 | Quantization - src_type: UINT8, dst_type FLOAT32, limvals_min: -21.9402, limvals_max: 3.03637)
[2024-11-13 10:07:04.707] [159140] [HailoRT] [info] [queue_elements.cpp:756] [create] Created (UserBuffQEl2palm_detection_lite/conv29 | timeout: 10s)
[2024-11-13 10:07:04.707] [159140] [HailoRT] [info] [vstream.cpp:1107] [OutputVStreamImpl] Creating palm_detection_lite/conv29...
[2024-11-13 10:07:04.707] [159140] [HailoRT] [info] [vstream_builder.cpp:225] [create_outputs] Output pipeline 'palm_detection_lite/conv29': HW >> (HwReadEl2palm_detection_lite/conv29 | hw_frame_size: 1152) >> (PullQEl_hw_read2palm_detection_lite/conv29) >> (PostInferEl2palm_detection_lite/conv29 | Quantization - src_type: UINT8, dst_type FLOAT32, limvals_min: -21.9402, limvals_max: 3.03637) >> (UserBuffQEl2palm_detection_lite/conv29 | timeout: 10s)
[2024-11-13 10:07:04.707] [159140] [HailoRT] [info] [edge_elements.cpp:287] [create] Created (HwReadEl0palm_detection_lite/conv30 | hw_frame_size: 23040)
[2024-11-13 10:07:04.707] [159140] [HailoRT] [info] [queue_elements.cpp:613] [create] Created (PullQEl_hw_read0palm_detection_lite/conv30)
[2024-11-13 10:07:04.707] [159140] [HailoRT] [info] [filter_elements.cpp:360] [create] Created (PostInferEl0palm_detection_lite/conv30 | Quantization - src_type: UINT8, dst_type FLOAT32, limvals_min: -36.3947, limvals_max: 52.8423 | Reorder - src_order: FCR, src_shape: (24, 24, 40), dst_order: FCR, dst_shape: (24, 24, 36))
[2024-11-13 10:07:04.707] [159140] [HailoRT] [info] [queue_elements.cpp:756] [create] Created (UserBuffQEl0palm_detection_lite/conv30 | timeout: 10s)
[2024-11-13 10:07:04.707] [159140] [HailoRT] [info] [vstream.cpp:1107] [OutputVStreamImpl] Creating palm_detection_lite/conv30...
[2024-11-13 10:07:04.707] [159140] [HailoRT] [info] [vstream_builder.cpp:225] [create_outputs] Output pipeline 'palm_detection_lite/conv30': HW >> (HwReadEl0palm_detection_lite/conv30 | hw_frame_size: 23040) >> (PullQEl_hw_read0palm_detection_lite/conv30) >> (PostInferEl0palm_detection_lite/conv30 | Quantization - src_type: UINT8, dst_type FLOAT32, limvals_min: -36.3947, limvals_max: 52.8423 | Reorder - src_order: FCR, src_shape: (24, 24, 40), dst_order: FCR, dst_shape: (24, 24, 36)) >> (UserBuffQEl0palm_detection_lite/conv30 | timeout: 10s)
[2024-11-13 10:07:04.707] [159140] [HailoRT] [info] [core_op.cpp:156] [activate] Activating palm_detection_lite took 0.37035 milliseconds. Note that the function is asynchronous and thus the network is not fully activated yet.
[2024-11-13 10:07:04.707] [159140] [HailoRT] [info] [core_op.cpp:156] [activate] Activating palm_detection_lite took 0.381461 milliseconds. Note that the function is asynchronous and thus the network is not fully activated yet.
[2024-11-13 10:07:04.717] [190216] [HailoRT] [info] [vdevice_native_stream.cpp:331] [read_impl] Failed read from stream HAILO_STREAM_NOT_ACTIVATED(72) (device: 0000:01:00.0)
[2024-11-13 10:07:04.717] [190222] [HailoRT] [info] [vdevice_native_stream.cpp:331] [read_impl] Failed read from stream HAILO_STREAM_NOT_ACTIVATED(72) (device: 0000:01:00.0)
[2024-11-13 10:07:04.717] [190218] [HailoRT] [info] [vdevice_native_stream.cpp:331] [read_impl] Failed read from stream HAILO_STREAM_NOT_ACTIVATED(72) (device: 0000:01:00.0)
[2024-11-13 10:07:04.717] [190220] [HailoRT] [info] [vdevice_native_stream.cpp:331] [read_impl] Failed read from stream HAILO_STREAM_NOT_ACTIVATED(72) (device: 0000:01:00.0)
[2024-11-13 10:07:04.717] [159140] [HailoRT] [info] [core_op.cpp:186] [deactivate] Deactivating took 0.46385 ms
[2024-11-13 10:07:04.717] [159140] [HailoRT] [info] [core_op.cpp:186] [deactivate] Deactivating took 0.474813 ms
[2024-11-13 10:07:04.717] [190216] [HailoRT] [info] [queue_elements.cpp:690] [run_in_thread] Shutdown event was signaled in run_pull of queue element PullQEl_hw_read1palm_detection_lite/conv24!
[2024-11-13 10:07:04.717] [190217] [HailoRT] [info] [queue_elements.cpp:811] [run_in_thread] Shutdown event was signaled in dequeue of UserBuffQEl1palm_detection_lite/conv24!
[2024-11-13 10:07:04.717] [190216] [HailoRT] [info] [queue_elements.cpp:54] [operator()] Thread in element PullQEl_hw_read1palm_detection_lite/conv24 is not running anymore, exiting..
[2024-11-13 10:07:04.717] [159140] [HailoRT] [info] [queue_elements.cpp:43] [~BaseQueueElement] Queue element PullQEl_hw_read1palm_detection_lite/conv24 has 0 frames in his Queue on destruction
[2024-11-13 10:07:04.717] [190217] [HailoRT] [info] [queue_elements.cpp:54] [operator()] Thread in element UserBuffQEl1palm_detection_lite/conv24 is not running anymore, exiting..
[2024-11-13 10:07:04.717] [159140] [HailoRT] [info] [queue_elements.cpp:43] [~BaseQueueElement] Queue element UserBuffQEl1palm_detection_lite/conv24 has 0 frames in his Queue on destruction
[2024-11-13 10:07:04.717] [190219] [HailoRT] [info] [queue_elements.cpp:811] [run_in_thread] Shutdown event was signaled in dequeue of UserBuffQEl3palm_detection_lite/conv25!
[2024-11-13 10:07:04.717] [190218] [HailoRT] [info] [queue_elements.cpp:690] [run_in_thread] Shutdown event was signaled in run_pull of queue element PullQEl_hw_read3palm_detection_lite/conv25!
[2024-11-13 10:07:04.717] [190218] [HailoRT] [info] [queue_elements.cpp:54] [operator()] Thread in element PullQEl_hw_read3palm_detection_lite/conv25 is not running anymore, exiting..
[2024-11-13 10:07:04.717] [159140] [HailoRT] [info] [queue_elements.cpp:43] [~BaseQueueElement] Queue element PullQEl_hw_read3palm_detection_lite/conv25 has 0 frames in his Queue on destruction
[2024-11-13 10:07:04.717] [190219] [HailoRT] [info] [queue_elements.cpp:54] [operator()] Thread in element UserBuffQEl3palm_detection_lite/conv25 is not running anymore, exiting..
[2024-11-13 10:07:04.717] [159140] [HailoRT] [info] [queue_elements.cpp:43] [~BaseQueueElement] Queue element UserBuffQEl3palm_detection_lite/conv25 has 0 frames in his Queue on destruction
[2024-11-13 10:07:04.717] [190220] [HailoRT] [info] [queue_elements.cpp:690] [run_in_thread] Shutdown event was signaled in run_pull of queue element PullQEl_hw_read2palm_detection_lite/conv29!
[2024-11-13 10:07:04.717] [190221] [HailoRT] [info] [queue_elements.cpp:811] [run_in_thread] Shutdown event was signaled in dequeue of UserBuffQEl2palm_detection_lite/conv29!
[2024-11-13 10:07:04.717] [190220] [HailoRT] [info] [queue_elements.cpp:54] [operator()] Thread in element PullQEl_hw_read2palm_detection_lite/conv29 is not running anymore, exiting..
[2024-11-13 10:07:04.717] [159140] [HailoRT] [info] [queue_elements.cpp:43] [~BaseQueueElement] Queue element PullQEl_hw_read2palm_detection_lite/conv29 has 0 frames in his Queue on destruction
[2024-11-13 10:07:04.717] [190221] [HailoRT] [info] [queue_elements.cpp:54] [operator()] Thread in element UserBuffQEl2palm_detection_lite/conv29 is not running anymore, exiting..
[2024-11-13 10:07:04.717] [159140] [HailoRT] [info] [queue_elements.cpp:43] [~BaseQueueElement] Queue element UserBuffQEl2palm_detection_lite/conv29 has 0 frames in his Queue on destruction
[2024-11-13 10:07:04.717] [190222] [HailoRT] [info] [queue_elements.cpp:690] [run_in_thread] Shutdown event was signaled in run_pull of queue element PullQEl_hw_read0palm_detection_lite/conv30!
[2024-11-13 10:07:04.717] [190223] [HailoRT] [info] [queue_elements.cpp:811] [run_in_thread] Shutdown event was signaled in dequeue of UserBuffQEl0palm_detection_lite/conv30!
[2024-11-13 10:07:04.717] [190222] [HailoRT] [info] [queue_elements.cpp:54] [operator()] Thread in element PullQEl_hw_read0palm_detection_lite/conv30 is not running anymore, exiting..
[2024-11-13 10:07:04.717] [159140] [HailoRT] [info] [queue_elements.cpp:43] [~BaseQueueElement] Queue element PullQEl_hw_read0palm_detection_lite/conv30 has 0 frames in his Queue on destruction
[2024-11-13 10:07:04.717] [190223] [HailoRT] [info] [queue_elements.cpp:54] [operator()] Thread in element UserBuffQEl0palm_detection_lite/conv30 is not running anymore, exiting..
[2024-11-13 10:07:04.717] [159140] [HailoRT] [info] [queue_elements.cpp:43] [~BaseQueueElement] Queue element UserBuffQEl0palm_detection_lite/conv30 has 0 frames in his Queue on destruction
[2024-11-13 10:07:04.737] [159140] [HailoRT] [info] [edge_elements.cpp:52] [create] Created (HwWriteEl2palm_detection_lite/input_layer1 | hw_frame_size: 110592)
[2024-11-13 10:07:04.738] [159140] [HailoRT] [info] [vstream.cpp:754] [InputVStreamImpl] Creating palm_detection_lite/input_layer1...
[2024-11-13 10:07:04.738] [159140] [HailoRT] [info] [vstream_builder.cpp:102] [create_inputs] Input pipeline 'palm_detection_lite/input_layer1': (HwWriteEl2palm_detection_lite/input_layer1 | hw_frame_size: 110592) >> HW
[2024-11-13 10:07:04.738] [159140] [HailoRT] [info] [edge_elements.cpp:287] [create] Created (HwReadEl1palm_detection_lite/conv24 | hw_frame_size: 1152)
[2024-11-13 10:07:04.738] [159140] [HailoRT] [info] [queue_elements.cpp:613] [create] Created (PullQEl_hw_read1palm_detection_lite/conv24)
[2024-11-13 10:07:04.738] [159140] [HailoRT] [info] [filter_elements.cpp:360] [create] Created (PostInferEl1palm_detection_lite/conv24 | Quantization - src_type: UINT8, dst_type FLOAT32, limvals_min: -25.5854, limvals_max: 4.76007 | Reorder - src_order: FCR, src_shape: (12, 12, 8), dst_order: FCR, dst_shape: (12, 12, 6))
[2024-11-13 10:07:04.738] [159140] [HailoRT] [info] [queue_elements.cpp:756] [create] Created (UserBuffQEl1palm_detection_lite/conv24 | timeout: 10s)
[2024-11-13 10:07:04.738] [159140] [HailoRT] [info] [vstream.cpp:1107] [OutputVStreamImpl] Creating palm_detection_lite/conv24...
[2024-11-13 10:07:04.738] [159140] [HailoRT] [info] [vstream_builder.cpp:225] [create_outputs] Output pipeline 'palm_detection_lite/conv24': HW >> (HwReadEl1palm_detection_lite/conv24 | hw_frame_size: 1152) >> (PullQEl_hw_read1palm_detection_lite/conv24) >> (PostInferEl1palm_detection_lite/conv24 | Quantization - src_type: UINT8, dst_type FLOAT32, limvals_min: -25.5854, limvals_max: 4.76007 | Reorder - src_order: FCR, src_shape: (12, 12, 8), dst_order: FCR, dst_shape: (12, 12, 6)) >> (UserBuffQEl1palm_detection_lite/conv24 | timeout: 10s)
[2024-11-13 10:07:04.738] [159140] [HailoRT] [info] [edge_elements.cpp:287] [create] Created (HwReadEl3palm_detection_lite/conv25 | hw_frame_size: 16128)
[2024-11-13 10:07:04.738] [159140] [HailoRT] [info] [queue_elements.cpp:613] [create] Created (PullQEl_hw_read3palm_detection_lite/conv25)
[2024-11-13 10:07:04.738] [159140] [HailoRT] [info] [filter_elements.cpp:360] [create] Created (PostInferEl3palm_detection_lite/conv25 | Quantization - src_type: UINT8, dst_type FLOAT32, limvals_min: -75.2335, limvals_max: 140.323 | Reorder - src_order: FCR, src_shape: (12, 12, 112), dst_order: FCR, dst_shape: (12, 12, 108))
[2024-11-13 10:07:04.738] [159140] [HailoRT] [info] [queue_elements.cpp:756] [create] Created (UserBuffQEl3palm_detection_lite/conv25 | timeout: 10s)
[2024-11-13 10:07:04.738] [159140] [HailoRT] [info] [vstream.cpp:1107] [OutputVStreamImpl] Creating palm_detection_lite/conv25...
[2024-11-13 10:07:04.738] [159140] [HailoRT] [info] [vstream_builder.cpp:225] [create_outputs] Output pipeline 'palm_detection_lite/conv25': HW >> (HwReadEl3palm_detection_lite/conv25 | hw_frame_size: 16128) >> (PullQEl_hw_read3palm_detection_lite/conv25) >> (PostInferEl3palm_detection_lite/conv25 | Quantization - src_type: UINT8, dst_type FLOAT32, limvals_min: -75.2335, limvals_max: 140.323 | Reorder - src_order: FCR, src_shape: (12, 12, 112), dst_order: FCR, dst_shape: (12, 12, 108)) >> (UserBuffQEl3palm_detection_lite/conv25 | timeout: 10s)
[2024-11-13 10:07:04.738] [159140] [HailoRT] [info] [edge_elements.cpp:287] [create] Created (HwReadEl2palm_detection_lite/conv29 | hw_frame_size: 1152)
[2024-11-13 10:07:04.738] [159140] [HailoRT] [info] [queue_elements.cpp:613] [create] Created (PullQEl_hw_read2palm_detection_lite/conv29)
[2024-11-13 10:07:04.738] [159140] [HailoRT] [info] [filter_elements.cpp:360] [create] Created (PostInferEl2palm_detection_lite/conv29 | Quantization - src_type: UINT8, dst_type FLOAT32, limvals_min: -21.9402, limvals_max: 3.03637)
[2024-11-13 10:07:04.738] [159140] [HailoRT] [info] [queue_elements.cpp:756] [create] Created (UserBuffQEl2palm_detection_lite/conv29 | timeout: 10s)
[2024-11-13 10:07:04.738] [159140] [HailoRT] [info] [vstream.cpp:1107] [OutputVStreamImpl] Creating palm_detection_lite/conv29...
[2024-11-13 10:07:04.738] [159140] [HailoRT] [info] [vstream_builder.cpp:225] [create_outputs] Output pipeline 'palm_detection_lite/conv29': HW >> (HwReadEl2palm_detection_lite/conv29 | hw_frame_size: 1152) >> (PullQEl_hw_read2palm_detection_lite/conv29) >> (PostInferEl2palm_detection_lite/conv29 | Quantization - src_type: UINT8, dst_type FLOAT32, limvals_min: -21.9402, limvals_max: 3.03637) >> (UserBuffQEl2palm_detection_lite/conv29 | timeout: 10s)
[2024-11-13 10:07:04.738] [159140] [HailoRT] [info] [edge_elements.cpp:287] [create] Created (HwReadEl0palm_detection_lite/conv30 | hw_frame_size: 23040)
[2024-11-13 10:07:04.738] [159140] [HailoRT] [info] [queue_elements.cpp:613] [create] Created (PullQEl_hw_read0palm_detection_lite/conv30)
[2024-11-13 10:07:04.739] [159140] [HailoRT] [info] [filter_elements.cpp:360] [create] Created (PostInferEl0palm_detection_lite/conv30 | Quantization - src_type: UINT8, dst_type FLOAT32, limvals_min: -36.3947, limvals_max: 52.8423 | Reorder - src_order: FCR, src_shape: (24, 24, 40), dst_order: FCR, dst_shape: (24, 24, 36))
[2024-11-13 10:07:04.739] [159140] [HailoRT] [info] [queue_elements.cpp:756] [create] Created (UserBuffQEl0palm_detection_lite/conv30 | timeout: 10s)
[2024-11-13 10:07:04.739] [159140] [HailoRT] [info] [vstream.cpp:1107] [OutputVStreamImpl] Creating palm_detection_lite/conv30...
[2024-11-13 10:07:04.739] [159140] [HailoRT] [info] [vstream_builder.cpp:225] [create_outputs] Output pipeline 'palm_detection_lite/conv30': HW >> (HwReadEl0palm_detection_lite/conv30 | hw_frame_size: 23040) >> (PullQEl_hw_read0palm_detection_lite/conv30) >> (PostInferEl0palm_detection_lite/conv30 | Quantization - src_type: UINT8, dst_type FLOAT32, limvals_min: -36.3947, limvals_max: 52.8423 | Reorder - src_order: FCR, src_shape: (24, 24, 40), dst_order: FCR, dst_shape: (24, 24, 36)) >> (UserBuffQEl0palm_detection_lite/conv30 | timeout: 10s)
[2024-11-13 10:07:04.739] [159140] [HailoRT] [info] [core_op.cpp:156] [activate] Activating palm_detection_lite took 0.417054 milliseconds. Note that the function is asynchronous and thus the network is not fully activated yet.
[2024-11-13 10:07:04.739] [159140] [HailoRT] [info] [core_op.cpp:156] [activate] Activating palm_detection_lite took 0.435239 milliseconds. Note that the function is asynchronous and thus the network is not fully activated yet.
[2024-11-13 10:07:04.748] [190233] [HailoRT] [info] [vdevice_native_stream.cpp:331] [read_impl] Failed read from stream HAILO_STREAM_NOT_ACTIVATED(72) (device: 0000:01:00.0)
[2024-11-13 10:07:04.748] [190229] [HailoRT] [info] [vdevice_native_stream.cpp:331] [read_impl] Failed read from stream HAILO_STREAM_NOT_ACTIVATED(72) (device: 0000:01:00.0)
[2024-11-13 10:07:04.748] [190231] [HailoRT] [info] [vdevice_native_stream.cpp:331] [read_impl] Failed read from stream HAILO_STREAM_NOT_ACTIVATED(72) (device: 0000:01:00.0)
[2024-11-13 10:07:04.748] [190235] [HailoRT] [info] [vdevice_native_stream.cpp:331] [read_impl] Failed read from stream HAILO_STREAM_NOT_ACTIVATED(72) (device: 0000:01:00.0)
[2024-11-13 10:07:04.749] [159140] [HailoRT] [info] [core_op.cpp:186] [deactivate] Deactivating took 0.47222 ms
[2024-11-13 10:07:04.749] [159140] [HailoRT] [info] [core_op.cpp:186] [deactivate] Deactivating took 0.484942 ms
[2024-11-13 10:07:04.749] [190229] [HailoRT] [info] [queue_elements.cpp:690] [run_in_thread] Shutdown event was signaled in run_pull of queue element PullQEl_hw_read1palm_detection_lite/conv24!
[2024-11-13 10:07:04.749] [190230] [HailoRT] [info] [queue_elements.cpp:811] [run_in_thread] Shutdown event was signaled in dequeue of UserBuffQEl1palm_detection_lite/conv24!
[2024-11-13 10:07:04.749] [190229] [HailoRT] [info] [queue_elements.cpp:54] [operator()] Thread in element PullQEl_hw_read1palm_detection_lite/conv24 is not running anymore, exiting..
[2024-11-13 10:07:04.749] [159140] [HailoRT] [info] [queue_elements.cpp:43] [~BaseQueueElement] Queue element PullQEl_hw_read1palm_detection_lite/conv24 has 0 frames in his Queue on destruction
[2024-11-13 10:07:04.749] [190230] [HailoRT] [info] [queue_elements.cpp:54] [operator()] Thread in element UserBuffQEl1palm_detection_lite/conv24 is not running anymore, exiting..
[2024-11-13 10:07:04.749] [159140] [HailoRT] [info] [queue_elements.cpp:43] [~BaseQueueElement] Queue element UserBuffQEl1palm_detection_lite/conv24 has 0 frames in his Queue on destruction
[2024-11-13 10:07:04.749] [190231] [HailoRT] [info] [queue_elements.cpp:690] [run_in_thread] Shutdown event was signaled in run_pull of queue element PullQEl_hw_read3palm_detection_lite/conv25!
[2024-11-13 10:07:04.749] [190232] [HailoRT] [info] [queue_elements.cpp:811] [run_in_thread] Shutdown event was signaled in dequeue of UserBuffQEl3palm_detection_lite/conv25!
[2024-11-13 10:07:04.749] [190231] [HailoRT] [info] [queue_elements.cpp:54] [operator()] Thread in element PullQEl_hw_read3palm_detection_lite/conv25 is not running anymore, exiting..
[2024-11-13 10:07:04.749] [159140] [HailoRT] [info] [queue_elements.cpp:43] [~BaseQueueElement] Queue element PullQEl_hw_read3palm_detection_lite/conv25 has 0 frames in his Queue on destruction
[2024-11-13 10:07:04.749] [190232] [HailoRT] [info] [queue_elements.cpp:54] [operator()] Thread in element UserBuffQEl3palm_detection_lite/conv25 is not running anymore, exiting..
[2024-11-13 10:07:04.749] [159140] [HailoRT] [info] [queue_elements.cpp:43] [~BaseQueueElement] Queue element UserBuffQEl3palm_detection_lite/conv25 has 0 frames in his Queue on destruction
[2024-11-13 10:07:04.749] [190233] [HailoRT] [info] [queue_elements.cpp:690] [run_in_thread] Shutdown event was signaled in run_pull of queue element PullQEl_hw_read2palm_detection_lite/conv29!
[2024-11-13 10:07:04.749] [190234] [HailoRT] [info] [queue_elements.cpp:811] [run_in_thread] Shutdown event was signaled in dequeue of UserBuffQEl2palm_detection_lite/conv29!
[2024-11-13 10:07:04.749] [190233] [HailoRT] [info] [queue_elements.cpp:54] [operator()] Thread in element PullQEl_hw_read2palm_detection_lite/conv29 is not running anymore, exiting..
[2024-11-13 10:07:04.749] [159140] [HailoRT] [info] [queue_elements.cpp:43] [~BaseQueueElement] Queue element PullQEl_hw_read2palm_detection_lite/conv29 has 0 frames in his Queue on destruction
[2024-11-13 10:07:04.749] [190234] [HailoRT] [info] [queue_elements.cpp:54] [operator()] Thread in element UserBuffQEl2palm_detection_lite/conv29 is not running anymore, exiting..
[2024-11-13 10:07:04.749] [159140] [HailoRT] [info] [queue_elements.cpp:43] [~BaseQueueElement] Queue element UserBuffQEl2palm_detection_lite/conv29 has 0 frames in his Queue on destruction
[2024-11-13 10:07:04.749] [190236] [HailoRT] [info] [queue_elements.cpp:811] [run_in_thread] Shutdown event was signaled in dequeue of UserBuffQEl0palm_detection_lite/conv30!
[2024-11-13 10:07:04.749] [190235] [HailoRT] [info] [queue_elements.cpp:690] [run_in_thread] Shutdown event was signaled in run_pull of queue element PullQEl_hw_read0palm_detection_lite/conv30!
[2024-11-13 10:07:04.749] [190235] [HailoRT] [info] [queue_elements.cpp:54] [operator()] Thread in element PullQEl_hw_read0palm_detection_lite/conv30 is not running anymore, exiting..
[2024-11-13 10:07:04.749] [159140] [HailoRT] [info] [queue_elements.cpp:43] [~BaseQueueElement] Queue element PullQEl_hw_read0palm_detection_lite/conv30 has 0 frames in his Queue on destruction
[2024-11-13 10:07:04.749] [190236] [HailoRT] [info] [queue_elements.cpp:54] [operator()] Thread in element UserBuffQEl0palm_detection_lite/conv30 is not running anymore, exiting..
[2024-11-13 10:07:04.749] [159140] [HailoRT] [info] [queue_elements.cpp:43] [~BaseQueueElement] Queue element UserBuffQEl0palm_detection_lite/conv30 has 0 frames in his Queue on destruction
[2024-11-13 10:07:04.769] [159140] [HailoRT] [info] [edge_elements.cpp:52] [create] Created (HwWriteEl2palm_detection_lite/input_layer1 | hw_frame_size: 110592)
[2024-11-13 10:07:04.769] [159140] [HailoRT] [info] [vstream.cpp:754] [InputVStreamImpl] Creating palm_detection_lite/input_layer1...
[2024-11-13 10:07:04.769] [159140] [HailoRT] [info] [vstream_builder.cpp:102] [create_inputs] Input pipeline 'palm_detection_lite/input_layer1': (HwWriteEl2palm_detection_lite/input_layer1 | hw_frame_size: 110592) >> HW
[2024-11-13 10:07:04.769] [159140] [HailoRT] [info] [edge_elements.cpp:287] [create] Created (HwReadEl1palm_detection_lite/conv24 | hw_frame_size: 1152)
[2024-11-13 10:07:04.769] [159140] [HailoRT] [info] [queue_elements.cpp:613] [create] Created (PullQEl_hw_read1palm_detection_lite/conv24)
[2024-11-13 10:07:04.769] [159140] [HailoRT] [info] [filter_elements.cpp:360] [create] Created (PostInferEl1palm_detection_lite/conv24 | Quantization - src_type: UINT8, dst_type FLOAT32, limvals_min: -25.5854, limvals_max: 4.76007 | Reorder - src_order: FCR, src_shape: (12, 12, 8), dst_order: FCR, dst_shape: (12, 12, 6))
[2024-11-13 10:07:04.769] [159140] [HailoRT] [info] [queue_elements.cpp:756] [create] Created (UserBuffQEl1palm_detection_lite/conv24 | timeout: 10s)
[2024-11-13 10:07:04.769] [159140] [HailoRT] [info] [vstream.cpp:1107] [OutputVStreamImpl] Creating palm_detection_lite/conv24...
[2024-11-13 10:07:04.769] [159140] [HailoRT] [info] [vstream_builder.cpp:225] [create_outputs] Output pipeline 'palm_detection_lite/conv24': HW >> (HwReadEl1palm_detection_lite/conv24 | hw_frame_size: 1152) >> (PullQEl_hw_read1palm_detection_lite/conv24) >> (PostInferEl1palm_detection_lite/conv24 | Quantization - src_type: UINT8, dst_type FLOAT32, limvals_min: -25.5854, limvals_max: 4.76007 | Reorder - src_order: FCR, src_shape: (12, 12, 8), dst_order: FCR, dst_shape: (12, 12, 6)) >> (UserBuffQEl1palm_detection_lite/conv24 | timeout: 10s)
[2024-11-13 10:07:04.769] [159140] [HailoRT] [info] [edge_elements.cpp:287] [create] Created (HwReadEl3palm_detection_lite/conv25 | hw_frame_size: 16128)
[2024-11-13 10:07:04.769] [159140] [HailoRT] [info] [queue_elements.cpp:613] [create] Created (PullQEl_hw_read3palm_detection_lite/conv25)
[2024-11-13 10:07:04.769] [159140] [HailoRT] [info] [filter_elements.cpp:360] [create] Created (PostInferEl3palm_detection_lite/conv25 | Quantization - src_type: UINT8, dst_type FLOAT32, limvals_min: -75.2335, limvals_max: 140.323 | Reorder - src_order: FCR, src_shape: (12, 12, 112), dst_order: FCR, dst_shape: (12, 12, 108))
[2024-11-13 10:07:04.769] [159140] [HailoRT] [info] [queue_elements.cpp:756] [create] Created (UserBuffQEl3palm_detection_lite/conv25 | timeout: 10s)
[2024-11-13 10:07:04.769] [159140] [HailoRT] [info] [vstream.cpp:1107] [OutputVStreamImpl] Creating palm_detection_lite/conv25...
[2024-11-13 10:07:04.769] [159140] [HailoRT] [info] [vstream_builder.cpp:225] [create_outputs] Output pipeline 'palm_detection_lite/conv25': HW >> (HwReadEl3palm_detection_lite/conv25 | hw_frame_size: 16128) >> (PullQEl_hw_read3palm_detection_lite/conv25) >> (PostInferEl3palm_detection_lite/conv25 | Quantization - src_type: UINT8, dst_type FLOAT32, limvals_min: -75.2335, limvals_max: 140.323 | Reorder - src_order: FCR, src_shape: (12, 12, 112), dst_order: FCR, dst_shape: (12, 12, 108)) >> (UserBuffQEl3palm_detection_lite/conv25 | timeout: 10s)
[2024-11-13 10:07:04.769] [159140] [HailoRT] [info] [edge_elements.cpp:287] [create] Created (HwReadEl2palm_detection_lite/conv29 | hw_frame_size: 1152)
[2024-11-13 10:07:04.770] [159140] [HailoRT] [info] [queue_elements.cpp:613] [create] Created (PullQEl_hw_read2palm_detection_lite/conv29)
[2024-11-13 10:07:04.770] [159140] [HailoRT] [info] [filter_elements.cpp:360] [create] Created (PostInferEl2palm_detection_lite/conv29 | Quantization - src_type: UINT8, dst_type FLOAT32, limvals_min: -21.9402, limvals_max: 3.03637)
[2024-11-13 10:07:04.770] [159140] [HailoRT] [info] [queue_elements.cpp:756] [create] Created (UserBuffQEl2palm_detection_lite/conv29 | timeout: 10s)
[2024-11-13 10:07:04.770] [159140] [HailoRT] [info] [vstream.cpp:1107] [OutputVStreamImpl] Creating palm_detection_lite/conv29...
[2024-11-13 10:07:04.770] [159140] [HailoRT] [info] [vstream_builder.cpp:225] [create_outputs] Output pipeline 'palm_detection_lite/conv29': HW >> (HwReadEl2palm_detection_lite/conv29 | hw_frame_size: 1152) >> (PullQEl_hw_read2palm_detection_lite/conv29) >> (PostInferEl2palm_detection_lite/conv29 | Quantization - src_type: UINT8, dst_type FLOAT32, limvals_min: -21.9402, limvals_max: 3.03637) >> (UserBuffQEl2palm_detection_lite/conv29 | timeout: 10s)
[2024-11-13 10:07:04.770] [159140] [HailoRT] [info] [edge_elements.cpp:287] [create] Created (HwReadEl0palm_detection_lite/conv30 | hw_frame_size: 23040)
[2024-11-13 10:07:04.770] [159140] [HailoRT] [info] [queue_elements.cpp:613] [create] Created (PullQEl_hw_read0palm_detection_lite/conv30)
[2024-11-13 10:07:04.770] [159140] [HailoRT] [info] [filter_elements.cpp:360] [create] Created (PostInferEl0palm_detection_lite/conv30 | Quantization - src_type: UINT8, dst_type FLOAT32, limvals_min: -36.3947, limvals_max: 52.8423 | Reorder - src_order: FCR, src_shape: (24, 24, 40), dst_order: FCR, dst_shape: (24, 24, 36))
[2024-11-13 10:07:04.770] [159140] [HailoRT] [info] [queue_elements.cpp:756] [create] Created (UserBuffQEl0palm_detection_lite/conv30 | timeout: 10s)
[2024-11-13 10:07:04.770] [159140] [HailoRT] [info] [vstream.cpp:1107] [OutputVStreamImpl] Creating palm_detection_lite/conv30...
[2024-11-13 10:07:04.770] [159140] [HailoRT] [info] [vstream_builder.cpp:225] [create_outputs] Output pipeline 'palm_detection_lite/conv30': HW >> (HwReadEl0palm_detection_lite/conv30 | hw_frame_size: 23040) >> (PullQEl_hw_read0palm_detection_lite/conv30) >> (PostInferEl0palm_detection_lite/conv30 | Quantization - src_type: UINT8, dst_type FLOAT32, limvals_min: -36.3947, limvals_max: 52.8423 | Reorder - src_order: FCR, src_shape: (24, 24, 40), dst_order: FCR, dst_shape: (24, 24, 36)) >> (UserBuffQEl0palm_detection_lite/conv30 | timeout: 10s)
[2024-11-13 10:07:04.770] [159140] [HailoRT] [info] [core_op.cpp:156] [activate] Activating palm_detection_lite took 0.43972 milliseconds. Note that the function is asynchronous and thus the network is not fully activated yet.
[2024-11-13 10:07:04.770] [159140] [HailoRT] [info] [core_op.cpp:156] [activate] Activating palm_detection_lite took 0.455628 milliseconds. Note that the function is asynchronous and thus the network is not fully activated yet.
[2024-11-13 10:07:04.780] [190246] [HailoRT] [info] [vdevice_native_stream.cpp:331] [read_impl] Failed read from stream HAILO_STREAM_NOT_ACTIVATED(72) (device: 0000:01:00.0)
[2024-11-13 10:07:04.780] [190242] [HailoRT] [info] [vdevice_native_stream.cpp:331] [read_impl] Failed read from stream HAILO_STREAM_NOT_ACTIVATED(72) (device: 0000:01:00.0)
[2024-11-13 10:07:04.780] [190244] [HailoRT] [info] [vdevice_native_stream.cpp:331] [read_impl] Failed read from stream HAILO_STREAM_NOT_ACTIVATED(72) (device: 0000:01:00.0)
[2024-11-13 10:07:04.780] [190248] [HailoRT] [info] [vdevice_native_stream.cpp:331] [read_impl] Failed read from stream HAILO_STREAM_NOT_ACTIVATED(72) (device: 0000:01:00.0)
[2024-11-13 10:07:04.780] [159140] [HailoRT] [info] [core_op.cpp:186] [deactivate] Deactivating took 0.47735 ms
[2024-11-13 10:07:04.780] [159140] [HailoRT] [info] [core_op.cpp:186] [deactivate] Deactivating took 0.490924 ms
[2024-11-13 10:07:04.780] [190242] [HailoRT] [info] [queue_elements.cpp:690] [run_in_thread] Shutdown event was signaled in run_pull of queue element PullQEl_hw_read1palm_detection_lite/conv24!
[2024-11-13 10:07:04.780] [190243] [HailoRT] [info] [queue_elements.cpp:811] [run_in_thread] Shutdown event was signaled in dequeue of UserBuffQEl1palm_detection_lite/conv24!
[2024-11-13 10:07:04.780] [190242] [HailoRT] [info] [queue_elements.cpp:54] [operator()] Thread in element PullQEl_hw_read1palm_detection_lite/conv24 is not running anymore, exiting..
[2024-11-13 10:07:04.780] [159140] [HailoRT] [info] [queue_elements.cpp:43] [~BaseQueueElement] Queue element PullQEl_hw_read1palm_detection_lite/conv24 has 0 frames in his Queue on destruction
[2024-11-13 10:07:04.780] [190243] [HailoRT] [info] [queue_elements.cpp:54] [operator()] Thread in element UserBuffQEl1palm_detection_lite/conv24 is not running anymore, exiting..
[2024-11-13 10:07:04.780] [159140] [HailoRT] [info] [queue_elements.cpp:43] [~BaseQueueElement] Queue element UserBuffQEl1palm_detection_lite/conv24 has 0 frames in his Queue on destruction
[2024-11-13 10:07:04.780] [190244] [HailoRT] [info] [queue_elements.cpp:690] [run_in_thread] Shutdown event was signaled in run_pull of queue element PullQEl_hw_read3palm_detection_lite/conv25!
[2024-11-13 10:07:04.780] [190245] [HailoRT] [info] [queue_elements.cpp:811] [run_in_thread] Shutdown event was signaled in dequeue of UserBuffQEl3palm_detection_lite/conv25!
[2024-11-13 10:07:04.780] [190244] [HailoRT] [info] [queue_elements.cpp:54] [operator()] Thread in element PullQEl_hw_read3palm_detection_lite/conv25 is not running anymore, exiting..
[2024-11-13 10:07:04.780] [159140] [HailoRT] [info] [queue_elements.cpp:43] [~BaseQueueElement] Queue element PullQEl_hw_read3palm_detection_lite/conv25 has 0 frames in his Queue on destruction
[2024-11-13 10:07:04.780] [190245] [HailoRT] [info] [queue_elements.cpp:54] [operator()] Thread in element UserBuffQEl3palm_detection_lite/conv25 is not running anymore, exiting..
[2024-11-13 10:07:04.780] [159140] [HailoRT] [info] [queue_elements.cpp:43] [~BaseQueueElement] Queue element UserBuffQEl3palm_detection_lite/conv25 has 0 frames in his Queue on destruction
[2024-11-13 10:07:04.780] [190246] [HailoRT] [info] [queue_elements.cpp:690] [run_in_thread] Shutdown event was signaled in run_pull of queue element PullQEl_hw_read2palm_detection_lite/conv29!
[2024-11-13 10:07:04.780] [190247] [HailoRT] [info] [queue_elements.cpp:811] [run_in_thread] Shutdown event was signaled in dequeue of UserBuffQEl2palm_detection_lite/conv29!
[2024-11-13 10:07:04.780] [190246] [HailoRT] [info] [queue_elements.cpp:54] [operator()] Thread in element PullQEl_hw_read2palm_detection_lite/conv29 is not running anymore, exiting..
[2024-11-13 10:07:04.780] [159140] [HailoRT] [info] [queue_elements.cpp:43] [~BaseQueueElement] Queue element PullQEl_hw_read2palm_detection_lite/conv29 has 0 frames in his Queue on destruction
[2024-11-13 10:07:04.780] [190247] [HailoRT] [info] [queue_elements.cpp:54] [operator()] Thread in element UserBuffQEl2palm_detection_lite/conv29 is not running anymore, exiting..
[2024-11-13 10:07:04.781] [159140] [HailoRT] [info] [queue_elements.cpp:43] [~BaseQueueElement] Queue element UserBuffQEl2palm_detection_lite/conv29 has 0 frames in his Queue on destruction
[2024-11-13 10:07:04.781] [190248] [HailoRT] [info] [queue_elements.cpp:690] [run_in_thread] Shutdown event was signaled in run_pull of queue element PullQEl_hw_read0palm_detection_lite/conv30!
[2024-11-13 10:07:04.781] [190249] [HailoRT] [info] [queue_elements.cpp:811] [run_in_thread] Shutdown event was signaled in dequeue of UserBuffQEl0palm_detection_lite/conv30!
[2024-11-13 10:07:04.781] [190248] [HailoRT] [info] [queue_elements.cpp:54] [operator()] Thread in element PullQEl_hw_read0palm_detection_lite/conv30 is not running anymore, exiting..
[2024-11-13 10:07:04.781] [159140] [HailoRT] [info] [queue_elements.cpp:43] [~BaseQueueElement] Queue element PullQEl_hw_read0palm_detection_lite/conv30 has 0 frames in his Queue on destruction
[2024-11-13 10:07:04.781] [190249] [HailoRT] [info] [queue_elements.cpp:54] [operator()] Thread in element UserBuffQEl0palm_detection_lite/conv30 is not running anymore, exiting..
[2024-11-13 10:07:04.781] [159140] [HailoRT] [info] [queue_elements.cpp:43] [~BaseQueueElement] Queue element UserBuffQEl0palm_detection_lite/conv30 has 0 frames in his Queue on destruction
[2024-11-13 10:07:04.806] [159140] [HailoRT] [info] [edge_elements.cpp:52] [create] Created (HwWriteEl2palm_detection_lite/input_layer1 | hw_frame_size: 110592)
[2024-11-13 10:07:04.806] [159140] [HailoRT] [info] [vstream.cpp:754] [InputVStreamImpl] Creating palm_detection_lite/input_layer1...
[2024-11-13 10:07:04.806] [159140] [HailoRT] [info] [vstream_builder.cpp:102] [create_inputs] Input pipeline 'palm_detection_lite/input_layer1': (HwWriteEl2palm_detection_lite/input_layer1 | hw_frame_size: 110592) >> HW
[2024-11-13 10:07:04.806] [159140] [HailoRT] [info] [edge_elements.cpp:287] [create] Created (HwReadEl1palm_detection_lite/conv24 | hw_frame_size: 1152)
[2024-11-13 10:07:04.806] [159140] [HailoRT] [info] [queue_elements.cpp:613] [create] Created (PullQEl_hw_read1palm_detection_lite/conv24)
[2024-11-13 10:07:04.806] [159140] [HailoRT] [info] [filter_elements.cpp:360] [create] Created (PostInferEl1palm_detection_lite/conv24 | Quantization - src_type: UINT8, dst_type FLOAT32, limvals_min: -25.5854, limvals_max: 4.76007 | Reorder - src_order: FCR, src_shape: (12, 12, 8), dst_order: FCR, dst_shape: (12, 12, 6))
[2024-11-13 10:07:04.806] [159140] [HailoRT] [info] [queue_elements.cpp:756] [create] Created (UserBuffQEl1palm_detection_lite/conv24 | timeout: 10s)
[2024-11-13 10:07:04.806] [159140] [HailoRT] [info] [vstream.cpp:1107] [OutputVStreamImpl] Creating palm_detection_lite/conv24...
[2024-11-13 10:07:04.806] [159140] [HailoRT] [info] [vstream_builder.cpp:225] [create_outputs] Output pipeline 'palm_detection_lite/conv24': HW >> (HwReadEl1palm_detection_lite/conv24 | hw_frame_size: 1152) >> (PullQEl_hw_read1palm_detection_lite/conv24) >> (PostInferEl1palm_detection_lite/conv24 | Quantization - src_type: UINT8, dst_type FLOAT32, limvals_min: -25.5854, limvals_max: 4.76007 | Reorder - src_order: FCR, src_shape: (12, 12, 8), dst_order: FCR, dst_shape: (12, 12, 6)) >> (UserBuffQEl1palm_detection_lite/conv24 | timeout: 10s)
[2024-11-13 10:07:04.806] [159140] [HailoRT] [info] [edge_elements.cpp:287] [create] Created (HwReadEl3palm_detection_lite/conv25 | hw_frame_size: 16128)
[2024-11-13 10:07:04.806] [159140] [HailoRT] [info] [queue_elements.cpp:613] [create] Created (PullQEl_hw_read3palm_detection_lite/conv25)
[2024-11-13 10:07:04.806] [159140] [HailoRT] [info] [filter_elements.cpp:360] [create] Created (PostInferEl3palm_detection_lite/conv25 | Quantization - src_type: UINT8, dst_type FLOAT32, limvals_min: -75.2335, limvals_max: 140.323 | Reorder - src_order: FCR, src_shape: (12, 12, 112), dst_order: FCR, dst_shape: (12, 12, 108))
[2024-11-13 10:07:04.806] [159140] [HailoRT] [info] [queue_elements.cpp:756] [create] Created (UserBuffQEl3palm_detection_lite/conv25 | timeout: 10s)
[2024-11-13 10:07:04.806] [159140] [HailoRT] [info] [vstream.cpp:1107] [OutputVStreamImpl] Creating palm_detection_lite/conv25...
[2024-11-13 10:07:04.806] [159140] [HailoRT] [info] [vstream_builder.cpp:225] [create_outputs] Output pipeline 'palm_detection_lite/conv25': HW >> (HwReadEl3palm_detection_lite/conv25 | hw_frame_size: 16128) >> (PullQEl_hw_read3palm_detection_lite/conv25) >> (PostInferEl3palm_detection_lite/conv25 | Quantization - src_type: UINT8, dst_type FLOAT32, limvals_min: -75.2335, limvals_max: 140.323 | Reorder - src_order: FCR, src_shape: (12, 12, 112), dst_order: FCR, dst_shape: (12, 12, 108)) >> (UserBuffQEl3palm_detection_lite/conv25 | timeout: 10s)
[2024-11-13 10:07:04.806] [159140] [HailoRT] [info] [edge_elements.cpp:287] [create] Created (HwReadEl2palm_detection_lite/conv29 | hw_frame_size: 1152)
[2024-11-13 10:07:04.806] [159140] [HailoRT] [info] [queue_elements.cpp:613] [create] Created (PullQEl_hw_read2palm_detection_lite/conv29)
[2024-11-13 10:07:04.806] [159140] [HailoRT] [info] [filter_elements.cpp:360] [create] Created (PostInferEl2palm_detection_lite/conv29 | Quantization - src_type: UINT8, dst_type FLOAT32, limvals_min: -21.9402, limvals_max: 3.03637)
[2024-11-13 10:07:04.806] [159140] [HailoRT] [info] [queue_elements.cpp:756] [create] Created (UserBuffQEl2palm_detection_lite/conv29 | timeout: 10s)
[2024-11-13 10:07:04.807] [159140] [HailoRT] [info] [vstream.cpp:1107] [OutputVStreamImpl] Creating palm_detection_lite/conv29...
[2024-11-13 10:07:04.807] [159140] [HailoRT] [info] [vstream_builder.cpp:225] [create_outputs] Output pipeline 'palm_detection_lite/conv29': HW >> (HwReadEl2palm_detection_lite/conv29 | hw_frame_size: 1152) >> (PullQEl_hw_read2palm_detection_lite/conv29) >> (PostInferEl2palm_detection_lite/conv29 | Quantization - src_type: UINT8, dst_type FLOAT32, limvals_min: -21.9402, limvals_max: 3.03637) >> (UserBuffQEl2palm_detection_lite/conv29 | timeout: 10s)
[2024-11-13 10:07:04.807] [159140] [HailoRT] [info] [edge_elements.cpp:287] [create] Created (HwReadEl0palm_detection_lite/conv30 | hw_frame_size: 23040)
[2024-11-13 10:07:04.807] [159140] [HailoRT] [info] [queue_elements.cpp:613] [create] Created (PullQEl_hw_read0palm_detection_lite/conv30)
[2024-11-13 10:07:04.807] [159140] [HailoRT] [info] [filter_elements.cpp:360] [create] Created (PostInferEl0palm_detection_lite/conv30 | Quantization - src_type: UINT8, dst_type FLOAT32, limvals_min: -36.3947, limvals_max: 52.8423 | Reorder - src_order: FCR, src_shape: (24, 24, 40), dst_order: FCR, dst_shape: (24, 24, 36))
[2024-11-13 10:07:04.807] [159140] [HailoRT] [info] [queue_elements.cpp:756] [create] Created (UserBuffQEl0palm_detection_lite/conv30 | timeout: 10s)
[2024-11-13 10:07:04.807] [159140] [HailoRT] [info] [vstream.cpp:1107] [OutputVStreamImpl] Creating palm_detection_lite/conv30...
[2024-11-13 10:07:04.807] [159140] [HailoRT] [info] [vstream_builder.cpp:225] [create_outputs] Output pipeline 'palm_detection_lite/conv30': HW >> (HwReadEl0palm_detection_lite/conv30 | hw_frame_size: 23040) >> (PullQEl_hw_read0palm_detection_lite/conv30) >> (PostInferEl0palm_detection_lite/conv30 | Quantization - src_type: UINT8, dst_type FLOAT32, limvals_min: -36.3947, limvals_max: 52.8423 | Reorder - src_order: FCR, src_shape: (24, 24, 40), dst_order: FCR, dst_shape: (24, 24, 36)) >> (UserBuffQEl0palm_detection_lite/conv30 | timeout: 10s)
[2024-11-13 10:07:04.807] [159140] [HailoRT] [info] [core_op.cpp:156] [activate] Activating palm_detection_lite took 0.372239 milliseconds. Note that the function is asynchronous and thus the network is not fully activated yet.
[2024-11-13 10:07:04.807] [159140] [HailoRT] [info] [core_op.cpp:156] [activate] Activating palm_detection_lite took 0.38298 milliseconds. Note that the function is asynchronous and thus the network is not fully activated yet.
[2024-11-13 10:07:04.817] [190257] [HailoRT] [info] [vdevice_native_stream.cpp:331] [read_impl] Failed read from stream HAILO_STREAM_NOT_ACTIVATED(72) (device: 0000:01:00.0)
[2024-11-13 10:07:04.817] [190259] [HailoRT] [info] [vdevice_native_stream.cpp:331] [read_impl] Failed read from stream HAILO_STREAM_NOT_ACTIVATED(72) (device: 0000:01:00.0)
[2024-11-13 10:07:04.817] [190255] [HailoRT] [info] [vdevice_native_stream.cpp:331] [read_impl] Failed read from stream HAILO_STREAM_NOT_ACTIVATED(72) (device: 0000:01:00.0)
[2024-11-13 10:07:04.817] [190261] [HailoRT] [info] [vdevice_native_stream.cpp:331] [read_impl] Failed read from stream HAILO_STREAM_NOT_ACTIVATED(72) (device: 0000:01:00.0)
[2024-11-13 10:07:04.817] [159140] [HailoRT] [info] [core_op.cpp:186] [deactivate] Deactivating took 0.452183 ms
[2024-11-13 10:07:04.817] [159140] [HailoRT] [info] [core_op.cpp:186] [deactivate] Deactivating took 0.481276 ms
[2024-11-13 10:07:04.817] [190255] [HailoRT] [info] [queue_elements.cpp:690] [run_in_thread] Shutdown event was signaled in run_pull of queue element PullQEl_hw_read1palm_detection_lite/conv24!
[2024-11-13 10:07:04.817] [190256] [HailoRT] [info] [queue_elements.cpp:811] [run_in_thread] Shutdown event was signaled in dequeue of UserBuffQEl1palm_detection_lite/conv24!
[2024-11-13 10:07:04.817] [190255] [HailoRT] [info] [queue_elements.cpp:54] [operator()] Thread in element PullQEl_hw_read1palm_detection_lite/conv24 is not running anymore, exiting..
[2024-11-13 10:07:04.817] [159140] [HailoRT] [info] [queue_elements.cpp:43] [~BaseQueueElement] Queue element PullQEl_hw_read1palm_detection_lite/conv24 has 0 frames in his Queue on destruction
[2024-11-13 10:07:04.817] [190256] [HailoRT] [info] [queue_elements.cpp:54] [operator()] Thread in element UserBuffQEl1palm_detection_lite/conv24 is not running anymore, exiting..
[2024-11-13 10:07:04.817] [159140] [HailoRT] [info] [queue_elements.cpp:43] [~BaseQueueElement] Queue element UserBuffQEl1palm_detection_lite/conv24 has 0 frames in his Queue on destruction
[2024-11-13 10:07:04.817] [190257] [HailoRT] [info] [queue_elements.cpp:690] [run_in_thread] Shutdown event was signaled in run_pull of queue element PullQEl_hw_read3palm_detection_lite/conv25!
[2024-11-13 10:07:04.817] [190258] [HailoRT] [info] [queue_elements.cpp:811] [run_in_thread] Shutdown event was signaled in dequeue of UserBuffQEl3palm_detection_lite/conv25!
[2024-11-13 10:07:04.817] [190257] [HailoRT] [info] [queue_elements.cpp:54] [operator()] Thread in element PullQEl_hw_read3palm_detection_lite/conv25 is not running anymore, exiting..
[2024-11-13 10:07:04.817] [159140] [HailoRT] [info] [queue_elements.cpp:43] [~BaseQueueElement] Queue element PullQEl_hw_read3palm_detection_lite/conv25 has 0 frames in his Queue on destruction
[2024-11-13 10:07:04.817] [190258] [HailoRT] [info] [queue_elements.cpp:54] [operator()] Thread in element UserBuffQEl3palm_detection_lite/conv25 is not running anymore, exiting..
[2024-11-13 10:07:04.817] [159140] [HailoRT] [info] [queue_elements.cpp:43] [~BaseQueueElement] Queue element UserBuffQEl3palm_detection_lite/conv25 has 0 frames in his Queue on destruction
[2024-11-13 10:07:04.817] [190259] [HailoRT] [info] [queue_elements.cpp:690] [run_in_thread] Shutdown event was signaled in run_pull of queue element PullQEl_hw_read2palm_detection_lite/conv29!
[2024-11-13 10:07:04.817] [190260] [HailoRT] [info] [queue_elements.cpp:811] [run_in_thread] Shutdown event was signaled in dequeue of UserBuffQEl2palm_detection_lite/conv29!
[2024-11-13 10:07:04.817] [190259] [HailoRT] [info] [queue_elements.cpp:54] [operator()] Thread in element PullQEl_hw_read2palm_detection_lite/conv29 is not running anymore, exiting..
[2024-11-13 10:07:04.817] [159140] [HailoRT] [info] [queue_elements.cpp:43] [~BaseQueueElement] Queue element PullQEl_hw_read2palm_detection_lite/conv29 has 0 frames in his Queue on destruction
[2024-11-13 10:07:04.817] [190260] [HailoRT] [info] [queue_elements.cpp:54] [operator()] Thread in element UserBuffQEl2palm_detection_lite/conv29 is not running anymore, exiting..
[2024-11-13 10:07:04.817] [159140] [HailoRT] [info] [queue_elements.cpp:43] [~BaseQueueElement] Queue element UserBuffQEl2palm_detection_lite/conv29 has 0 frames in his Queue on destruction
[2024-11-13 10:07:04.817] [190261] [HailoRT] [info] [queue_elements.cpp:690] [run_in_thread] Shutdown event was signaled in run_pull of queue element PullQEl_hw_read0palm_detection_lite/conv30!
[2024-11-13 10:07:04.817] [190262] [HailoRT] [info] [queue_elements.cpp:811] [run_in_thread] Shutdown event was signaled in dequeue of UserBuffQEl0palm_detection_lite/conv30!
[2024-11-13 10:07:04.817] [190261] [HailoRT] [info] [queue_elements.cpp:54] [operator()] Thread in element PullQEl_hw_read0palm_detection_lite/conv30 is not running anymore, exiting..
[2024-11-13 10:07:04.817] [159140] [HailoRT] [info] [queue_elements.cpp:43] [~BaseQueueElement] Queue element PullQEl_hw_read0palm_detection_lite/conv30 has 0 frames in his Queue on destruction
[2024-11-13 10:07:04.817] [190262] [HailoRT] [info] [queue_elements.cpp:54] [operator()] Thread in element UserBuffQEl0palm_detection_lite/conv30 is not running anymore, exiting..
[2024-11-13 10:07:04.817] [159140] [HailoRT] [info] [queue_elements.cpp:43] [~BaseQueueElement] Queue element UserBuffQEl0palm_detection_lite/conv30 has 0 frames in his Queue on destruction
[2024-11-13 10:07:04.837] [159140] [HailoRT] [info] [edge_elements.cpp:52] [create] Created (HwWriteEl2palm_detection_lite/input_layer1 | hw_frame_size: 110592)
[2024-11-13 10:07:04.837] [159140] [HailoRT] [info] [vstream.cpp:754] [InputVStreamImpl] Creating palm_detection_lite/input_layer1...
[2024-11-13 10:07:04.838] [159140] [HailoRT] [info] [vstream_builder.cpp:102] [create_inputs] Input pipeline 'palm_detection_lite/input_layer1': (HwWriteEl2palm_detection_lite/input_layer1 | hw_frame_size: 110592) >> HW
[2024-11-13 10:07:04.838] [159140] [HailoRT] [info] [edge_elements.cpp:287] [create] Created (HwReadEl1palm_detection_lite/conv24 | hw_frame_size: 1152)
[2024-11-13 10:07:04.838] [159140] [HailoRT] [info] [queue_elements.cpp:613] [create] Created (PullQEl_hw_read1palm_detection_lite/conv24)
[2024-11-13 10:07:04.838] [159140] [HailoRT] [info] [filter_elements.cpp:360] [create] Created (PostInferEl1palm_detection_lite/conv24 | Quantization - src_type: UINT8, dst_type FLOAT32, limvals_min: -25.5854, limvals_max: 4.76007 | Reorder - src_order: FCR, src_shape: (12, 12, 8), dst_order: FCR, dst_shape: (12, 12, 6))
[2024-11-13 10:07:04.838] [159140] [HailoRT] [info] [queue_elements.cpp:756] [create] Created (UserBuffQEl1palm_detection_lite/conv24 | timeout: 10s)
[2024-11-13 10:07:04.838] [159140] [HailoRT] [info] [vstream.cpp:1107] [OutputVStreamImpl] Creating palm_detection_lite/conv24...
[2024-11-13 10:07:04.838] [159140] [HailoRT] [info] [vstream_builder.cpp:225] [create_outputs] Output pipeline 'palm_detection_lite/conv24': HW >> (HwReadEl1palm_detection_lite/conv24 | hw_frame_size: 1152) >> (PullQEl_hw_read1palm_detection_lite/conv24) >> (PostInferEl1palm_detection_lite/conv24 | Quantization - src_type: UINT8, dst_type FLOAT32, limvals_min: -25.5854, limvals_max: 4.76007 | Reorder - src_order: FCR, src_shape: (12, 12, 8), dst_order: FCR, dst_shape: (12, 12, 6)) >> (UserBuffQEl1palm_detection_lite/conv24 | timeout: 10s)
[2024-11-13 10:07:04.838] [159140] [HailoRT] [info] [edge_elements.cpp:287] [create] Created (HwReadEl3palm_detection_lite/conv25 | hw_frame_size: 16128)
[2024-11-13 10:07:04.838] [159140] [HailoRT] [info] [queue_elements.cpp:613] [create] Created (PullQEl_hw_read3palm_detection_lite/conv25)
[2024-11-13 10:07:04.838] [159140] [HailoRT] [info] [filter_elements.cpp:360] [create] Created (PostInferEl3palm_detection_lite/conv25 | Quantization - src_type: UINT8, dst_type FLOAT32, limvals_min: -75.2335, limvals_max: 140.323 | Reorder - src_order: FCR, src_shape: (12, 12, 112), dst_order: FCR, dst_shape: (12, 12, 108))
[2024-11-13 10:07:04.838] [159140] [HailoRT] [info] [queue_elements.cpp:756] [create] Created (UserBuffQEl3palm_detection_lite/conv25 | timeout: 10s)
[2024-11-13 10:07:04.838] [159140] [HailoRT] [info] [vstream.cpp:1107] [OutputVStreamImpl] Creating palm_detection_lite/conv25...
[2024-11-13 10:07:04.838] [159140] [HailoRT] [info] [vstream_builder.cpp:225] [create_outputs] Output pipeline 'palm_detection_lite/conv25': HW >> (HwReadEl3palm_detection_lite/conv25 | hw_frame_size: 16128) >> (PullQEl_hw_read3palm_detection_lite/conv25) >> (PostInferEl3palm_detection_lite/conv25 | Quantization - src_type: UINT8, dst_type FLOAT32, limvals_min: -75.2335, limvals_max: 140.323 | Reorder - src_order: FCR, src_shape: (12, 12, 112), dst_order: FCR, dst_shape: (12, 12, 108)) >> (UserBuffQEl3palm_detection_lite/conv25 | timeout: 10s)
[2024-11-13 10:07:04.838] [159140] [HailoRT] [info] [edge_elements.cpp:287] [create] Created (HwReadEl2palm_detection_lite/conv29 | hw_frame_size: 1152)
[2024-11-13 10:07:04.838] [159140] [HailoRT] [info] [queue_elements.cpp:613] [create] Created (PullQEl_hw_read2palm_detection_lite/conv29)
[2024-11-13 10:07:04.838] [159140] [HailoRT] [info] [filter_elements.cpp:360] [create] Created (PostInferEl2palm_detection_lite/conv29 | Quantization - src_type: UINT8, dst_type FLOAT32, limvals_min: -21.9402, limvals_max: 3.03637)
[2024-11-13 10:07:04.838] [159140] [HailoRT] [info] [queue_elements.cpp:756] [create] Created (UserBuffQEl2palm_detection_lite/conv29 | timeout: 10s)
[2024-11-13 10:07:04.838] [159140] [HailoRT] [info] [vstream.cpp:1107] [OutputVStreamImpl] Creating palm_detection_lite/conv29...
[2024-11-13 10:07:04.838] [159140] [HailoRT] [info] [vstream_builder.cpp:225] [create_outputs] Output pipeline 'palm_detection_lite/conv29': HW >> (HwReadEl2palm_detection_lite/conv29 | hw_frame_size: 1152) >> (PullQEl_hw_read2palm_detection_lite/conv29) >> (PostInferEl2palm_detection_lite/conv29 | Quantization - src_type: UINT8, dst_type FLOAT32, limvals_min: -21.9402, limvals_max: 3.03637) >> (UserBuffQEl2palm_detection_lite/conv29 | timeout: 10s)
[2024-11-13 10:07:04.838] [159140] [HailoRT] [info] [edge_elements.cpp:287] [create] Created (HwReadEl0palm_detection_lite/conv30 | hw_frame_size: 23040)
[2024-11-13 10:07:04.838] [159140] [HailoRT] [info] [queue_elements.cpp:613] [create] Created (PullQEl_hw_read0palm_detection_lite/conv30)
[2024-11-13 10:07:04.838] [159140] [HailoRT] [info] [filter_elements.cpp:360] [create] Created (PostInferEl0palm_detection_lite/conv30 | Quantization - src_type: UINT8, dst_type FLOAT32, limvals_min: -36.3947, limvals_max: 52.8423 | Reorder - src_order: FCR, src_shape: (24, 24, 40), dst_order: FCR, dst_shape: (24, 24, 36))
[2024-11-13 10:07:04.839] [159140] [HailoRT] [info] [queue_elements.cpp:756] [create] Created (UserBuffQEl0palm_detection_lite/conv30 | timeout: 10s)
[2024-11-13 10:07:04.839] [159140] [HailoRT] [info] [vstream.cpp:1107] [OutputVStreamImpl] Creating palm_detection_lite/conv30...
[2024-11-13 10:07:04.839] [159140] [HailoRT] [info] [vstream_builder.cpp:225] [create_outputs] Output pipeline 'palm_detection_lite/conv30': HW >> (HwReadEl0palm_detection_lite/conv30 | hw_frame_size: 23040) >> (PullQEl_hw_read0palm_detection_lite/conv30) >> (PostInferEl0palm_detection_lite/conv30 | Quantization - src_type: UINT8, dst_type FLOAT32, limvals_min: -36.3947, limvals_max: 52.8423 | Reorder - src_order: FCR, src_shape: (24, 24, 40), dst_order: FCR, dst_shape: (24, 24, 36)) >> (UserBuffQEl0palm_detection_lite/conv30 | timeout: 10s)
[2024-11-13 10:07:04.839] [159140] [HailoRT] [info] [core_op.cpp:156] [activate] Activating palm_detection_lite took 0.430073 milliseconds. Note that the function is asynchronous and thus the network is not fully activated yet.
[2024-11-13 10:07:04.839] [159140] [HailoRT] [info] [core_op.cpp:156] [activate] Activating palm_detection_lite took 0.447776 milliseconds. Note that the function is asynchronous and thus the network is not fully activated yet.
[2024-11-13 10:07:04.848] [190272] [HailoRT] [info] [vdevice_native_stream.cpp:331] [read_impl] Failed read from stream HAILO_STREAM_NOT_ACTIVATED(72) (device: 0000:01:00.0)
[2024-11-13 10:07:04.848] [190270] [HailoRT] [info] [vdevice_native_stream.cpp:331] [read_impl] Failed read from stream HAILO_STREAM_NOT_ACTIVATED(72) (device: 0000:01:00.0)
[2024-11-13 10:07:04.848] [190274] [HailoRT] [info] [vdevice_native_stream.cpp:331] [read_impl] Failed read from stream HAILO_STREAM_NOT_ACTIVATED(72) (device: 0000:01:00.0)
[2024-11-13 10:07:04.848] [190268] [HailoRT] [info] [vdevice_native_stream.cpp:331] [read_impl] Failed read from stream HAILO_STREAM_NOT_ACTIVATED(72) (device: 0000:01:00.0)
[2024-11-13 10:07:04.849] [159140] [HailoRT] [info] [core_op.cpp:186] [deactivate] Deactivating took 0.488609 ms
[2024-11-13 10:07:04.849] [159140] [HailoRT] [info] [core_op.cpp:186] [deactivate] Deactivating took 0.501573 ms
[2024-11-13 10:07:04.849] [190268] [HailoRT] [info] [queue_elements.cpp:690] [run_in_thread] Shutdown event was signaled in run_pull of queue element PullQEl_hw_read1palm_detection_lite/conv24!
[2024-11-13 10:07:04.849] [190269] [HailoRT] [info] [queue_elements.cpp:811] [run_in_thread] Shutdown event was signaled in dequeue of UserBuffQEl1palm_detection_lite/conv24!
[2024-11-13 10:07:04.849] [190268] [HailoRT] [info] [queue_elements.cpp:54] [operator()] Thread in element PullQEl_hw_read1palm_detection_lite/conv24 is not running anymore, exiting..
[2024-11-13 10:07:04.849] [159140] [HailoRT] [info] [queue_elements.cpp:43] [~BaseQueueElement] Queue element PullQEl_hw_read1palm_detection_lite/conv24 has 0 frames in his Queue on destruction
[2024-11-13 10:07:04.849] [190269] [HailoRT] [info] [queue_elements.cpp:54] [operator()] Thread in element UserBuffQEl1palm_detection_lite/conv24 is not running anymore, exiting..
[2024-11-13 10:07:04.849] [159140] [HailoRT] [info] [queue_elements.cpp:43] [~BaseQueueElement] Queue element UserBuffQEl1palm_detection_lite/conv24 has 0 frames in his Queue on destruction
[2024-11-13 10:07:04.849] [190270] [HailoRT] [info] [queue_elements.cpp:690] [run_in_thread] Shutdown event was signaled in run_pull of queue element PullQEl_hw_read3palm_detection_lite/conv25!
[2024-11-13 10:07:04.849] [190271] [HailoRT] [info] [queue_elements.cpp:811] [run_in_thread] Shutdown event was signaled in dequeue of UserBuffQEl3palm_detection_lite/conv25!
[2024-11-13 10:07:04.849] [190270] [HailoRT] [info] [queue_elements.cpp:54] [operator()] Thread in element PullQEl_hw_read3palm_detection_lite/conv25 is not running anymore, exiting..
[2024-11-13 10:07:04.849] [159140] [HailoRT] [info] [queue_elements.cpp:43] [~BaseQueueElement] Queue element PullQEl_hw_read3palm_detection_lite/conv25 has 0 frames in his Queue on destruction
[2024-11-13 10:07:04.849] [190271] [HailoRT] [info] [queue_elements.cpp:54] [operator()] Thread in element UserBuffQEl3palm_detection_lite/conv25 is not running anymore, exiting..
[2024-11-13 10:07:04.849] [159140] [HailoRT] [info] [queue_elements.cpp:43] [~BaseQueueElement] Queue element UserBuffQEl3palm_detection_lite/conv25 has 0 frames in his Queue on destruction
[2024-11-13 10:07:04.849] [190272] [HailoRT] [info] [queue_elements.cpp:690] [run_in_thread] Shutdown event was signaled in run_pull of queue element PullQEl_hw_read2palm_detection_lite/conv29!
[2024-11-13 10:07:04.849] [190273] [HailoRT] [info] [queue_elements.cpp:811] [run_in_thread] Shutdown event was signaled in dequeue of UserBuffQEl2palm_detection_lite/conv29!
[2024-11-13 10:07:04.849] [190272] [HailoRT] [info] [queue_elements.cpp:54] [operator()] Thread in element PullQEl_hw_read2palm_detection_lite/conv29 is not running anymore, exiting..
[2024-11-13 10:07:04.849] [159140] [HailoRT] [info] [queue_elements.cpp:43] [~BaseQueueElement] Queue element PullQEl_hw_read2palm_detection_lite/conv29 has 0 frames in his Queue on destruction
[2024-11-13 10:07:04.849] [190273] [HailoRT] [info] [queue_elements.cpp:54] [operator()] Thread in element UserBuffQEl2palm_detection_lite/conv29 is not running anymore, exiting..
[2024-11-13 10:07:04.849] [159140] [HailoRT] [info] [queue_elements.cpp:43] [~BaseQueueElement] Queue element UserBuffQEl2palm_detection_lite/conv29 has 0 frames in his Queue on destruction
[2024-11-13 10:07:04.849] [190274] [HailoRT] [info] [queue_elements.cpp:690] [run_in_thread] Shutdown event was signaled in run_pull of queue element PullQEl_hw_read0palm_detection_lite/conv30!
[2024-11-13 10:07:04.849] [190275] [HailoRT] [info] [queue_elements.cpp:811] [run_in_thread] Shutdown event was signaled in dequeue of UserBuffQEl0palm_detection_lite/conv30!
[2024-11-13 10:07:04.849] [190274] [HailoRT] [info] [queue_elements.cpp:54] [operator()] Thread in element PullQEl_hw_read0palm_detection_lite/conv30 is not running anymore, exiting..
[2024-11-13 10:07:04.849] [159140] [HailoRT] [info] [queue_elements.cpp:43] [~BaseQueueElement] Queue element PullQEl_hw_read0palm_detection_lite/conv30 has 0 frames in his Queue on destruction
[2024-11-13 10:07:04.849] [190275] [HailoRT] [info] [queue_elements.cpp:54] [operator()] Thread in element UserBuffQEl0palm_detection_lite/conv30 is not running anymore, exiting..
[2024-11-13 10:07:04.849] [159140] [HailoRT] [info] [queue_elements.cpp:43] [~BaseQueueElement] Queue element UserBuffQEl0palm_detection_lite/conv30 has 0 frames in his Queue on destruction
[2024-11-13 10:07:04.869] [159140] [HailoRT] [info] [edge_elements.cpp:52] [create] Created (HwWriteEl2palm_detection_lite/input_layer1 | hw_frame_size: 110592)
[2024-11-13 10:07:04.869] [159140] [HailoRT] [info] [vstream.cpp:754] [InputVStreamImpl] Creating palm_detection_lite/input_layer1...
[2024-11-13 10:07:04.869] [159140] [HailoRT] [info] [vstream_builder.cpp:102] [create_inputs] Input pipeline 'palm_detection_lite/input_layer1': (HwWriteEl2palm_detection_lite/input_layer1 | hw_frame_size: 110592) >> HW
[2024-11-13 10:07:04.869] [159140] [HailoRT] [info] [edge_elements.cpp:287] [create] Created (HwReadEl1palm_detection_lite/conv24 | hw_frame_size: 1152)
[2024-11-13 10:07:04.869] [159140] [HailoRT] [info] [queue_elements.cpp:613] [create] Created (PullQEl_hw_read1palm_detection_lite/conv24)
[2024-11-13 10:07:04.869] [159140] [HailoRT] [info] [filter_elements.cpp:360] [create] Created (PostInferEl1palm_detection_lite/conv24 | Quantization - src_type: UINT8, dst_type FLOAT32, limvals_min: -25.5854, limvals_max: 4.76007 | Reorder - src_order: FCR, src_shape: (12, 12, 8), dst_order: FCR, dst_shape: (12, 12, 6))
[2024-11-13 10:07:04.869] [159140] [HailoRT] [info] [queue_elements.cpp:756] [create] Created (UserBuffQEl1palm_detection_lite/conv24 | timeout: 10s)
[2024-11-13 10:07:04.869] [159140] [HailoRT] [info] [vstream.cpp:1107] [OutputVStreamImpl] Creating palm_detection_lite/conv24...
[2024-11-13 10:07:04.869] [159140] [HailoRT] [info] [vstream_builder.cpp:225] [create_outputs] Output pipeline 'palm_detection_lite/conv24': HW >> (HwReadEl1palm_detection_lite/conv24 | hw_frame_size: 1152) >> (PullQEl_hw_read1palm_detection_lite/conv24) >> (PostInferEl1palm_detection_lite/conv24 | Quantization - src_type: UINT8, dst_type FLOAT32, limvals_min: -25.5854, limvals_max: 4.76007 | Reorder - src_order: FCR, src_shape: (12, 12, 8), dst_order: FCR, dst_shape: (12, 12, 6)) >> (UserBuffQEl1palm_detection_lite/conv24 | timeout: 10s)
[2024-11-13 10:07:04.869] [159140] [HailoRT] [info] [edge_elements.cpp:287] [create] Created (HwReadEl3palm_detection_lite/conv25 | hw_frame_size: 16128)
[2024-11-13 10:07:04.869] [159140] [HailoRT] [info] [queue_elements.cpp:613] [create] Created (PullQEl_hw_read3palm_detection_lite/conv25)
[2024-11-13 10:07:04.869] [159140] [HailoRT] [info] [filter_elements.cpp:360] [create] Created (PostInferEl3palm_detection_lite/conv25 | Quantization - src_type: UINT8, dst_type FLOAT32, limvals_min: -75.2335, limvals_max: 140.323 | Reorder - src_order: FCR, src_shape: (12, 12, 112), dst_order: FCR, dst_shape: (12, 12, 108))
[2024-11-13 10:07:04.869] [159140] [HailoRT] [info] [queue_elements.cpp:756] [create] Created (UserBuffQEl3palm_detection_lite/conv25 | timeout: 10s)
[2024-11-13 10:07:04.869] [159140] [HailoRT] [info] [vstream.cpp:1107] [OutputVStreamImpl] Creating palm_detection_lite/conv25...
[2024-11-13 10:07:04.869] [159140] [HailoRT] [info] [vstream_builder.cpp:225] [create_outputs] Output pipeline 'palm_detection_lite/conv25': HW >> (HwReadEl3palm_detection_lite/conv25 | hw_frame_size: 16128) >> (PullQEl_hw_read3palm_detection_lite/conv25) >> (PostInferEl3palm_detection_lite/conv25 | Quantization - src_type: UINT8, dst_type FLOAT32, limvals_min: -75.2335, limvals_max: 140.323 | Reorder - src_order: FCR, src_shape: (12, 12, 112), dst_order: FCR, dst_shape: (12, 12, 108)) >> (UserBuffQEl3palm_detection_lite/conv25 | timeout: 10s)
[2024-11-13 10:07:04.869] [159140] [HailoRT] [info] [edge_elements.cpp:287] [create] Created (HwReadEl2palm_detection_lite/conv29 | hw_frame_size: 1152)
[2024-11-13 10:07:04.869] [159140] [HailoRT] [info] [queue_elements.cpp:613] [create] Created (PullQEl_hw_read2palm_detection_lite/conv29)
[2024-11-13 10:07:04.870] [159140] [HailoRT] [info] [filter_elements.cpp:360] [create] Created (PostInferEl2palm_detection_lite/conv29 | Quantization - src_type: UINT8, dst_type FLOAT32, limvals_min: -21.9402, limvals_max: 3.03637)
[2024-11-13 10:07:04.870] [159140] [HailoRT] [info] [queue_elements.cpp:756] [create] Created (UserBuffQEl2palm_detection_lite/conv29 | timeout: 10s)
[2024-11-13 10:07:04.870] [159140] [HailoRT] [info] [vstream.cpp:1107] [OutputVStreamImpl] Creating palm_detection_lite/conv29...
[2024-11-13 10:07:04.870] [159140] [HailoRT] [info] [vstream_builder.cpp:225] [create_outputs] Output pipeline 'palm_detection_lite/conv29': HW >> (HwReadEl2palm_detection_lite/conv29 | hw_frame_size: 1152) >> (PullQEl_hw_read2palm_detection_lite/conv29) >> (PostInferEl2palm_detection_lite/conv29 | Quantization - src_type: UINT8, dst_type FLOAT32, limvals_min: -21.9402, limvals_max: 3.03637) >> (UserBuffQEl2palm_detection_lite/conv29 | timeout: 10s)
[2024-11-13 10:07:04.870] [159140] [HailoRT] [info] [edge_elements.cpp:287] [create] Created (HwReadEl0palm_detection_lite/conv30 | hw_frame_size: 23040)
[2024-11-13 10:07:04.870] [159140] [HailoRT] [info] [queue_elements.cpp:613] [create] Created (PullQEl_hw_read0palm_detection_lite/conv30)
[2024-11-13 10:07:04.870] [159140] [HailoRT] [info] [filter_elements.cpp:360] [create] Created (PostInferEl0palm_detection_lite/conv30 | Quantization - src_type: UINT8, dst_type FLOAT32, limvals_min: -36.3947, limvals_max: 52.8423 | Reorder - src_order: FCR, src_shape: (24, 24, 40), dst_order: FCR, dst_shape: (24, 24, 36))
[2024-11-13 10:07:04.870] [159140] [HailoRT] [info] [queue_elements.cpp:756] [create] Created (UserBuffQEl0palm_detection_lite/conv30 | timeout: 10s)
[2024-11-13 10:07:04.870] [159140] [HailoRT] [info] [vstream.cpp:1107] [OutputVStreamImpl] Creating palm_detection_lite/conv30...
[2024-11-13 10:07:04.870] [159140] [HailoRT] [info] [vstream_builder.cpp:225] [create_outputs] Output pipeline 'palm_detection_lite/conv30': HW >> (HwReadEl0palm_detection_lite/conv30 | hw_frame_size: 23040) >> (PullQEl_hw_read0palm_detection_lite/conv30) >> (PostInferEl0palm_detection_lite/conv30 | Quantization - src_type: UINT8, dst_type FLOAT32, limvals_min: -36.3947, limvals_max: 52.8423 | Reorder - src_order: FCR, src_shape: (24, 24, 40), dst_order: FCR, dst_shape: (24, 24, 36)) >> (UserBuffQEl0palm_detection_lite/conv30 | timeout: 10s)
[2024-11-13 10:07:04.870] [159140] [HailoRT] [info] [core_op.cpp:156] [activate] Activating palm_detection_lite took 0.449257 milliseconds. Note that the function is asynchronous and thus the network is not fully activated yet.
[2024-11-13 10:07:04.870] [159140] [HailoRT] [info] [core_op.cpp:156] [activate] Activating palm_detection_lite took 0.465331 milliseconds. Note that the function is asynchronous and thus the network is not fully activated yet.
[2024-11-13 10:07:04.880] [190281] [HailoRT] [info] [vdevice_native_stream.cpp:331] [read_impl] Failed read from stream HAILO_STREAM_NOT_ACTIVATED(72) (device: 0000:01:00.0)
[2024-11-13 10:07:04.880] [190285] [HailoRT] [info] [vdevice_native_stream.cpp:331] [read_impl] Failed read from stream HAILO_STREAM_NOT_ACTIVATED(72) (device: 0000:01:00.0)
[2024-11-13 10:07:04.880] [190287] [HailoRT] [info] [vdevice_native_stream.cpp:331] [read_impl] Failed read from stream HAILO_STREAM_NOT_ACTIVATED(72) (device: 0000:01:00.0)
[2024-11-13 10:07:04.880] [190283] [HailoRT] [info] [vdevice_native_stream.cpp:331] [read_impl] Failed read from stream HAILO_STREAM_NOT_ACTIVATED(72) (device: 0000:01:00.0)
[2024-11-13 10:07:04.880] [159140] [HailoRT] [info] [core_op.cpp:186] [deactivate] Deactivating took 0.473035 ms
[2024-11-13 10:07:04.880] [159140] [HailoRT] [info] [core_op.cpp:186] [deactivate] Deactivating took 0.485591 ms
[2024-11-13 10:07:04.880] [190281] [HailoRT] [info] [queue_elements.cpp:690] [run_in_thread] Shutdown event was signaled in run_pull of queue element PullQEl_hw_read1palm_detection_lite/conv24!
[2024-11-13 10:07:04.880] [190282] [HailoRT] [info] [queue_elements.cpp:811] [run_in_thread] Shutdown event was signaled in dequeue of UserBuffQEl1palm_detection_lite/conv24!
[2024-11-13 10:07:04.880] [190281] [HailoRT] [info] [queue_elements.cpp:54] [operator()] Thread in element PullQEl_hw_read1palm_detection_lite/conv24 is not running anymore, exiting..
[2024-11-13 10:07:04.880] [159140] [HailoRT] [info] [queue_elements.cpp:43] [~BaseQueueElement] Queue element PullQEl_hw_read1palm_detection_lite/conv24 has 0 frames in his Queue on destruction
[2024-11-13 10:07:04.880] [190282] [HailoRT] [info] [queue_elements.cpp:54] [operator()] Thread in element UserBuffQEl1palm_detection_lite/conv24 is not running anymore, exiting..
[2024-11-13 10:07:04.880] [159140] [HailoRT] [info] [queue_elements.cpp:43] [~BaseQueueElement] Queue element UserBuffQEl1palm_detection_lite/conv24 has 0 frames in his Queue on destruction
[2024-11-13 10:07:04.880] [190283] [HailoRT] [info] [queue_elements.cpp:690] [run_in_thread] Shutdown event was signaled in run_pull of queue element PullQEl_hw_read3palm_detection_lite/conv25!
[2024-11-13 10:07:04.880] [190284] [HailoRT] [info] [queue_elements.cpp:811] [run_in_thread] Shutdown event was signaled in dequeue of UserBuffQEl3palm_detection_lite/conv25!
[2024-11-13 10:07:04.880] [190283] [HailoRT] [info] [queue_elements.cpp:54] [operator()] Thread in element PullQEl_hw_read3palm_detection_lite/conv25 is not running anymore, exiting..
[2024-11-13 10:07:04.880] [159140] [HailoRT] [info] [queue_elements.cpp:43] [~BaseQueueElement] Queue element PullQEl_hw_read3palm_detection_lite/conv25 has 0 frames in his Queue on destruction
[2024-11-13 10:07:04.880] [190284] [HailoRT] [info] [queue_elements.cpp:54] [operator()] Thread in element UserBuffQEl3palm_detection_lite/conv25 is not running anymore, exiting..
[2024-11-13 10:07:04.880] [159140] [HailoRT] [info] [queue_elements.cpp:43] [~BaseQueueElement] Queue element UserBuffQEl3palm_detection_lite/conv25 has 0 frames in his Queue on destruction
[2024-11-13 10:07:04.880] [190285] [HailoRT] [info] [queue_elements.cpp:690] [run_in_thread] Shutdown event was signaled in run_pull of queue element PullQEl_hw_read2palm_detection_lite/conv29!
[2024-11-13 10:07:04.880] [190286] [HailoRT] [info] [queue_elements.cpp:811] [run_in_thread] Shutdown event was signaled in dequeue of UserBuffQEl2palm_detection_lite/conv29!
[2024-11-13 10:07:04.880] [190285] [HailoRT] [info] [queue_elements.cpp:54] [operator()] Thread in element PullQEl_hw_read2palm_detection_lite/conv29 is not running anymore, exiting..
[2024-11-13 10:07:04.880] [159140] [HailoRT] [info] [queue_elements.cpp:43] [~BaseQueueElement] Queue element PullQEl_hw_read2palm_detection_lite/conv29 has 0 frames in his Queue on destruction
[2024-11-13 10:07:04.880] [190286] [HailoRT] [info] [queue_elements.cpp:54] [operator()] Thread in element UserBuffQEl2palm_detection_lite/conv29 is not running anymore, exiting..
[2024-11-13 10:07:04.880] [159140] [HailoRT] [info] [queue_elements.cpp:43] [~BaseQueueElement] Queue element UserBuffQEl2palm_detection_lite/conv29 has 0 frames in his Queue on destruction
[2024-11-13 10:07:04.880] [190287] [HailoRT] [info] [queue_elements.cpp:690] [run_in_thread] Shutdown event was signaled in run_pull of queue element PullQEl_hw_read0palm_detection_lite/conv30!
[2024-11-13 10:07:04.880] [190288] [HailoRT] [info] [queue_elements.cpp:811] [run_in_thread] Shutdown event was signaled in dequeue of UserBuffQEl0palm_detection_lite/conv30!
[2024-11-13 10:07:04.880] [190287] [HailoRT] [info] [queue_elements.cpp:54] [operator()] Thread in element PullQEl_hw_read0palm_detection_lite/conv30 is not running anymore, exiting..
[2024-11-13 10:07:04.880] [159140] [HailoRT] [info] [queue_elements.cpp:43] [~BaseQueueElement] Queue element PullQEl_hw_read0palm_detection_lite/conv30 has 0 frames in his Queue on destruction
[2024-11-13 10:07:04.880] [190288] [HailoRT] [info] [queue_elements.cpp:54] [operator()] Thread in element UserBuffQEl0palm_detection_lite/conv30 is not running anymore, exiting..
[2024-11-13 10:07:04.880] [159140] [HailoRT] [info] [queue_elements.cpp:43] [~BaseQueueElement] Queue element UserBuffQEl0palm_detection_lite/conv30 has 0 frames in his Queue on destruction
[2024-11-13 10:07:04.906] [159140] [HailoRT] [info] [edge_elements.cpp:52] [create] Created (HwWriteEl2palm_detection_lite/input_layer1 | hw_frame_size: 110592)
[2024-11-13 10:07:04.906] [159140] [HailoRT] [info] [vstream.cpp:754] [InputVStreamImpl] Creating palm_detection_lite/input_layer1...
[2024-11-13 10:07:04.906] [159140] [HailoRT] [info] [vstream_builder.cpp:102] [create_inputs] Input pipeline 'palm_detection_lite/input_layer1': (HwWriteEl2palm_detection_lite/input_layer1 | hw_frame_size: 110592) >> HW
[2024-11-13 10:07:04.906] [159140] [HailoRT] [info] [edge_elements.cpp:287] [create] Created (HwReadEl1palm_detection_lite/conv24 | hw_frame_size: 1152)
[2024-11-13 10:07:04.906] [159140] [HailoRT] [info] [queue_elements.cpp:613] [create] Created (PullQEl_hw_read1palm_detection_lite/conv24)
[2024-11-13 10:07:04.906] [159140] [HailoRT] [info] [filter_elements.cpp:360] [create] Created (PostInferEl1palm_detection_lite/conv24 | Quantization - src_type: UINT8, dst_type FLOAT32, limvals_min: -25.5854, limvals_max: 4.76007 | Reorder - src_order: FCR, src_shape: (12, 12, 8), dst_order: FCR, dst_shape: (12, 12, 6))
[2024-11-13 10:07:04.906] [159140] [HailoRT] [info] [queue_elements.cpp:756] [create] Created (UserBuffQEl1palm_detection_lite/conv24 | timeout: 10s)
[2024-11-13 10:07:04.906] [159140] [HailoRT] [info] [vstream.cpp:1107] [OutputVStreamImpl] Creating palm_detection_lite/conv24...
[2024-11-13 10:07:04.906] [159140] [HailoRT] [info] [vstream_builder.cpp:225] [create_outputs] Output pipeline 'palm_detection_lite/conv24': HW >> (HwReadEl1palm_detection_lite/conv24 | hw_frame_size: 1152) >> (PullQEl_hw_read1palm_detection_lite/conv24) >> (PostInferEl1palm_detection_lite/conv24 | Quantization - src_type: UINT8, dst_type FLOAT32, limvals_min: -25.5854, limvals_max: 4.76007 | Reorder - src_order: FCR, src_shape: (12, 12, 8), dst_order: FCR, dst_shape: (12, 12, 6)) >> (UserBuffQEl1palm_detection_lite/conv24 | timeout: 10s)
[2024-11-13 10:07:04.906] [159140] [HailoRT] [info] [edge_elements.cpp:287] [create] Created (HwReadEl3palm_detection_lite/conv25 | hw_frame_size: 16128)
[2024-11-13 10:07:04.906] [159140] [HailoRT] [info] [queue_elements.cpp:613] [create] Created (PullQEl_hw_read3palm_detection_lite/conv25)
[2024-11-13 10:07:04.906] [159140] [HailoRT] [info] [filter_elements.cpp:360] [create] Created (PostInferEl3palm_detection_lite/conv25 | Quantization - src_type: UINT8, dst_type FLOAT32, limvals_min: -75.2335, limvals_max: 140.323 | Reorder - src_order: FCR, src_shape: (12, 12, 112), dst_order: FCR, dst_shape: (12, 12, 108))
[2024-11-13 10:07:04.906] [159140] [HailoRT] [info] [queue_elements.cpp:756] [create] Created (UserBuffQEl3palm_detection_lite/conv25 | timeout: 10s)
[2024-11-13 10:07:04.906] [159140] [HailoRT] [info] [vstream.cpp:1107] [OutputVStreamImpl] Creating palm_detection_lite/conv25...
[2024-11-13 10:07:04.906] [159140] [HailoRT] [info] [vstream_builder.cpp:225] [create_outputs] Output pipeline 'palm_detection_lite/conv25': HW >> (HwReadEl3palm_detection_lite/conv25 | hw_frame_size: 16128) >> (PullQEl_hw_read3palm_detection_lite/conv25) >> (PostInferEl3palm_detection_lite/conv25 | Quantization - src_type: UINT8, dst_type FLOAT32, limvals_min: -75.2335, limvals_max: 140.323 | Reorder - src_order: FCR, src_shape: (12, 12, 112), dst_order: FCR, dst_shape: (12, 12, 108)) >> (UserBuffQEl3palm_detection_lite/conv25 | timeout: 10s)
[2024-11-13 10:07:04.906] [159140] [HailoRT] [info] [edge_elements.cpp:287] [create] Created (HwReadEl2palm_detection_lite/conv29 | hw_frame_size: 1152)
[2024-11-13 10:07:04.907] [159140] [HailoRT] [info] [queue_elements.cpp:613] [create] Created (PullQEl_hw_read2palm_detection_lite/conv29)
[2024-11-13 10:07:04.907] [159140] [HailoRT] [info] [filter_elements.cpp:360] [create] Created (PostInferEl2palm_detection_lite/conv29 | Quantization - src_type: UINT8, dst_type FLOAT32, limvals_min: -21.9402, limvals_max: 3.03637)
[2024-11-13 10:07:04.907] [159140] [HailoRT] [info] [queue_elements.cpp:756] [create] Created (UserBuffQEl2palm_detection_lite/conv29 | timeout: 10s)
[2024-11-13 10:07:04.907] [159140] [HailoRT] [info] [vstream.cpp:1107] [OutputVStreamImpl] Creating palm_detection_lite/conv29...
[2024-11-13 10:07:04.907] [159140] [HailoRT] [info] [vstream_builder.cpp:225] [create_outputs] Output pipeline 'palm_detection_lite/conv29': HW >> (HwReadEl2palm_detection_lite/conv29 | hw_frame_size: 1152) >> (PullQEl_hw_read2palm_detection_lite/conv29) >> (PostInferEl2palm_detection_lite/conv29 | Quantization - src_type: UINT8, dst_type FLOAT32, limvals_min: -21.9402, limvals_max: 3.03637) >> (UserBuffQEl2palm_detection_lite/conv29 | timeout: 10s)
[2024-11-13 10:07:04.907] [159140] [HailoRT] [info] [edge_elements.cpp:287] [create] Created (HwReadEl0palm_detection_lite/conv30 | hw_frame_size: 23040)
[2024-11-13 10:07:04.907] [159140] [HailoRT] [info] [queue_elements.cpp:613] [create] Created (PullQEl_hw_read0palm_detection_lite/conv30)
[2024-11-13 10:07:04.907] [159140] [HailoRT] [info] [filter_elements.cpp:360] [create] Created (PostInferEl0palm_detection_lite/conv30 | Quantization - src_type: UINT8, dst_type FLOAT32, limvals_min: -36.3947, limvals_max: 52.8423 | Reorder - src_order: FCR, src_shape: (24, 24, 40), dst_order: FCR, dst_shape: (24, 24, 36))
[2024-11-13 10:07:04.907] [159140] [HailoRT] [info] [queue_elements.cpp:756] [create] Created (UserBuffQEl0palm_detection_lite/conv30 | timeout: 10s)
[2024-11-13 10:07:04.907] [159140] [HailoRT] [info] [vstream.cpp:1107] [OutputVStreamImpl] Creating palm_detection_lite/conv30...
[2024-11-13 10:07:04.907] [159140] [HailoRT] [info] [vstream_builder.cpp:225] [create_outputs] Output pipeline 'palm_detection_lite/conv30': HW >> (HwReadEl0palm_detection_lite/conv30 | hw_frame_size: 23040) >> (PullQEl_hw_read0palm_detection_lite/conv30) >> (PostInferEl0palm_detection_lite/conv30 | Quantization - src_type: UINT8, dst_type FLOAT32, limvals_min: -36.3947, limvals_max: 52.8423 | Reorder - src_order: FCR, src_shape: (24, 24, 40), dst_order: FCR, dst_shape: (24, 24, 36)) >> (UserBuffQEl0palm_detection_lite/conv30 | timeout: 10s)
[2024-11-13 10:07:04.907] [159140] [HailoRT] [info] [core_op.cpp:156] [activate] Activating palm_detection_lite took 0.411943 milliseconds. Note that the function is asynchronous and thus the network is not fully activated yet.
[2024-11-13 10:07:04.907] [159140] [HailoRT] [info] [core_op.cpp:156] [activate] Activating palm_detection_lite took 0.423369 milliseconds. Note that the function is asynchronous and thus the network is not fully activated yet.
[2024-11-13 10:07:04.917] [190294] [HailoRT] [info] [vdevice_native_stream.cpp:331] [read_impl] Failed read from stream HAILO_STREAM_NOT_ACTIVATED(72) (device: 0000:01:00.0)
[2024-11-13 10:07:04.917] [190298] [HailoRT] [info] [vdevice_native_stream.cpp:331] [read_impl] Failed read from stream HAILO_STREAM_NOT_ACTIVATED(72) (device: 0000:01:00.0)
[2024-11-13 10:07:04.917] [190296] [HailoRT] [info] [vdevice_native_stream.cpp:331] [read_impl] Failed read from stream HAILO_STREAM_NOT_ACTIVATED(72) (device: 0000:01:00.0)
[2024-11-13 10:07:04.917] [190300] [HailoRT] [info] [vdevice_native_stream.cpp:331] [read_impl] Failed read from stream HAILO_STREAM_NOT_ACTIVATED(72) (device: 0000:01:00.0)
[2024-11-13 10:07:04.917] [159140] [HailoRT] [info] [core_op.cpp:186] [deactivate] Deactivating took 0.466072 ms
[2024-11-13 10:07:04.917] [159140] [HailoRT] [info] [core_op.cpp:186] [deactivate] Deactivating took 0.480164 ms
[2024-11-13 10:07:04.917] [190294] [HailoRT] [info] [queue_elements.cpp:690] [run_in_thread] Shutdown event was signaled in run_pull of queue element PullQEl_hw_read1palm_detection_lite/conv24!
[2024-11-13 10:07:04.917] [190295] [HailoRT] [info] [queue_elements.cpp:811] [run_in_thread] Shutdown event was signaled in dequeue of UserBuffQEl1palm_detection_lite/conv24!
[2024-11-13 10:07:04.917] [190294] [HailoRT] [info] [queue_elements.cpp:54] [operator()] Thread in element PullQEl_hw_read1palm_detection_lite/conv24 is not running anymore, exiting..
[2024-[2024-11-15 10:58:18.296] [4630] [HailoRT] [info] [device.cpp:46] [Device] OS Version: Linux 6.6.51+rpt-rpi-2712 #1 SMP PREEMPT Debian 1:6.6.51-1+rpt3 (2024-10-08) aarch64
[2024-11-15 10:58:18.296] [4630] [HailoRT] [info] [control.cpp:100] [control__parse_identify_results] firmware_version is: 4.18.0
[2024-11-15 10:58:18.296] [4630] [HailoRT] [info] [vdevice.cpp:652] [create] VDevice Infos: 0000:01:00.0
[2024-11-15 10:58:18.383] [4630] [HailoRT] [info] [internal_buffer_manager.cpp:204] [print_execution_results] Planned internal buffer memory: CMA memory 0, user memory 370176. memory to edge layer usage factor is 0.8556213
[2024-11-15 10:58:18.383] [4630] [HailoRT] [info] [internal_buffer_manager.cpp:212] [print_execution_results] Default Internal buffer planner executed successfully
[2024-11-15 10:58:18.393] [4630] [HailoRT] [info] [device_internal.cpp:57] [configure] Configuring HEF took 15.124361 milliseconds
[2024-11-15 10:58:18.393] [4630] [HailoRT] [info] [vdevice.cpp:751] [configure] Configuring HEF on VDevice took 15.434619 milliseconds
[2024-11-15 10:58:18.393] [4630] [HailoRT] [info] [hef.cpp:1844] [get_network_group_and_network_name] No name was given. Addressing all networks of default network_group: palm_detection_lite
[2024-11-15 10:58:18.393] [4630] [HailoRT] [info] [hef.cpp:1844] [get_network_group_and_network_name] No name was given. Addressing all networks of default network_group: palm_detection_lite
[2024-11-15 10:58:18.393] [4630] [HailoRT] [info] [hef.cpp:1844] [get_network_group_and_network_name] No name was given. Addressing all networks of default network_group: palm_detection_lite
[2024-11-15 10:58:18.393] [4630] [HailoRT] [info] [hef.cpp:1844] [get_network_group_and_network_name] No name was given. Addressing all networks of default network_group: palm_detection_lite
[2024-11-15 10:58:18.420] [4630] [HailoRT] [info] [buffer_requirements.cpp:146] [find_initial_desc_page_size] Using non-default initial_desc_page_size of 64, due to a small transfer size (8)
[2024-11-15 10:58:18.420] [4630] [HailoRT] [info] [buffer_requirements.cpp:146] [find_initial_desc_page_size] Using non-default initial_desc_page_size of 64, due to a small transfer size (8)
[2024-11-15 10:58:18.420] [4630] [HailoRT] [info] [buffer_requirements.cpp:146] [find_initial_desc_page_size] Using non-default initial_desc_page_size of 64, due to a small transfer size (64)
[2024-11-15 10:58:18.420] [4630] [HailoRT] [info] [buffer_requirements.cpp:146] [find_initial_desc_page_size] Using non-default initial_desc_page_size of 64, due to a small transfer size (64)
[2024-11-15 10:58:18.421] [4630] [HailoRT] [info] [internal_buffer_manager.cpp:204] [print_execution_results] Planned internal buffer memory: CMA memory 0, user memory 101376. memory to edge layer usage factor is 1.0
[2024-11-15 10:58:18.421] [4630] [HailoRT] [info] [internal_buffer_manager.cpp:212] [print_execution_results] Default Internal buffer planner executed successfully
[2024-11-15 10:58:18.427] [4630] [HailoRT] [info] [device_internal.cpp:57] [configure] Configuring HEF took 7.195811 milliseconds
[2024-11-15 10:58:18.427] [4630] [HailoRT] [info] [vdevice.cpp:751] [configure] Configuring HEF on VDevice took 7.502347 milliseconds
[2024-11-15 10:58:18.427] [4630] [HailoRT] [info] [hef.cpp:1844] [get_network_group_and_network_name] No name was given. Addressing all networks of default network_group: hand_landmark_lite
[2024-11-15 10:58:18.427] [4630] [HailoRT] [info] [hef.cpp:1844] [get_network_group_and_network_name] No name was given. Addressing all networks of default network_group: hand_landmark_lite
[2024-11-15 10:58:18.427] [4630] [HailoRT] [info] [hef.cpp:1844] [get_network_group_and_network_name] No name was given. Addressing all networks of default network_group: hand_landmark_lite
[2024-11-15 10:58:18.427] [4630] [HailoRT] [info] [hef.cpp:1844] [get_network_group_and_network_name] No name was given. Addressing all networks of default network_group: hand_landmark_lite
