[INFO] user@hosthame :  jessiefan@raspberrypi
[INFO] blaze_tflite supported ...
[INFO] blaze_pytorch NOT supported ...
[INFO] blaze_vitisai NOT supported ...
[HailoInference.__init__] Hailo VDevice :  <hailo_platform.pyhailort.pyhailort.VDevice object at 0x7fff85a85090>
[INFO] blaze_hailo supported ...
Command line options:
 --input       :  
 --image       :  False
 --blaze       :  hand,face,pose
 --target      :  blaze_tflite,blaze_pytorch,blaze_vitisai,blaze_hailo
 --pipeline    :  hai_hand_v0_10_lite
 --list        :  False
 --debug       :  False
 --withoutview :  False
 --profilelog  :  False
 --profileview  :  False
 --fps         :  False
[INFO] Searching for USB camera ...
/dev/video0
/dev/media3
[INFO] input : camera /dev/video0  ( 640 , 480 )
[INFO] Appending to existing profiling results file : ./blaze_detect_live.csv
================================================================
Blaze Detect Live Demo
================================================================
	Press ESC to quit ...
----------------------------------------------------------------
	Press 'p' to pause video ...
	Press 'c' to continue ...
	Press 's' to step one frame at a time ...
	Press 'w' to take a photo ...
----------------------------------------------------------------
	Press 't' to toggle between image and live video
	Press 'd' to toggle debug image on/off
	Press 'e' to toggle scores image on/off
	Press 'f' to toggle FPS display on/off
	Press 'v' to toggle verbose on/off
	Press 'z' to toggle profiling log on/off
	Press 'Z' to toggle profiling view on/off
================================================================
flags: [[0.98166525]
 [0.10950848]]
normalized_landmarks: [[[ 0.5636381   0.815179    0.        ]
  [ 0.6614595   0.7173575  -0.02794899]
  [ 0.6894085   0.56829625 -0.04192349]
  [ 0.6661177   0.44252577 -0.05589799]
  [ 0.6474851   0.35867876 -0.06987248]
  [ 0.55897987  0.45650026 -0.00931633]
  [ 0.55897987  0.35867876 -0.01863266]
  [ 0.5776125   0.32141346 -0.03260716]
  [ 0.60556155  0.31675526 -0.03726533]
  [ 0.4751329   0.47047475 -0.00931633]
  [ 0.45650026  0.36799508 -0.01863266]
  [ 0.45184207  0.3260716  -0.03260716]
  [ 0.45650026  0.3120971  -0.04658166]
  [ 0.40991858  0.51239824 -0.00931633]
  [ 0.36799508  0.41457677 -0.02329083]
  [ 0.35867876  0.36333695 -0.04192349]
  [ 0.34470424  0.3260716  -0.05123982]
  [ 0.34470424  0.5776125  -0.01863266]
  [ 0.28414813  0.5030819  -0.02794899]
  [ 0.25619912  0.46115842 -0.03726533]
  [ 0.23290828  0.40991858 -0.04658166]]

 [[ 0.44252577  0.8524443   0.        ]
  [ 0.3260716   0.75928104 -0.02794899]
  [ 0.28880626  0.5869289  -0.03260716]
  [ 0.31675526  0.45650026 -0.04658166]
  [ 0.33072975  0.35867876 -0.06521432]
  [ 0.44252577  0.47047475  0.        ]
  [ 0.4471839   0.36333695 -0.00931633]
  [ 0.44252577  0.32141346 -0.0139745 ]
  [ 0.43786758  0.29346445 -0.02329083]
  [ 0.5403472   0.48444924  0.        ]
  [ 0.5496636   0.37265328  0.00465817]
  [ 0.5496636   0.33072975 -0.00465817]
  [ 0.5403472   0.2981226  -0.01863266]
  [ 0.62885237  0.5170564   0.        ]
  [ 0.63351053  0.40060228  0.00465817]
  [ 0.6428269   0.33538795 -0.00931633]
  [ 0.63816875  0.2748318  -0.01863266]
  [ 0.7080412   0.5636381  -0.00465817]
  [ 0.7266739   0.4751329  -0.00465817]
  [ 0.7406483   0.43320942 -0.00465817]
  [ 0.73599017  0.37731144 -0.00931633]]]
flags: [[0.97775424]
 [0.03911017]]
normalized_landmarks: [[[ 0.5496636   0.81983715  0.        ]
  [ 0.6428269   0.72201574 -0.03260716]
  [ 0.6800922   0.57295436 -0.04658166]
  [ 0.6707759   0.45184207 -0.06521432]
  [ 0.65680134  0.36333695 -0.07453065]
  [ 0.5543217   0.4471839  -0.0139745 ]
  [ 0.5543217   0.34470424 -0.02329083]
  [ 0.57295436  0.30278078 -0.03260716]
  [ 0.5962452   0.2981226  -0.03726533]
  [ 0.47047475  0.46581656 -0.00931633]
  [ 0.45184207  0.3540206  -0.01863266]
  [ 0.4471839   0.31675526 -0.03260716]
  [ 0.4471839   0.2981226  -0.04192349]
  [ 0.4052604   0.5077401  -0.00931633]
  [ 0.36333695  0.40060228 -0.02329083]
  [ 0.3540206   0.34470424 -0.03726533]
  [ 0.3400461   0.30743894 -0.04658166]
  [ 0.3400461   0.5776125  -0.0139745 ]
  [ 0.28414813  0.49376556 -0.02794899]
  [ 0.25619912  0.4471839  -0.03260716]
  [ 0.23290828  0.39128593 -0.03726533]]

 [[ 0.45650026  0.8524443   0.        ]
  [ 0.3400461   0.7685973  -0.03260716]
  [ 0.29346445  0.60556155 -0.04192349]
  [ 0.3120971   0.47979107 -0.06055615]
  [ 0.32141346  0.3819696  -0.07918882]
  [ 0.42855126  0.46581656 -0.00931633]
  [ 0.43786758  0.3540206  -0.02329083]
  [ 0.43786758  0.27948993 -0.03726533]
  [ 0.44252577  0.21427563 -0.04658166]
  [ 0.5310309   0.47979107 -0.00931633]
  [ 0.5450054   0.3540206  -0.00931633]
  [ 0.5496636   0.28414813 -0.02794899]
  [ 0.5496636   0.21427563 -0.04192349]
  [ 0.61953604  0.51239824 -0.00931633]
  [ 0.63351053  0.38662776 -0.0139745 ]
  [ 0.6521432   0.2981226  -0.03260716]
  [ 0.6521432   0.21427563 -0.04658166]
  [ 0.6940667   0.5636381  -0.01863266]
  [ 0.731332    0.4751329  -0.02329083]
  [ 0.75928104  0.41457677 -0.03260716]
  [ 0.7685973   0.34470424 -0.03726533]]]
flags: [[0.97775424]
 [0.03519915]]
normalized_landmarks: [[[ 0.5496636   0.8244953   0.        ]
  [ 0.6428269   0.7266739  -0.02794899]
  [ 0.67543405  0.5776125  -0.03726533]
  [ 0.65680134  0.45184207 -0.05589799]
  [ 0.6521432   0.35867876 -0.06987248]
  [ 0.53568906  0.45184207 -0.00465817]
  [ 0.5310309   0.34470424 -0.0139745 ]
  [ 0.5310309   0.29346445 -0.02794899]
  [ 0.53568906  0.26551545 -0.03260716]
  [ 0.45650026  0.4751329  -0.00465817]
  [ 0.43786758  0.35867876 -0.0139745 ]
  [ 0.42389306  0.30743894 -0.02329083]
  [ 0.40991858  0.27948993 -0.03726533]
  [ 0.40060228  0.5170564  -0.00931633]
  [ 0.36333695  0.4052604  -0.01863266]
  [ 0.3400461   0.33538795 -0.03260716]
  [ 0.31675526  0.28414813 -0.04192349]
  [ 0.3400461   0.5822707  -0.0139745 ]
  [ 0.27948993  0.49376556 -0.02329083]
  [ 0.25154096  0.4471839  -0.03260716]
  [ 0.22825013  0.38662776 -0.03726533]]

 [[ 0.46115842  0.8244953   0.        ]
  [ 0.34470424  0.74530655 -0.03260716]
  [ 0.28414813  0.5869289  -0.04658166]
  [ 0.29346445  0.46115842 -0.06521432]
  [ 0.29346445  0.3540206  -0.08384699]
  [ 0.41457677  0.43320942 -0.00465817]
  [ 0.41923493  0.32141346 -0.0139745 ]
  [ 0.40991858  0.28414813 -0.02794899]
  [ 0.40991858  0.26551545 -0.03726533]
  [ 0.51239824  0.44252577 -0.00465817]
  [ 0.5170564   0.34470424 -0.00465817]
  [ 0.52637273  0.34470424 -0.01863266]
  [ 0.52637273  0.35867876 -0.02794899]
  [ 0.6009034   0.4751329  -0.00931633]
  [ 0.6009034   0.36799508 -0.00931633]
  [ 0.6241942   0.3540206  -0.02329083]
  [ 0.6241942   0.34470424 -0.02794899]
  [ 0.67543405  0.52171457 -0.01863266]
  [ 0.703383    0.4471839  -0.01863266]
  [ 0.7266739   0.42389306 -0.02329083]
  [ 0.73599017  0.39128593 -0.02794899]]]
flags: [[0.9699322 ]
 [0.04693221]]
normalized_landmarks: [[[ 0.5450054   0.8105208   0.        ]
  [ 0.63816875  0.7173575  -0.02329083]
  [ 0.6661177   0.57295436 -0.03726533]
  [ 0.65680134  0.45184207 -0.05123982]
  [ 0.6614595   0.35867876 -0.06521432]
  [ 0.5450054   0.4471839  -0.00931633]
  [ 0.5543217   0.33538795 -0.02329083]
  [ 0.5496636   0.28414813 -0.03260716]
  [ 0.5450054   0.25619912 -0.03726533]
  [ 0.46581656  0.46115842 -0.00931633]
  [ 0.45184207  0.3400461  -0.02329083]
  [ 0.42855126  0.28414813 -0.03726533]
  [ 0.4052604   0.23756646 -0.04658166]
  [ 0.40060228  0.5030819  -0.01863266]
  [ 0.36333695  0.3819696  -0.03260716]
  [ 0.3400461   0.30743894 -0.05123982]
  [ 0.31675526  0.24688278 -0.05589799]
  [ 0.3400461   0.56829625 -0.02329083]
  [ 0.27948993  0.4751329  -0.03726533]
  [ 0.24688278  0.41457677 -0.05123982]
  [ 0.21893379  0.34936243 -0.05589799]]

 [[ 0.43320942  0.8524443   0.        ]
  [ 0.33538795  0.7685973  -0.03726533]
  [ 0.28880626  0.6009034  -0.05123982]
  [ 0.30743894  0.4751329  -0.07453065]
  [ 0.31675526  0.37265328 -0.09316332]
  [ 0.42389306  0.4751329  -0.01863266]
  [ 0.42389306  0.3540206  -0.03260716]
  [ 0.40991858  0.3120971  -0.04192349]
  [ 0.3959441   0.2981226  -0.05123982]
  [ 0.52171457  0.4891074  -0.0139745 ]
  [ 0.52171457  0.36799508 -0.01863266]
  [ 0.52171457  0.34470424 -0.02794899]
  [ 0.5170564   0.3400461  -0.04192349]
  [ 0.6009034   0.52637273 -0.0139745 ]
  [ 0.6009034   0.4052604  -0.01863266]
  [ 0.6241942   0.37265328 -0.03260716]
  [ 0.62885237  0.3540206  -0.03726533]
  [ 0.6661177   0.5776125  -0.01863266]
  [ 0.69872487  0.4891074  -0.02794899]
  [ 0.72201574  0.45650026 -0.02794899]
  [ 0.73599017  0.40991858 -0.03260716]]]
flags: [[0.9660212 ]
 [0.10950848]]
normalized_landmarks: [[[ 0.53568906  0.81983715  0.        ]
  [ 0.63351053  0.7266739  -0.02329083]
  [ 0.67543405  0.5869289  -0.03726533]
  [ 0.6614595   0.46581656 -0.05123982]
  [ 0.6707759   0.37265328 -0.06521432]
  [ 0.5496636   0.45650026 -0.00931633]
  [ 0.5636381   0.34470424 -0.02794899]
  [ 0.56829625  0.27948993 -0.03726533]
  [ 0.5636381   0.22825013 -0.04658166]
  [ 0.46581656  0.47047475 -0.0139745 ]
  [ 0.45650026  0.34470424 -0.02794899]
  [ 0.43320942  0.2748318  -0.04192349]
  [ 0.40060228  0.21893379 -0.05589799]
  [ 0.40060228  0.5030819  -0.01863266]
  [ 0.36799508  0.3819696  -0.03726533]
  [ 0.3400461   0.2981226  -0.05589799]
  [ 0.30743894  0.22825013 -0.06521432]
  [ 0.33538795  0.56829625 -0.02794899]
  [ 0.2748318   0.47047475 -0.04192349]
  [ 0.24222462  0.40991858 -0.05589799]
  [ 0.20961747  0.3400461  -0.06055615]]

 [[ 0.43786758  0.8617607   0.        ]
  [ 0.33538795  0.7685973  -0.03260716]
  [ 0.29346445  0.60556155 -0.04658166]
  [ 0.30743894  0.48444924 -0.06521432]
  [ 0.3120971   0.38662776 -0.08384699]
  [ 0.43320942  0.48444924 -0.02329083]
  [ 0.43320942  0.3540206  -0.03726533]
  [ 0.40991858  0.28880626 -0.04658166]
  [ 0.38662776  0.24688278 -0.05589799]
  [ 0.52637273  0.5030819  -0.01863266]
  [ 0.5450054   0.3540206  -0.02794899]
  [ 0.5450054   0.29346445 -0.03260716]
  [ 0.5450054   0.24222462 -0.04658166]
  [ 0.6009034   0.5450054  -0.02329083]
  [ 0.6241942   0.4052604  -0.02794899]
  [ 0.6521432   0.3400461  -0.03726533]
  [ 0.6614595   0.28414813 -0.04192349]
  [ 0.6614595   0.5962452  -0.02794899]
  [ 0.7080412   0.5077401  -0.03726533]
  [ 0.74530655  0.45650026 -0.03726533]
  [ 0.7639392   0.39128593 -0.04192349]]]
flags: [[0.95819914]
 [0.07039831]]
normalized_landmarks: [[[ 0.51239824  0.843128    0.        ]
  [ 0.61953604  0.7546229  -0.02794899]
  [ 0.6661177   0.61953604 -0.04192349]
  [ 0.65680134  0.49842376 -0.05589799]
  [ 0.6707759   0.40060228 -0.07453065]
  [ 0.5496636   0.48444924 -0.01863266]
  [ 0.5776125   0.37265328 -0.03726533]
  [ 0.59158707  0.30278078 -0.05123982]
  [ 0.5962452   0.24688278 -0.05589799]
  [ 0.47047475  0.49376556 -0.02329083]
  [ 0.46581656  0.35867876 -0.03726533]
  [ 0.44252577  0.28414813 -0.05123982]
  [ 0.40991858  0.22359195 -0.06521432]
  [ 0.4052604   0.52637273 -0.02794899]
  [ 0.37731144  0.40060228 -0.04658166]
  [ 0.3540206   0.3120971  -0.06521432]
  [ 0.33072975  0.23756646 -0.07453065]
  [ 0.33538795  0.5869289  -0.03726533]
  [ 0.27948993  0.48444924 -0.05123982]
  [ 0.25154096  0.42389306 -0.06521432]
  [ 0.23290828  0.35867876 -0.06987248]]

 [[ 0.43786758  0.871077    0.        ]
  [ 0.34470424  0.7779137  -0.03260716]
  [ 0.2981226   0.6241942  -0.05123982]
  [ 0.3120971   0.5077401  -0.06987248]
  [ 0.30743894  0.4052604  -0.08850515]
  [ 0.43786758  0.5030819  -0.02329083]
  [ 0.43786758  0.3819696  -0.03726533]
  [ 0.42855126  0.32141346 -0.05123982]
  [ 0.40991858  0.27948993 -0.06055615]
  [ 0.5310309   0.52171457 -0.02329083]
  [ 0.5496636   0.3819696  -0.03260716]
  [ 0.5496636   0.3260716  -0.04192349]
  [ 0.5496636   0.28414813 -0.05123982]
  [ 0.60556155  0.55897987 -0.02329083]
  [ 0.62885237  0.42855126 -0.03260716]
  [ 0.6521432   0.36799508 -0.04658166]
  [ 0.65680134  0.31675526 -0.05123982]
  [ 0.6614595   0.6102198  -0.03260716]
  [ 0.7173575   0.52637273 -0.04192349]
  [ 0.75928104  0.47047475 -0.04658166]
  [ 0.78257185  0.4052604  -0.05123982]]]
flags: [[0.95819914]
 [0.03519915]]
normalized_landmarks: [[[ 0.5310309   0.8477861   0.        ]
  [ 0.63351053  0.7546229  -0.02329083]
  [ 0.67543405  0.6148779  -0.03726533]
  [ 0.6614595   0.49376556 -0.05123982]
  [ 0.6707759   0.4052604  -0.06987248]
  [ 0.5543217   0.48444924 -0.0139745 ]
  [ 0.57295436  0.36333695 -0.03260716]
  [ 0.5776125   0.28880626 -0.04658166]
  [ 0.5776125   0.21893379 -0.05123982]
  [ 0.47047475  0.49376556 -0.01863266]
  [ 0.46115842  0.36333695 -0.03260716]
  [ 0.43320942  0.28414813 -0.04658166]
  [ 0.40060228  0.21893379 -0.05589799]
  [ 0.40991858  0.5310309  -0.02794899]
  [ 0.37265328  0.4052604  -0.04192349]
  [ 0.34936243  0.31675526 -0.06055615]
  [ 0.31675526  0.23756646 -0.06521432]
  [ 0.34470424  0.5962452  -0.03260716]
  [ 0.27948993  0.49842376 -0.05123982]
  [ 0.25154096  0.44252577 -0.06055615]
  [ 0.22359195  0.37265328 -0.06521432]]

 [[ 0.43320942  0.871077    0.        ]
  [ 0.33072975  0.7779137  -0.03726533]
  [ 0.28880626  0.62885237 -0.05589799]
  [ 0.30743894  0.5077401  -0.07918882]
  [ 0.3120971   0.40991858 -0.10247964]
  [ 0.43320942  0.49842376 -0.02794899]
  [ 0.43320942  0.36799508 -0.05123982]
  [ 0.42855126  0.30278078 -0.06521432]
  [ 0.41923493  0.25619912 -0.07453065]
  [ 0.5310309   0.5170564  -0.02794899]
  [ 0.5543217   0.37731144 -0.04192349]
  [ 0.55897987  0.31675526 -0.05589799]
  [ 0.5636381   0.27948993 -0.06987248]
  [ 0.60556155  0.55897987 -0.02794899]
  [ 0.6428269   0.42389306 -0.04192349]
  [ 0.6707759   0.36333695 -0.06055615]
  [ 0.6847504   0.3120971  -0.06987248]
  [ 0.6661177   0.6148779  -0.03726533]
  [ 0.73599017  0.52637273 -0.05123982]
  [ 0.78257185  0.46581656 -0.06055615]
  [ 0.8105208   0.39128593 -0.06521432]]]
flags: [[0.10950848]
 [0.9699322 ]]
normalized_landmarks: [[[ 0.48444924  0.8617607   0.        ]
  [ 0.37731144  0.78723    -0.03726533]
  [ 0.31675526  0.6474851  -0.05589799]
  [ 0.3120971   0.53568906 -0.07918882]
  [ 0.2981226   0.43786758 -0.10247964]
  [ 0.43786758  0.5077401  -0.02794899]
  [ 0.41923493  0.37731144 -0.05589799]
  [ 0.40060228  0.3260716  -0.06987248]
  [ 0.37731144  0.29346445 -0.07918882]
  [ 0.52637273  0.51239824 -0.02794899]
  [ 0.53568906  0.36799508 -0.04658166]
  [ 0.53568906  0.3120971  -0.06055615]
  [ 0.5310309   0.2701736  -0.07918882]
  [ 0.60556155  0.5403472  -0.03260716]
  [ 0.62885237  0.40060228 -0.04658166]
  [ 0.6474851   0.33538795 -0.06521432]
  [ 0.65680134  0.28414813 -0.07453065]
  [ 0.67543405  0.5869289  -0.04192349]
  [ 0.72201574  0.49376556 -0.05589799]
  [ 0.7639392   0.43320942 -0.06521432]
  [ 0.78723     0.35867876 -0.06987248]]

 [[ 0.5030819   0.83846986  0.        ]
  [ 0.60556155  0.7499647  -0.03260716]
  [ 0.6474851   0.62885237 -0.04658166]
  [ 0.63816875  0.51239824 -0.06521432]
  [ 0.6474851   0.41923493 -0.08850515]
  [ 0.5403472   0.4891074  -0.01863266]
  [ 0.56829625  0.36799508 -0.03726533]
  [ 0.5822707   0.29346445 -0.05589799]
  [ 0.5869289   0.22825013 -0.06521432]
  [ 0.46115842  0.49376556 -0.02329083]
  [ 0.45650026  0.35867876 -0.03726533]
  [ 0.43786758  0.28880626 -0.05123982]
  [ 0.41457677  0.21427563 -0.06521432]
  [ 0.40060228  0.52171457 -0.02329083]
  [ 0.37265328  0.3959441  -0.04658166]
  [ 0.3540206   0.30743894 -0.06055615]
  [ 0.3260716   0.22825013 -0.06987248]
  [ 0.33072975  0.5822707  -0.03260716]
  [ 0.2748318   0.47979107 -0.05123982]
  [ 0.24688278  0.42389306 -0.06055615]
  [ 0.21893379  0.3540206  -0.06521432]]]
flags: [[0.10950848]
 [0.9660212 ]]
normalized_landmarks: [[[ 0.4891074   0.87573516  0.        ]
  [ 0.3819696   0.80120456 -0.03726533]
  [ 0.3260716   0.6707759  -0.05589799]
  [ 0.3260716   0.55897987 -0.08384699]
  [ 0.3120971   0.46581656 -0.10713781]
  [ 0.4471839   0.52171457 -0.02794899]
  [ 0.43320942  0.38662776 -0.05123982]
  [ 0.41923493  0.33538795 -0.06521432]
  [ 0.4052604   0.30743894 -0.07453065]
  [ 0.5310309   0.52171457 -0.02794899]
  [ 0.5403472   0.37265328 -0.04192349]
  [ 0.5450054   0.31675526 -0.05589799]
  [ 0.5496636   0.26551545 -0.07453065]
  [ 0.6102198   0.5496636  -0.02794899]
  [ 0.6241942   0.40991858 -0.04192349]
  [ 0.6521432   0.33538795 -0.06055615]
  [ 0.6707759   0.2701736  -0.06987248]
  [ 0.67543405  0.59158707 -0.03726533]
  [ 0.7173575   0.49842376 -0.05123982]
  [ 0.7546229   0.43786758 -0.06055615]
  [ 0.78257185  0.35867876 -0.06521432]]

 [[ 0.49376556  0.8477861   0.        ]
  [ 0.5962452   0.7639392  -0.02794899]
  [ 0.6428269   0.63816875 -0.03726533]
  [ 0.63351053  0.52171457 -0.05123982]
  [ 0.6428269   0.42855126 -0.06521432]
  [ 0.5403472   0.5030819  -0.0139745 ]
  [ 0.56829625  0.37265328 -0.03260716]
  [ 0.5822707   0.30278078 -0.04192349]
  [ 0.59158707  0.23756646 -0.04658166]
  [ 0.46115842  0.5030819  -0.01863266]
  [ 0.45650026  0.36333695 -0.02794899]
  [ 0.44252577  0.28880626 -0.04192349]
  [ 0.41923493  0.22359195 -0.05123982]
  [ 0.40060228  0.5310309  -0.02329083]
  [ 0.37265328  0.3959441  -0.03726533]
  [ 0.3540206   0.30743894 -0.05589799]
  [ 0.33538795  0.22825013 -0.06521432]
  [ 0.33072975  0.5869289  -0.03260716]
  [ 0.2701736   0.48444924 -0.04658166]
  [ 0.24222462  0.41923493 -0.05589799]
  [ 0.21427563  0.34936243 -0.06055615]]]
flags: [[0.1134195]
 [0.9699322]]
normalized_landmarks: [[[ 0.49376556  0.86641884  0.        ]
  [ 0.39128593  0.7918882  -0.03726533]
  [ 0.3400461   0.6614595  -0.05589799]
  [ 0.3400461   0.5543217  -0.07918882]
  [ 0.3260716   0.45650026 -0.10247964]
  [ 0.46115842  0.5170564  -0.02794899]
  [ 0.44252577  0.39128593 -0.05123982]
  [ 0.43320942  0.33538795 -0.06521432]
  [ 0.41923493  0.2981226  -0.07918882]
  [ 0.5450054   0.52171457 -0.02794899]
  [ 0.5543217   0.37731144 -0.04192349]
  [ 0.55897987  0.31675526 -0.06055615]
  [ 0.5636381   0.2701736  -0.07453065]
  [ 0.6241942   0.5450054  -0.02794899]
  [ 0.6428269   0.4052604  -0.04192349]
  [ 0.6661177   0.33538795 -0.06521432]
  [ 0.67543405  0.2748318  -0.07453065]
  [ 0.6894085   0.5869289  -0.03726533]
  [ 0.731332    0.49376556 -0.05123982]
  [ 0.7685973   0.43320942 -0.06055615]
  [ 0.7918882   0.36333695 -0.06521432]]

 [[ 0.5310309   0.83846986  0.        ]
  [ 0.62885237  0.7499647  -0.02794899]
  [ 0.6661177   0.6148779  -0.04192349]
  [ 0.6474851   0.49842376 -0.06055615]
  [ 0.6428269   0.40060228 -0.07918882]
  [ 0.5403472   0.47979107 -0.01863266]
  [ 0.55897987  0.35867876 -0.03726533]
  [ 0.5636381   0.27948993 -0.04658166]
  [ 0.55897987  0.21427563 -0.05589799]
  [ 0.45650026  0.49376556 -0.01863266]
  [ 0.4471839   0.36333695 -0.03260716]
  [ 0.41923493  0.28880626 -0.04658166]
  [ 0.38662776  0.21427563 -0.06055615]
  [ 0.3959441   0.52637273 -0.02329083]
  [ 0.36333695  0.4052604  -0.04192349]
  [ 0.33538795  0.3120971  -0.06055615]
  [ 0.30278078  0.23290828 -0.06987248]
  [ 0.33072975  0.59158707 -0.03260716]
  [ 0.26085728  0.5030819  -0.04658166]
  [ 0.22359195  0.44252577 -0.05589799]
  [ 0.18632664  0.37265328 -0.06521432]]]
flags: [[0.07822034]
 [0.9699322 ]]
normalized_landmarks: [[[ 0.49376556  0.8803933   0.        ]
  [ 0.39128593  0.8105208  -0.04192349]
  [ 0.33538795  0.67543405 -0.06521432]
  [ 0.33538795  0.56829625 -0.08850515]
  [ 0.33072975  0.47047475 -0.11179598]
  [ 0.45184207  0.53568906 -0.03260716]
  [ 0.43786758  0.40991858 -0.05589799]
  [ 0.42855126  0.34936243 -0.07453065]
  [ 0.41923493  0.30743894 -0.08850515]
  [ 0.53568906  0.53568906 -0.02794899]
  [ 0.5496636   0.39128593 -0.04658166]
  [ 0.55897987  0.3260716  -0.06521432]
  [ 0.56829625  0.27948993 -0.08384699]
  [ 0.6148779   0.55897987 -0.03260716]
  [ 0.63351053  0.41923493 -0.04658166]
  [ 0.6661177   0.34936243 -0.06987248]
  [ 0.6800922   0.2981226  -0.08384699]
  [ 0.6800922   0.6009034  -0.03726533]
  [ 0.72201574  0.5030819  -0.05589799]
  [ 0.75928104  0.4471839  -0.06521432]
  [ 0.78257185  0.3819696  -0.07453065]]

 [[ 0.49376556  0.8571025   0.        ]
  [ 0.5962452   0.7732555  -0.02794899]
  [ 0.6428269   0.63816875 -0.03726533]
  [ 0.63351053  0.5170564  -0.05589799]
  [ 0.63351053  0.42389306 -0.06987248]
  [ 0.53568906  0.5030819  -0.01863266]
  [ 0.56829625  0.37731144 -0.03260716]
  [ 0.5822707   0.30743894 -0.04192349]
  [ 0.5869289   0.24222462 -0.05123982]
  [ 0.45184207  0.5077401  -0.01863266]
  [ 0.45650026  0.36799508 -0.03260716]
  [ 0.44252577  0.28880626 -0.04192349]
  [ 0.41457677  0.21893379 -0.05589799]
  [ 0.38662776  0.53568906 -0.02329083]
  [ 0.36333695  0.40060228 -0.03726533]
  [ 0.34470424  0.30278078 -0.05589799]
  [ 0.31675526  0.21893379 -0.06521432]
  [ 0.31675526  0.5962452  -0.03260716]
  [ 0.25154096  0.49376556 -0.04658166]
  [ 0.21427563  0.43320942 -0.05589799]
  [ 0.1770103   0.35867876 -0.06055615]]]
flags: [[0.9660212 ]
 [0.08604237]]
normalized_landmarks: [[[ 0.47047475  0.8477861   0.        ]
  [ 0.5776125   0.75928104 -0.02329083]
  [ 0.6241942   0.63351053 -0.03726533]
  [ 0.61953604  0.5170564  -0.05123982]
  [ 0.62885237  0.42855126 -0.06521432]
  [ 0.52637273  0.49376556 -0.00931633]
  [ 0.5636381   0.37265328 -0.02329083]
  [ 0.5869289   0.3120971  -0.03260716]
  [ 0.6009034   0.25154096 -0.03726533]
  [ 0.4471839   0.49376556 -0.0139745 ]
  [ 0.45650026  0.36333695 -0.02329083]
  [ 0.4471839   0.29346445 -0.03260716]
  [ 0.43320942  0.22825013 -0.04192349]
  [ 0.3819696   0.52171457 -0.01863266]
  [ 0.35867876  0.39128593 -0.03260716]
  [ 0.34470424  0.30278078 -0.04658166]
  [ 0.3260716   0.22359195 -0.05589799]
  [ 0.30743894  0.5776125  -0.02794899]
  [ 0.24688278  0.47979107 -0.03726533]
  [ 0.20961747  0.41923493 -0.04658166]
  [ 0.1770103   0.3540206  -0.05123982]]

 [[ 0.48444924  0.87573516  0.        ]
  [ 0.3819696   0.8058627  -0.04192349]
  [ 0.33072975  0.6707759  -0.06055615]
  [ 0.33072975  0.55897987 -0.08384699]
  [ 0.3260716   0.46581656 -0.11179598]
  [ 0.45650026  0.5310309  -0.03260716]
  [ 0.43786758  0.40060228 -0.05589799]
  [ 0.43320942  0.34470424 -0.07453065]
  [ 0.42855126  0.30743894 -0.08384699]
  [ 0.5403472   0.5310309  -0.02794899]
  [ 0.5496636   0.39128593 -0.04658166]
  [ 0.5636381   0.3260716  -0.06521432]
  [ 0.57295436  0.28880626 -0.07918882]
  [ 0.61953604  0.55897987 -0.03260716]
  [ 0.63816875  0.41923493 -0.04658166]
  [ 0.6707759   0.3540206  -0.06521432]
  [ 0.6894085   0.30743894 -0.07918882]
  [ 0.6847504   0.6009034  -0.03726533]
  [ 0.731332    0.5030819  -0.05123982]
  [ 0.7732555   0.44252577 -0.06521432]
  [ 0.80120456  0.37731144 -0.06987248]]]
flags: [[0.9699322 ]
 [0.07430932]]
normalized_landmarks: [[[ 0.49376556  0.843128    0.        ]
  [ 0.6009034   0.75928104 -0.02329083]
  [ 0.6474851   0.63351053 -0.03726533]
  [ 0.63816875  0.51239824 -0.05123982]
  [ 0.6428269   0.42389306 -0.06521432]
  [ 0.5403472   0.49842376 -0.01863266]
  [ 0.57295436  0.3819696  -0.03260716]
  [ 0.59158707  0.3120971  -0.04658166]
  [ 0.5962452   0.25154096 -0.05123982]
  [ 0.46115842  0.5030819  -0.01863266]
  [ 0.46115842  0.36333695 -0.03726533]
  [ 0.44252577  0.28880626 -0.04658166]
  [ 0.41457677  0.22359195 -0.05589799]
  [ 0.3959441   0.5310309  -0.02794899]
  [ 0.36799508  0.40060228 -0.04658166]
  [ 0.34936243  0.3120971  -0.06055615]
  [ 0.32141346  0.23290828 -0.06987248]
  [ 0.3260716   0.59158707 -0.03260716]
  [ 0.25619912  0.49842376 -0.05123982]
  [ 0.21893379  0.43786758 -0.06055615]
  [ 0.18632664  0.37265328 -0.06521432]]

 [[ 0.46581656  0.8803933   0.        ]
  [ 0.36333695  0.8058627  -0.03726533]
  [ 0.31675526  0.6661177  -0.05589799]
  [ 0.3260716   0.55897987 -0.08384699]
  [ 0.32141346  0.46115842 -0.10247964]
  [ 0.44252577  0.53568906 -0.02794899]
  [ 0.42855126  0.40991858 -0.05589799]
  [ 0.42389306  0.3540206  -0.07453065]
  [ 0.41923493  0.3120971  -0.08384699]
  [ 0.5310309   0.5403472  -0.02794899]
  [ 0.5450054   0.40060228 -0.04658166]
  [ 0.5543217   0.34936243 -0.06521432]
  [ 0.55897987  0.31675526 -0.08384699]
  [ 0.60556155  0.56829625 -0.03260716]
  [ 0.62885237  0.43320942 -0.05123982]
  [ 0.65680134  0.37731144 -0.06987248]
  [ 0.6707759   0.3400461  -0.07918882]
  [ 0.6707759   0.6148779  -0.03726533]
  [ 0.7266739   0.52171457 -0.05589799]
  [ 0.7639392   0.46581656 -0.06521432]
  [ 0.7918882   0.3959441  -0.07453065]]]
flags: [[0.9699322 ]
 [0.10168644]]
normalized_landmarks: [[[ 0.46581656  0.83846986  0.        ]
  [ 0.5776125   0.7546229  -0.03260716]
  [ 0.63351053  0.62885237 -0.04658166]
  [ 0.63351053  0.5077401  -0.06521432]
  [ 0.6428269   0.41457677 -0.07918882]
  [ 0.5310309   0.4891074  -0.02329083]
  [ 0.57295436  0.36799508 -0.03726533]
  [ 0.59158707  0.2981226  -0.05123982]
  [ 0.60556155  0.23290828 -0.06055615]
  [ 0.45184207  0.4891074  -0.02329083]
  [ 0.46115842  0.35867876 -0.03726533]
  [ 0.45184207  0.28880626 -0.04658166]
  [ 0.43786758  0.21893379 -0.06055615]
  [ 0.38662776  0.5170564  -0.02794899]
  [ 0.36333695  0.39128593 -0.04192349]
  [ 0.34936243  0.30278078 -0.06055615]
  [ 0.33072975  0.21893379 -0.07453065]
  [ 0.3120971   0.5776125  -0.03260716]
  [ 0.25154096  0.48444924 -0.04658166]
  [ 0.21893379  0.42389306 -0.06055615]
  [ 0.18632664  0.3540206  -0.06521432]]

 [[ 0.4751329   0.87573516  0.        ]
  [ 0.3819696   0.79654634 -0.03726533]
  [ 0.33538795  0.6614595  -0.05589799]
  [ 0.33538795  0.5543217  -0.07918882]
  [ 0.33538795  0.45650026 -0.10247964]
  [ 0.45650026  0.52637273 -0.02794899]
  [ 0.44252577  0.40060228 -0.04658166]
  [ 0.43320942  0.34470424 -0.06521432]
  [ 0.41923493  0.30278078 -0.07453065]
  [ 0.5403472   0.5310309  -0.02794899]
  [ 0.55897987  0.38662776 -0.04192349]
  [ 0.5636381   0.32141346 -0.05589799]
  [ 0.56829625  0.2748318  -0.07453065]
  [ 0.61953604  0.55897987 -0.02794899]
  [ 0.6428269   0.41923493 -0.04192349]
  [ 0.6707759   0.34936243 -0.06521432]
  [ 0.6847504   0.2981226  -0.07453065]
  [ 0.6800922   0.60556155 -0.03726533]
  [ 0.73599017  0.51239824 -0.05123982]
  [ 0.78257185  0.45184207 -0.06055615]
  [ 0.815179    0.3819696  -0.06987248]]]
flags: [[0.96211016]
 [0.06257627]]
normalized_landmarks: [[[ 0.5310309   0.83846986  0.        ]
  [ 0.6241942   0.7406483  -0.02794899]
  [ 0.6614595   0.5962452  -0.04192349]
  [ 0.6428269   0.4751329  -0.06055615]
  [ 0.6474851   0.37731144 -0.07453065]
  [ 0.53568906  0.47047475 -0.01863266]
  [ 0.5496636   0.3540206  -0.03260716]
  [ 0.5496636   0.2748318  -0.04658166]
  [ 0.5450054   0.20495929 -0.05589799]
  [ 0.45184207  0.4891074  -0.01863266]
  [ 0.44252577  0.36333695 -0.03260716]
  [ 0.41457677  0.28880626 -0.04192349]
  [ 0.37731144  0.21427563 -0.05589799]
  [ 0.39128593  0.5310309  -0.02329083]
  [ 0.3540206   0.4052604  -0.04192349]
  [ 0.3260716   0.3120971  -0.05589799]
  [ 0.28880626  0.22359195 -0.06521432]
  [ 0.3260716   0.6009034  -0.03260716]
  [ 0.24688278  0.51239824 -0.04658166]
  [ 0.20495929  0.45650026 -0.05589799]
  [ 0.1630358   0.3959441  -0.06055615]]

 [[ 0.47047475  0.86641884  0.        ]
  [ 0.37265328  0.78723    -0.04192349]
  [ 0.31675526  0.6428269  -0.06055615]
  [ 0.3260716   0.5310309  -0.08384699]
  [ 0.32141346  0.42855126 -0.10713781]
  [ 0.4471839   0.49842376 -0.02794899]
  [ 0.42389306  0.37731144 -0.05123982]
  [ 0.40991858  0.3120971  -0.06987248]
  [ 0.3959441   0.26085728 -0.08384699]
  [ 0.5403472   0.5030819  -0.02794899]
  [ 0.5496636   0.36333695 -0.04192349]
  [ 0.55897987  0.30278078 -0.06055615]
  [ 0.55897987  0.26085728 -0.07453065]
  [ 0.61953604  0.53568906 -0.03260716]
  [ 0.6428269   0.40060228 -0.04192349]
  [ 0.6800922   0.33538795 -0.06521432]
  [ 0.69872487  0.27948993 -0.07453065]
  [ 0.6800922   0.5869289  -0.04192349]
  [ 0.7406483   0.49376556 -0.05589799]
  [ 0.7918882   0.43786758 -0.06055615]
  [ 0.82915354  0.36333695 -0.06987248]]]
flags: [[0.9660212 ]
 [0.06257627]]
normalized_landmarks: [[[ 0.52171457  0.83846986  0.        ]
  [ 0.6241942   0.7499647  -0.03260716]
  [ 0.6614595   0.6102198  -0.04658166]
  [ 0.6474851   0.48444924 -0.06521432]
  [ 0.6521432   0.38662776 -0.08850515]
  [ 0.5403472   0.46581656 -0.02794899]
  [ 0.56829625  0.3400461  -0.04658166]
  [ 0.5869289   0.25154096 -0.06055615]
  [ 0.5962452   0.17235212 -0.07453065]
  [ 0.45650026  0.47979107 -0.02794899]
  [ 0.45650026  0.3400461  -0.04658166]
  [ 0.43786758  0.25619912 -0.06055615]
  [ 0.41923493  0.16769397 -0.07453065]
  [ 0.3959441   0.52171457 -0.03260716]
  [ 0.35867876  0.39128593 -0.05589799]
  [ 0.33538795  0.28880626 -0.07453065]
  [ 0.30278078  0.1909848  -0.08850515]
  [ 0.3260716   0.5962452  -0.04192349]
  [ 0.25154096  0.49842376 -0.06055615]
  [ 0.20961747  0.44252577 -0.07453065]
  [ 0.16769397  0.36799508 -0.08384699]]

 [[ 0.4751329   0.86641884  0.        ]
  [ 0.3819696   0.7918882  -0.03726533]
  [ 0.33072975  0.65680134 -0.05589799]
  [ 0.33538795  0.5496636  -0.07918882]
  [ 0.33072975  0.45650026 -0.10247964]
  [ 0.4471839   0.5170564  -0.02794899]
  [ 0.42855126  0.39128593 -0.05123982]
  [ 0.41923493  0.33072975 -0.06987248]
  [ 0.4052604   0.27948993 -0.08384699]
  [ 0.5310309   0.52171457 -0.02794899]
  [ 0.5496636   0.37731144 -0.04658166]
  [ 0.5496636   0.31675526 -0.06521432]
  [ 0.5543217   0.2701736  -0.07918882]
  [ 0.60556155  0.5496636  -0.03260716]
  [ 0.63351053  0.41457677 -0.05123982]
  [ 0.6614595   0.3540206  -0.06987248]
  [ 0.6707759   0.2981226  -0.07918882]
  [ 0.6661177   0.5962452  -0.04192349]
  [ 0.7266739   0.5077401  -0.06055615]
  [ 0.7732555   0.4471839  -0.06987248]
  [ 0.8058627   0.37265328 -0.07918882]]]
flags: [[0.9660212 ]
 [0.05475424]]
normalized_landmarks: [[[ 0.5403472   0.843128    0.        ]
  [ 0.6428269   0.7546229  -0.02794899]
  [ 0.67543405  0.6102198  -0.04658166]
  [ 0.6614595   0.48444924 -0.06521432]
  [ 0.6614595   0.38662776 -0.08384699]
  [ 0.5450054   0.47047475 -0.02794899]
  [ 0.57295436  0.3400461  -0.05123982]
  [ 0.5869289   0.24688278 -0.06521432]
  [ 0.59158707  0.1630358  -0.07918882]
  [ 0.46581656  0.48444924 -0.03260716]
  [ 0.45650026  0.3400461  -0.05123982]
  [ 0.43320942  0.25154096 -0.06987248]
  [ 0.40060228  0.15837763 -0.08384699]
  [ 0.4052604   0.5310309  -0.03726533]
  [ 0.36333695  0.3959441  -0.06521432]
  [ 0.3260716   0.28880626 -0.08384699]
  [ 0.28880626  0.19564296 -0.09782148]
  [ 0.33538795  0.6102198  -0.04658166]
  [ 0.26085728  0.51239824 -0.06987248]
  [ 0.21427563  0.45650026 -0.08384699]
  [ 0.16769397  0.3819696  -0.09316332]]

 [[ 0.45184207  0.8571025   0.        ]
  [ 0.3540206   0.7685973  -0.03260716]
  [ 0.30743894  0.62885237 -0.04658166]
  [ 0.31675526  0.52171457 -0.06521432]
  [ 0.30743894  0.41923493 -0.08850515]
  [ 0.43320942  0.49842376 -0.02329083]
  [ 0.42389306  0.36799508 -0.04192349]
  [ 0.41923493  0.30278078 -0.05589799]
  [ 0.40991858  0.24688278 -0.06521432]
  [ 0.52637273  0.5077401  -0.02329083]
  [ 0.5450054   0.36333695 -0.03726533]
  [ 0.5496636   0.30743894 -0.04658166]
  [ 0.5496636   0.2701736  -0.06055615]
  [ 0.60556155  0.5403472  -0.02794899]
  [ 0.63816875  0.3959441  -0.04192349]
  [ 0.65680134  0.33538795 -0.05589799]
  [ 0.6614595   0.28414813 -0.06521432]
  [ 0.6707759   0.5962452  -0.03726533]
  [ 0.73599017  0.5077401  -0.05123982]
  [ 0.78257185  0.4471839  -0.06055615]
  [ 0.8105208   0.37265328 -0.06521432]]]
flags: [[0.09386441]
 [0.9464661 ]]
normalized_landmarks: [[[ 0.46581656  0.8524443   0.        ]
  [ 0.36799508  0.7685973  -0.03260716]
  [ 0.31675526  0.63351053 -0.05123982]
  [ 0.3260716   0.52171457 -0.06987248]
  [ 0.31675526  0.41923493 -0.08850515]
  [ 0.44252577  0.49376556 -0.02794899]
  [ 0.42855126  0.36799508 -0.05123982]
  [ 0.42855126  0.2981226  -0.06521432]
  [ 0.41923493  0.24222462 -0.07453065]
  [ 0.5310309   0.5030819  -0.02794899]
  [ 0.5496636   0.35867876 -0.04658166]
  [ 0.55897987  0.2981226  -0.06055615]
  [ 0.55897987  0.25154096 -0.07453065]
  [ 0.6148779   0.53568906 -0.03260716]
  [ 0.6428269   0.38662776 -0.05123982]
  [ 0.6707759   0.31675526 -0.06987248]
  [ 0.6847504   0.26085728 -0.07918882]
  [ 0.6800922   0.5869289  -0.04192349]
  [ 0.74530655  0.49376556 -0.05589799]
  [ 0.7918882   0.42855126 -0.06987248]
  [ 0.8244953   0.3540206  -0.07453065]]

 [[ 0.5310309   0.8477861   0.        ]
  [ 0.63351053  0.75928104 -0.02794899]
  [ 0.6707759   0.6148779  -0.04192349]
  [ 0.6521432   0.48444924 -0.06055615]
  [ 0.65680134  0.39128593 -0.07918882]
  [ 0.5403472   0.47047475 -0.03260716]
  [ 0.57295436  0.33538795 -0.05123982]
  [ 0.5869289   0.24222462 -0.06521432]
  [ 0.5962452   0.15371947 -0.07918882]
  [ 0.45650026  0.48444924 -0.03726533]
  [ 0.45184207  0.33538795 -0.05589799]
  [ 0.42855126  0.24222462 -0.06987248]
  [ 0.40060228  0.1490613  -0.08384699]
  [ 0.39128593  0.5310309  -0.03726533]
  [ 0.3540206   0.38662776 -0.06521432]
  [ 0.32141346  0.27948993 -0.08384699]
  [ 0.28414813  0.1770103  -0.09782148]
  [ 0.3260716   0.6102198  -0.04658166]
  [ 0.24688278  0.5077401  -0.06521432]
  [ 0.20030114  0.4471839  -0.08384699]
  [ 0.15837763  0.37265328 -0.08850515]]]
flags: [[0.94255507]
 [0.10950848]]
normalized_landmarks: [[[ 0.52171457  0.83846986  0.        ]
  [ 0.6241942   0.7499647  -0.03260716]
  [ 0.6661177   0.61953604 -0.04658166]
  [ 0.6521432   0.49376556 -0.06987248]
  [ 0.65680134  0.3959441  -0.08850515]
  [ 0.5403472   0.47047475 -0.03726533]
  [ 0.57295436  0.3260716  -0.06055615]
  [ 0.5869289   0.23290828 -0.07453065]
  [ 0.5962452   0.13974497 -0.08850515]
  [ 0.45184207  0.48444924 -0.04192349]
  [ 0.45184207  0.33072975 -0.06055615]
  [ 0.43786758  0.23290828 -0.07453065]
  [ 0.41923493  0.13974497 -0.09316332]
  [ 0.39128593  0.52637273 -0.04658166]
  [ 0.34936243  0.3819696  -0.06987248]
  [ 0.31675526  0.2701736  -0.09316332]
  [ 0.27948993  0.1630358  -0.10713781]
  [ 0.32141346  0.60556155 -0.05123982]
  [ 0.24222462  0.5030819  -0.07453065]
  [ 0.19564296  0.44252577 -0.08850515]
  [ 0.15371947  0.36799508 -0.09782148]]

 [[ 0.44252577  0.8571025   0.        ]
  [ 0.34936243  0.7732555  -0.03726533]
  [ 0.30278078  0.62885237 -0.05123982]
  [ 0.31675526  0.51239824 -0.06987248]
  [ 0.3120971   0.40991858 -0.09316332]
  [ 0.43320942  0.5030819  -0.03260716]
  [ 0.42855126  0.36799508 -0.05589799]
  [ 0.42855126  0.28880626 -0.07453065]
  [ 0.42389306  0.21427563 -0.08384699]
  [ 0.52637273  0.51239824 -0.03260716]
  [ 0.5496636   0.36799508 -0.05123982]
  [ 0.5636381   0.2981226  -0.06521432]
  [ 0.56829625  0.23756646 -0.07918882]
  [ 0.6102198   0.5496636  -0.03726533]
  [ 0.6428269   0.40060228 -0.05589799]
  [ 0.67543405  0.32141346 -0.07453065]
  [ 0.6894085   0.25619912 -0.08384699]
  [ 0.6707759   0.60556155 -0.04192349]
  [ 0.74530655  0.51239824 -0.06055615]
  [ 0.7918882   0.4471839  -0.06987248]
  [ 0.8244953   0.37265328 -0.07918882]]]
flags: [[0.8760678 ]
 [0.06257627]]
normalized_landmarks: [[[ 0.56829625  0.82915354  0.        ]
  [ 0.6614595   0.731332   -0.02794899]
  [ 0.6894085   0.60556155 -0.04192349]
  [ 0.6614595   0.4891074  -0.06521432]
  [ 0.6521432   0.3959441  -0.08384699]
  [ 0.5543217   0.46581656 -0.05589799]
  [ 0.57295436  0.31675526 -0.07918882]
  [ 0.5776125   0.21893379 -0.09316332]
  [ 0.5822707   0.12577048 -0.10713781]
  [ 0.4751329   0.49376556 -0.05589799]
  [ 0.43786758  0.3260716  -0.08384699]
  [ 0.39128593  0.22359195 -0.09782148]
  [ 0.34936243  0.13042864 -0.11645414]
  [ 0.41923493  0.5543217  -0.06055615]
  [ 0.34936243  0.41457677 -0.09316332]
  [ 0.28880626  0.30743894 -0.11179598]
  [ 0.23290828  0.21427563 -0.12111231]
  [ 0.36333695  0.6428269  -0.06521432]
  [ 0.26551545  0.55897987 -0.08850515]
  [ 0.20495929  0.5077401  -0.10713781]
  [ 0.14440313  0.44252577 -0.11179598]]

 [[ 0.38662776  0.86641884  0.        ]
  [ 0.30278078  0.7639392  -0.04658166]
  [ 0.2701736   0.61953604 -0.06987248]
  [ 0.28880626  0.5030819  -0.09782148]
  [ 0.29346445  0.40060228 -0.12577048]
  [ 0.41457677  0.4891074  -0.05589799]
  [ 0.42855126  0.3260716  -0.08384699]
  [ 0.44252577  0.21893379 -0.10247964]
  [ 0.45184207  0.12577048 -0.12111231]
  [ 0.52171457  0.5170564  -0.05589799]
  [ 0.55897987  0.34470424 -0.07453065]
  [ 0.5869289   0.25619912 -0.09316332]
  [ 0.6148779   0.18166848 -0.11179598]
  [ 0.60556155  0.56829625 -0.05123982]
  [ 0.65680134  0.4052604  -0.06987248]
  [ 0.69872487  0.30743894 -0.09316332]
  [ 0.731332    0.22359195 -0.10713781]
  [ 0.6661177   0.6428269  -0.05589799]
  [ 0.75928104  0.5403472  -0.07453065]
  [ 0.81983715  0.46581656 -0.08850515]
  [ 0.86641884  0.38662776 -0.09782148]]]
flags: [[0.8760678 ]
 [0.05866525]]
normalized_landmarks: [[[ 0.5822707   0.815179    0.        ]
  [ 0.6800922   0.7173575  -0.02794899]
  [ 0.703383    0.5962452  -0.04658166]
  [ 0.67543405  0.4751329  -0.06987248]
  [ 0.6661177   0.3819696  -0.09316332]
  [ 0.56829625  0.45184207 -0.05589799]
  [ 0.5822707   0.30743894 -0.08384699]
  [ 0.5869289   0.20495929 -0.10713781]
  [ 0.59158707  0.10713781 -0.12111231]
  [ 0.4891074   0.48444924 -0.06521432]
  [ 0.4471839   0.30743894 -0.09316332]
  [ 0.40060228  0.20495929 -0.11645414]
  [ 0.3540206   0.10713781 -0.1350868 ]
  [ 0.42855126  0.5403472  -0.06987248]
  [ 0.35867876  0.3959441  -0.10713781]
  [ 0.30278078  0.28414813 -0.13042864]
  [ 0.24688278  0.18166848 -0.14440313]
  [ 0.36799508  0.63816875 -0.07453065]
  [ 0.2701736   0.5403472  -0.10713781]
  [ 0.20961747  0.48444924 -0.12577048]
  [ 0.1490613   0.42389306 -0.13974497]]

 [[ 0.3819696   0.8803933   0.        ]
  [ 0.28880626  0.78723    -0.04658166]
  [ 0.24688278  0.63351053 -0.07453065]
  [ 0.26085728  0.5170564  -0.10247964]
  [ 0.26085728  0.40991858 -0.1350868 ]
  [ 0.40060228  0.51239824 -0.06987248]
  [ 0.40991858  0.3260716  -0.10247964]
  [ 0.41923493  0.21427563 -0.12577048]
  [ 0.43320942  0.10713781 -0.14440313]
  [ 0.5077401   0.53568906 -0.06521432]
  [ 0.5496636   0.34470424 -0.09316332]
  [ 0.5822707   0.24222462 -0.11645414]
  [ 0.6102198   0.15837763 -0.13974497]
  [ 0.6009034   0.59158707 -0.06521432]
  [ 0.6521432   0.4052604  -0.08850515]
  [ 0.6940667   0.2981226  -0.11645414]
  [ 0.7266739   0.20495929 -0.13042864]
  [ 0.6614595   0.6661177  -0.06521432]
  [ 0.75928104  0.5450054  -0.08850515]
  [ 0.81983715  0.46581656 -0.10713781]
  [ 0.871077    0.3819696  -0.11645414]]]
flags: [[0.930822  ]
 [0.06257627]]
normalized_landmarks: [[[ 0.5776125   0.8105208   0.        ]
  [ 0.67543405  0.7173575  -0.03726533]
  [ 0.7080412   0.6009034  -0.06055615]
  [ 0.6800922   0.48444924 -0.08850515]
  [ 0.6707759   0.39128593 -0.11645414]
  [ 0.57295436  0.46115842 -0.06987248]
  [ 0.59158707  0.31675526 -0.10713781]
  [ 0.59158707  0.20961747 -0.13042864]
  [ 0.59158707  0.11179598 -0.1490613 ]
  [ 0.4891074   0.4891074  -0.07918882]
  [ 0.45184207  0.31675526 -0.11645414]
  [ 0.40060228  0.20495929 -0.13974497]
  [ 0.3540206   0.10247964 -0.16769397]
  [ 0.42855126  0.5450054  -0.08384699]
  [ 0.36333695  0.4052604  -0.12577048]
  [ 0.3120971   0.28880626 -0.15837763]
  [ 0.26085728  0.18632664 -0.1770103 ]
  [ 0.36333695  0.63816875 -0.08850515]
  [ 0.2701736   0.5450054  -0.13042864]
  [ 0.20961747  0.4891074  -0.15371947]
  [ 0.15837763  0.42389306 -0.16769397]]

 [[ 0.41457677  0.87573516  0.        ]
  [ 0.31675526  0.7918882  -0.04658166]
  [ 0.25619912  0.6474851  -0.07453065]
  [ 0.25619912  0.5310309  -0.10247964]
  [ 0.23756646  0.42389306 -0.13042864]
  [ 0.40060228  0.5170564  -0.07453065]
  [ 0.3959441   0.3260716  -0.11179598]
  [ 0.40060228  0.20495929 -0.13042864]
  [ 0.4052604   0.09316332 -0.1490613 ]
  [ 0.51239824  0.53568906 -0.07453065]
  [ 0.5403472   0.3400461  -0.10247964]
  [ 0.56829625  0.22825013 -0.12577048]
  [ 0.5962452   0.1350868  -0.1490613 ]
  [ 0.6009034   0.5869289  -0.07453065]
  [ 0.6428269   0.39128593 -0.09782148]
  [ 0.6800922   0.27948993 -0.12577048]
  [ 0.7080412   0.18166848 -0.14440313]
  [ 0.6707759   0.6521432  -0.07453065]
  [ 0.75928104  0.52637273 -0.09782148]
  [ 0.815179    0.4471839  -0.11645414]
  [ 0.8617607   0.36799508 -0.13042864]]]
flags: [[0.87997884]
 [0.03911017]]
normalized_landmarks: [[[ 0.5450054   0.8105208   0.        ]
  [ 0.6521432   0.7266739  -0.04192349]
  [ 0.69872487  0.61953604 -0.06521432]
  [ 0.6847504   0.5030819  -0.09316332]
  [ 0.67543405  0.40991858 -0.12111231]
  [ 0.57295436  0.48444924 -0.08384699]
  [ 0.5962452   0.33538795 -0.11645414]
  [ 0.5962452   0.22825013 -0.13974497]
  [ 0.5962452   0.13042864 -0.15837763]
  [ 0.48444924  0.5077401  -0.08384699]
  [ 0.45650026  0.33072975 -0.12111231]
  [ 0.41923493  0.21427563 -0.1490613 ]
  [ 0.3819696   0.11179598 -0.16769397]
  [ 0.41923493  0.5543217  -0.08850515]
  [ 0.36333695  0.40991858 -0.12577048]
  [ 0.3120971   0.29346445 -0.15837763]
  [ 0.2701736   0.18166848 -0.1770103 ]
  [ 0.3540206   0.63816875 -0.08850515]
  [ 0.26551545  0.5450054  -0.12577048]
  [ 0.20961747  0.4891074  -0.1490613 ]
  [ 0.1630358   0.42855126 -0.1630358 ]]

 [[ 0.41457677  0.8477861   0.        ]
  [ 0.31675526  0.7639392  -0.05589799]
  [ 0.25619912  0.6241942  -0.08850515]
  [ 0.25154096  0.5077401  -0.12111231]
  [ 0.23756646  0.3959441  -0.15371947]
  [ 0.3959441   0.5030819  -0.09782148]
  [ 0.40060228  0.3120971  -0.13974497]
  [ 0.41923493  0.1909848  -0.16769397]
  [ 0.42855126  0.07918882 -0.1909848 ]
  [ 0.5030819   0.5310309  -0.09782148]
  [ 0.55897987  0.3260716  -0.13974497]
  [ 0.6009034   0.20030114 -0.16769397]
  [ 0.6428269   0.09782148 -0.19564296]
  [ 0.59158707  0.5869289  -0.09316332]
  [ 0.6521432   0.3959441  -0.13042864]
  [ 0.69872487  0.2748318  -0.1630358 ]
  [ 0.7406483   0.17235212 -0.18632664]
  [ 0.6521432   0.6661177  -0.09316332]
  [ 0.74530655  0.5403472  -0.13042864]
  [ 0.8058627   0.46581656 -0.1490613 ]
  [ 0.8524443   0.39128593 -0.16769397]]]
flags: [[0.8565127 ]
 [0.04693221]]
normalized_landmarks: [[[ 0.5496636   0.8105208   0.        ]
  [ 0.65680134  0.72201574 -0.03726533]
  [ 0.69872487  0.6148779  -0.06055615]
  [ 0.6847504   0.5030819  -0.08384699]
  [ 0.6707759   0.40991858 -0.11179598]
  [ 0.57295436  0.48444924 -0.07453065]
  [ 0.59158707  0.33538795 -0.10713781]
  [ 0.59158707  0.23290828 -0.13042864]
  [ 0.59158707  0.1350868  -0.1490613 ]
  [ 0.4891074   0.5077401  -0.07918882]
  [ 0.45650026  0.33538795 -0.11645414]
  [ 0.4052604   0.22359195 -0.13974497]
  [ 0.35867876  0.12577048 -0.15837763]
  [ 0.42855126  0.55897987 -0.08384699]
  [ 0.36333695  0.41923493 -0.12111231]
  [ 0.30743894  0.30743894 -0.1490613 ]
  [ 0.25619912  0.20495929 -0.16769397]
  [ 0.36799508  0.6428269  -0.08384699]
  [ 0.2701736   0.55897987 -0.12111231]
  [ 0.21427563  0.5077401  -0.13974497]
  [ 0.15837763  0.45184207 -0.15371947]]

 [[ 0.41923493  0.8477861   0.        ]
  [ 0.31675526  0.7639392  -0.05123982]
  [ 0.25154096  0.6241942  -0.08384699]
  [ 0.24688278  0.5077401  -0.11645414]
  [ 0.22359195  0.3959441  -0.15371947]
  [ 0.38662776  0.5030819  -0.10247964]
  [ 0.39128593  0.30743894 -0.14440313]
  [ 0.40991858  0.18632664 -0.17235212]
  [ 0.42389306  0.07453065 -0.19564296]
  [ 0.49842376  0.53568906 -0.09782148]
  [ 0.55897987  0.32141346 -0.13974497]
  [ 0.60556155  0.19564296 -0.17235212]
  [ 0.6521432   0.09316332 -0.19564296]
  [ 0.59158707  0.59158707 -0.09782148]
  [ 0.6521432   0.40060228 -0.1350868 ]
  [ 0.69872487  0.28414813 -0.16769397]
  [ 0.7406483   0.1770103  -0.18632664]
  [ 0.65680134  0.6707759  -0.09782148]
  [ 0.74530655  0.5496636  -0.1350868 ]
  [ 0.80120456  0.4751329  -0.15837763]
  [ 0.8477861   0.40060228 -0.16769397]]]
flags: [[0.8252246 ]
 [0.03911017]]
normalized_landmarks: [[[ 0.5496636   0.8105208   0.        ]
  [ 0.6521432   0.7266739  -0.03726533]
  [ 0.69872487  0.61953604 -0.06055615]
  [ 0.6847504   0.5030819  -0.08384699]
  [ 0.6661177   0.40991858 -0.10713781]
  [ 0.56829625  0.48444924 -0.07453065]
  [ 0.59158707  0.33538795 -0.10713781]
  [ 0.59158707  0.23290828 -0.13042864]
  [ 0.59158707  0.1350868  -0.14440313]
  [ 0.48444924  0.51239824 -0.07918882]
  [ 0.45650026  0.33538795 -0.11179598]
  [ 0.40991858  0.22359195 -0.1350868 ]
  [ 0.36333695  0.12111231 -0.15371947]
  [ 0.42389306  0.5636381  -0.07918882]
  [ 0.36333695  0.42389306 -0.11645414]
  [ 0.30743894  0.30743894 -0.14440313]
  [ 0.25619912  0.20495929 -0.1630358 ]
  [ 0.36333695  0.6474851  -0.08384699]
  [ 0.26551545  0.55897987 -0.11645414]
  [ 0.20961747  0.5030819  -0.1350868 ]
  [ 0.15837763  0.4471839  -0.1490613 ]]

 [[ 0.39128593  0.83846986  0.        ]
  [ 0.30278078  0.7406483  -0.04658166]
  [ 0.24222462  0.60556155 -0.07918882]
  [ 0.23756646  0.49376556 -0.11179598]
  [ 0.23290828  0.39128593 -0.1490613 ]
  [ 0.39128593  0.49376556 -0.09782148]
  [ 0.42389306  0.30743894 -0.13974497]
  [ 0.45650026  0.19564296 -0.1630358 ]
  [ 0.4891074   0.09316332 -0.18166848]
  [ 0.48444924  0.53568906 -0.09782148]
  [ 0.5822707   0.34936243 -0.1350868 ]
  [ 0.6521432   0.23756646 -0.15837763]
  [ 0.72201574  0.1490613  -0.18166848]
  [ 0.55897987  0.6102198  -0.10247964]
  [ 0.6521432   0.45184207 -0.13042864]
  [ 0.7173575   0.34470424 -0.15371947]
  [ 0.78257185  0.25154096 -0.16769397]
  [ 0.6102198   0.69872487 -0.10247964]
  [ 0.7266739   0.6102198  -0.1350868 ]
  [ 0.7918882   0.5496636  -0.15371947]
  [ 0.843128    0.48444924 -0.1630358 ]]]
flags: [[0.6726949]]
normalized_landmarks: [[[ 0.5403472   0.8105208   0.        ]
  [ 0.6614595   0.71269935 -0.03260716]
  [ 0.7080412   0.60556155 -0.05589799]
  [ 0.6894085   0.49842376 -0.07918882]
  [ 0.6800922   0.40060228 -0.10247964]
  [ 0.5869289   0.49376556 -0.08384699]
  [ 0.5962452   0.34470424 -0.11645414]
  [ 0.5869289   0.23756646 -0.1350868 ]
  [ 0.5776125   0.13974497 -0.15371947]
  [ 0.49376556  0.52637273 -0.08384699]
  [ 0.4471839   0.34936243 -0.12111231]
  [ 0.39128593  0.23290828 -0.13974497]
  [ 0.33538795  0.13974497 -0.1630358 ]
  [ 0.42855126  0.5822707  -0.08384699]
  [ 0.3540206   0.4471839  -0.12111231]
  [ 0.28880626  0.3260716  -0.1490613 ]
  [ 0.23290828  0.22359195 -0.1630358 ]
  [ 0.37265328  0.6614595  -0.08384699]
  [ 0.2701736   0.5869289  -0.11645414]
  [ 0.21893379  0.5450054  -0.1350868 ]
  [ 0.16769397  0.4891074  -0.1490613 ]]]
flags: [[0.8134915 ]
 [0.37545764]]
normalized_landmarks: [[[ 0.5310309   0.82915354  0.        ]
  [ 0.6474851   0.7406483  -0.03726533]
  [ 0.6940667   0.63816875 -0.06055615]
  [ 0.6847504   0.5403472  -0.08850515]
  [ 0.6800922   0.4471839  -0.11645414]
  [ 0.5869289   0.51239824 -0.08384699]
  [ 0.6009034   0.36799508 -0.11645414]
  [ 0.6009034   0.26551545 -0.13974497]
  [ 0.5962452   0.17235212 -0.15837763]
  [ 0.49376556  0.5450054  -0.08850515]
  [ 0.45184207  0.37265328 -0.12577048]
  [ 0.40060228  0.26085728 -0.14440313]
  [ 0.34470424  0.16769397 -0.16769397]
  [ 0.42855126  0.6009034  -0.08850515]
  [ 0.3540206   0.46581656 -0.13042864]
  [ 0.2981226   0.34470424 -0.15837763]
  [ 0.24222462  0.23756646 -0.17235212]
  [ 0.36799508  0.6894085  -0.08850515]
  [ 0.2701736   0.6102198  -0.12577048]
  [ 0.20961747  0.55897987 -0.14440313]
  [ 0.15371947  0.5030819  -0.15837763]]

 [[ 0.33072975  0.82915354  0.        ]
  [ 0.25619912  0.6940667  -0.02329083]
  [ 0.21893379  0.55897987 -0.04658166]
  [ 0.24222462  0.4471839  -0.07453065]
  [ 0.26085728  0.34470424 -0.09316332]
  [ 0.36799508  0.49376556 -0.07453065]
  [ 0.4471839   0.3260716  -0.09782148]
  [ 0.49842376  0.22359195 -0.11645414]
  [ 0.5496636   0.12577048 -0.13042864]
  [ 0.46115842  0.5496636  -0.07453065]
  [ 0.5962452   0.39128593 -0.10247964]
  [ 0.6707759   0.2981226  -0.11179598]
  [ 0.7499647   0.22359195 -0.12577048]
  [ 0.53568906  0.63351053 -0.07918882]
  [ 0.65680134  0.51239824 -0.10247964]
  [ 0.72201574  0.40991858 -0.11179598]
  [ 0.78723     0.31675526 -0.12111231]
  [ 0.59158707  0.7173575  -0.07918882]
  [ 0.6940667   0.6474851  -0.10247964]
  [ 0.731332    0.5962452  -0.11179598]
  [ 0.7685973   0.5310309  -0.11645414]]]
flags: [[0.6531398]]
normalized_landmarks: [[[ 0.5496636   0.81983715  0.        ]
  [ 0.6521432   0.7173575  -0.02794899]
  [ 0.6894085   0.5962452  -0.04658166]
  [ 0.6847504   0.4891074  -0.06521432]
  [ 0.6800922   0.39128593 -0.08850515]
  [ 0.56829625  0.4891074  -0.06987248]
  [ 0.57295436  0.33538795 -0.09782148]
  [ 0.5636381   0.23756646 -0.11179598]
  [ 0.5543217   0.1490613  -0.12577048]
  [ 0.4751329   0.5310309  -0.07453065]
  [ 0.42389306  0.35867876 -0.10713781]
  [ 0.36799508  0.24688278 -0.12111231]
  [ 0.3120971   0.15837763 -0.13974497]
  [ 0.41457677  0.5962452  -0.07918882]
  [ 0.33538795  0.45650026 -0.11179598]
  [ 0.27948993  0.34470424 -0.1350868 ]
  [ 0.22359195  0.24222462 -0.1490613 ]
  [ 0.36333695  0.6894085  -0.07918882]
  [ 0.24688278  0.61953604 -0.10713781]
  [ 0.1909848   0.57295436 -0.12577048]
  [ 0.1350868   0.52171457 -0.1350868 ]]]
flags: [[0.7626483]]
normalized_landmarks: [[[ 0.5403472   0.8244953   0.        ]
  [ 0.63351053  0.731332   -0.02329083]
  [ 0.6800922   0.61953604 -0.04658166]
  [ 0.6800922   0.5170564  -0.06521432]
  [ 0.6847504   0.43320942 -0.08850515]
  [ 0.5636381   0.5077401  -0.06521432]
  [ 0.5822707   0.3540206  -0.09316332]
  [ 0.59158707  0.26085728 -0.11179598]
  [ 0.5962452   0.17235212 -0.12111231]
  [ 0.4751329   0.53568906 -0.07453065]
  [ 0.44252577  0.36333695 -0.10713781]
  [ 0.3959441   0.25154096 -0.12111231]
  [ 0.34470424  0.15837763 -0.13974497]
  [ 0.41923493  0.5962452  -0.07918882]
  [ 0.3540206   0.45650026 -0.11179598]
  [ 0.2981226   0.3400461  -0.13042864]
  [ 0.24688278  0.23756646 -0.14440313]
  [ 0.36333695  0.6800922  -0.08384699]
  [ 0.2701736   0.60556155 -0.11179598]
  [ 0.21893379  0.55897987 -0.13042864]
  [ 0.1770103   0.5030819  -0.13974497]]]
flags: [[0.71962714]]
normalized_landmarks: [[[ 0.5496636   0.82915354  0.        ]
  [ 0.6428269   0.7406483  -0.02794899]
  [ 0.6894085   0.63816875 -0.04658166]
  [ 0.6894085   0.5450054  -0.07453065]
  [ 0.703383    0.46115842 -0.09782148]
  [ 0.5822707   0.52637273 -0.06987248]
  [ 0.6102198   0.37731144 -0.09782148]
  [ 0.6148779   0.27948993 -0.11645414]
  [ 0.6148779   0.1909848  -0.13042864]
  [ 0.49376556  0.5543217  -0.07453065]
  [ 0.46581656  0.38662776 -0.10713781]
  [ 0.42389306  0.27948993 -0.12111231]
  [ 0.3819696   0.1909848  -0.13974497]
  [ 0.42855126  0.60556155 -0.07918882]
  [ 0.36799508  0.47979107 -0.11179598]
  [ 0.31675526  0.37265328 -0.13042864]
  [ 0.26551545  0.2748318  -0.13974497]
  [ 0.37265328  0.6894085  -0.08384699]
  [ 0.28880626  0.6009034  -0.11179598]
  [ 0.25154096  0.5543217  -0.12577048]
  [ 0.21893379  0.5030819  -0.13042864]]]
flags: [[0.8447797]]
normalized_landmarks: [[[ 0.52171457  0.8105208   0.        ]
  [ 0.6241942   0.7266739  -0.03260716]
  [ 0.6800922   0.6428269  -0.06055615]
  [ 0.6894085   0.55897987 -0.08850515]
  [ 0.7173575   0.47979107 -0.12111231]
  [ 0.5822707   0.52171457 -0.08384699]
  [ 0.6241942   0.37731144 -0.12111231]
  [ 0.6428269   0.27948993 -0.13974497]
  [ 0.65680134  0.1909848  -0.15837763]
  [ 0.49376556  0.5450054  -0.08850515]
  [ 0.4751329   0.37731144 -0.13042864]
  [ 0.44252577  0.2748318  -0.1490613 ]
  [ 0.40991858  0.18166848 -0.17235212]
  [ 0.42389306  0.59158707 -0.09316332]
  [ 0.36799508  0.47047475 -0.13042864]
  [ 0.3260716   0.35867876 -0.15371947]
  [ 0.28414813  0.25619912 -0.16769397]
  [ 0.36333695  0.6707759  -0.09782148]
  [ 0.27948993  0.5869289  -0.13042864]
  [ 0.24688278  0.5310309  -0.1490613 ]
  [ 0.21427563  0.47047475 -0.15837763]]]
flags: [[0.7626483]]
normalized_landmarks: [[[ 0.5543217   0.7685973   0.        ]
  [ 0.6614595   0.6707759  -0.02329083]
  [ 0.69872487  0.5496636  -0.04658166]
  [ 0.6894085   0.44252577 -0.07453065]
  [ 0.6800922   0.34936243 -0.10247964]
  [ 0.57295436  0.46115842 -0.08850515]
  [ 0.5543217   0.30743894 -0.12111231]
  [ 0.53568906  0.20495929 -0.13974497]
  [ 0.51239824  0.11179598 -0.15837763]
  [ 0.4891074   0.5077401  -0.09316332]
  [ 0.42389306  0.34936243 -0.13042864]
  [ 0.35867876  0.25154096 -0.1490613 ]
  [ 0.2981226   0.1770103  -0.16769397]
  [ 0.43320942  0.5776125  -0.09782148]
  [ 0.33072975  0.47047475 -0.13042864]
  [ 0.26551545  0.37265328 -0.1490613 ]
  [ 0.19564296  0.29346445 -0.1630358 ]
  [ 0.39128593  0.6707759  -0.09782148]
  [ 0.27948993  0.6148779  -0.12577048]
  [ 0.22359195  0.5776125  -0.13974497]
  [ 0.17235212  0.53568906 -0.1490613 ]]]
flags: [[0.73918223]]
normalized_landmarks: [[[ 0.52637273  0.7918882   0.        ]
  [ 0.6428269   0.69872487 -0.02794899]
  [ 0.6940667   0.60556155 -0.05589799]
  [ 0.6940667   0.5077401  -0.07918882]
  [ 0.703383    0.41923493 -0.10713781]
  [ 0.57295436  0.5077401  -0.08850515]
  [ 0.59158707  0.3540206  -0.12111231]
  [ 0.5869289   0.24688278 -0.13974497]
  [ 0.5822707   0.1490613  -0.15371947]
  [ 0.48444924  0.5496636  -0.09316332]
  [ 0.43320942  0.37265328 -0.13042864]
  [ 0.37731144  0.26085728 -0.1490613 ]
  [ 0.3260716   0.17235212 -0.16769397]
  [ 0.41457677  0.60556155 -0.09782148]
  [ 0.33072975  0.47979107 -0.13042864]
  [ 0.26085728  0.36799508 -0.1490613 ]
  [ 0.20030114  0.26551545 -0.1630358 ]
  [ 0.35867876  0.6894085  -0.09782148]
  [ 0.25154096  0.6148779  -0.13042864]
  [ 0.1909848   0.56829625 -0.14440313]
  [ 0.13974497  0.5170564  -0.15371947]]]
flags: [[0.8056695]]
normalized_landmarks: [[[ 0.48444924  0.8058627   0.        ]
  [ 0.5869289   0.7080412  -0.01863266]
  [ 0.63351053  0.60556155 -0.03260716]
  [ 0.6428269   0.5077401  -0.05123982]
  [ 0.65680134  0.41923493 -0.06987248]
  [ 0.52171457  0.5170564  -0.05589799]
  [ 0.53568906  0.36333695 -0.07918882]
  [ 0.53568906  0.2701736  -0.09316332]
  [ 0.5310309   0.18166848 -0.10247964]
  [ 0.44252577  0.5450054  -0.06521432]
  [ 0.40060228  0.37731144 -0.09316332]
  [ 0.36333695  0.2748318  -0.10247964]
  [ 0.32141346  0.19564296 -0.12111231]
  [ 0.3819696   0.5962452  -0.06987248]
  [ 0.2981226   0.47047475 -0.09782148]
  [ 0.23756646  0.36799508 -0.11179598]
  [ 0.18166848  0.27948993 -0.12111231]
  [ 0.33538795  0.6707759  -0.07453065]
  [ 0.23290828  0.60556155 -0.09782148]
  [ 0.1770103   0.5636381  -0.11179598]
  [ 0.13042864  0.51239824 -0.11645414]]]
flags: [[0.4145678]]
normalized_landmarks: [[[ 0.49842376  0.79654634  0.        ]
  [ 0.5962452   0.69872487 -0.0139745 ]
  [ 0.6474851   0.59158707 -0.02794899]
  [ 0.6521432   0.49376556 -0.04658166]
  [ 0.6521432   0.4052604  -0.06521432]
  [ 0.55897987  0.52637273 -0.06521432]
  [ 0.5496636   0.38662776 -0.08850515]
  [ 0.52171457  0.30278078 -0.10247964]
  [ 0.49842376  0.22825013 -0.11179598]
  [ 0.47979107  0.5636381  -0.07453065]
  [ 0.42855126  0.40991858 -0.10247964]
  [ 0.37265328  0.31675526 -0.10713781]
  [ 0.32141346  0.24222462 -0.12111231]
  [ 0.42389306  0.6148779  -0.07918882]
  [ 0.34936243  0.49376556 -0.10247964]
  [ 0.2981226   0.3959441  -0.11179598]
  [ 0.24688278  0.3120971  -0.12111231]
  [ 0.37731144  0.6847504  -0.07453065]
  [ 0.29346445  0.62885237 -0.09782148]
  [ 0.24688278  0.5962452  -0.10713781]
  [ 0.20030114  0.55897987 -0.11179598]]]
flags: [[0.35981357]]
normalized_landmarks: [[[ 0.5543217   0.78723     0.        ]
  [ 0.6521432   0.6894085  -0.01863266]
  [ 0.69872487  0.56829625 -0.03726533]
  [ 0.69872487  0.46581656 -0.05589799]
  [ 0.69872487  0.37265328 -0.08384699]
  [ 0.6148779   0.5077401  -0.08850515]
  [ 0.5962452   0.36333695 -0.12111231]
  [ 0.56829625  0.26085728 -0.13974497]
  [ 0.5403472   0.17235212 -0.15371947]
  [ 0.5310309   0.5543217  -0.09782148]
  [ 0.45650026  0.38662776 -0.1350868 ]
  [ 0.37731144  0.28414813 -0.1490613 ]
  [ 0.30278078  0.20495929 -0.16769397]
  [ 0.46581656  0.61953604 -0.10247964]
  [ 0.37731144  0.49376556 -0.13974497]
  [ 0.31675526  0.39128593 -0.15371947]
  [ 0.25154096  0.2981226  -0.1630358 ]
  [ 0.40991858  0.703383   -0.10247964]
  [ 0.30743894  0.65680134 -0.1350868 ]
  [ 0.25154096  0.6241942  -0.14440313]
  [ 0.19564296  0.5822707  -0.15371947]]]
flags: [[0.4145678]
 [0.6492288]]
normalized_landmarks: [[[ 0.5822707   0.78257185  0.        ]
  [ 0.67543405  0.6707759  -0.0139745 ]
  [ 0.7080412   0.5543217  -0.02794899]
  [ 0.703383    0.4471839  -0.04658166]
  [ 0.6894085   0.3540206  -0.06987248]
  [ 0.6148779   0.48444924 -0.07453065]
  [ 0.6009034   0.33538795 -0.10247964]
  [ 0.5869289   0.23290828 -0.12111231]
  [ 0.5776125   0.1490613  -0.1350868 ]
  [ 0.5310309   0.5310309  -0.08850515]
  [ 0.46581656  0.36799508 -0.12111231]
  [ 0.3959441   0.2701736  -0.1350868 ]
  [ 0.3260716   0.19564296 -0.15371947]
  [ 0.46581656  0.5962452  -0.09316332]
  [ 0.37731144  0.47047475 -0.13042864]
  [ 0.30743894  0.36799508 -0.1490613 ]
  [ 0.23290828  0.28414813 -0.15837763]
  [ 0.41457677  0.6847504  -0.09782148]
  [ 0.3120971   0.62885237 -0.12577048]
  [ 0.24688278  0.59158707 -0.13974497]
  [ 0.18166848  0.5450054  -0.1490613 ]]

 [[ 0.30743894  0.78723     0.        ]
  [ 0.25154096  0.6474851  -0.00931633]
  [ 0.21893379  0.5170564  -0.02794899]
  [ 0.21427563  0.41457677 -0.05123982]
  [ 0.21427563  0.3260716  -0.07453065]
  [ 0.27948993  0.5170564  -0.08384699]
  [ 0.3260716   0.36799508 -0.12111231]
  [ 0.37731144  0.28880626 -0.1350868 ]
  [ 0.42855126  0.20961747 -0.1490613 ]
  [ 0.34936243  0.5869289  -0.09782148]
  [ 0.46115842  0.45650026 -0.13042864]
  [ 0.5403472   0.36333695 -0.13974497]
  [ 0.60556155  0.28880626 -0.15837763]
  [ 0.41457677  0.6614595  -0.10713781]
  [ 0.51239824  0.55897987 -0.1350868 ]
  [ 0.5776125   0.45184207 -0.14440313]
  [ 0.6428269   0.3540206  -0.15371947]
  [ 0.46115842  0.7266739  -0.11179598]
  [ 0.5403472   0.6800922  -0.13974497]
  [ 0.5869289   0.61953604 -0.15371947]
  [ 0.62885237  0.5403472  -0.15371947]]]
flags: [[0.3207034]
 [0.7665593]]
normalized_landmarks: [[[ 0.56829625  0.7685973   0.        ]
  [ 0.6707759   0.6474851  -0.0139745 ]
  [ 0.7080412   0.51239824 -0.03726533]
  [ 0.7080412   0.3959441  -0.06055615]
  [ 0.69872487  0.30278078 -0.08850515]
  [ 0.6102198   0.47047475 -0.10247964]
  [ 0.5822707   0.3120971  -0.13974497]
  [ 0.5543217   0.20030114 -0.1630358 ]
  [ 0.52637273  0.09782148 -0.18166848]
  [ 0.52637273  0.53568906 -0.11179598]
  [ 0.42855126  0.35867876 -0.15837763]
  [ 0.3400461   0.25154096 -0.1770103 ]
  [ 0.24688278  0.16769397 -0.20030114]
  [ 0.46115842  0.6148779  -0.12111231]
  [ 0.33538795  0.48444924 -0.15837763]
  [ 0.26085728  0.37731144 -0.18166848]
  [ 0.18166848  0.28880626 -0.19564296]
  [ 0.4052604   0.7080412  -0.11645414]
  [ 0.28880626  0.6661177  -0.1490613 ]
  [ 0.22825013  0.63351053 -0.16769397]
  [ 0.15837763  0.5822707  -0.1770103 ]]

 [[ 0.3959441   0.731332    0.        ]
  [ 0.28880626  0.60556155 -0.02329083]
  [ 0.22825013  0.4751329  -0.04658166]
  [ 0.20495929  0.36333695 -0.06521432]
  [ 0.20030114  0.2701736  -0.08384699]
  [ 0.31675526  0.45184207 -0.08850515]
  [ 0.37731144  0.30278078 -0.11645414]
  [ 0.42855126  0.20495929 -0.13042864]
  [ 0.47979107  0.11645414 -0.13974497]
  [ 0.41923493  0.5170564  -0.08384699]
  [ 0.5636381   0.37265328 -0.10713781]
  [ 0.6241942   0.26551545 -0.11179598]
  [ 0.6707759   0.18632664 -0.12577048]
  [ 0.51239824  0.5636381  -0.07453065]
  [ 0.6148779   0.41923493 -0.08384699]
  [ 0.65680134  0.2981226  -0.09316332]
  [ 0.6847504   0.19564296 -0.09782148]
  [ 0.57295436  0.5869289  -0.06055615]
  [ 0.6428269   0.4751329  -0.06987248]
  [ 0.6800922   0.39128593 -0.07453065]
  [ 0.7173575   0.3120971  -0.07453065]]]
flags: [[0.29723728]
 [0.23075   ]]
normalized_landmarks: [[[ 0.5496636   0.80120456  0.        ]
  [ 0.6521432   0.6894085  -0.01863266]
  [ 0.69872487  0.5636381  -0.03726533]
  [ 0.7080412   0.45184207 -0.05123982]
  [ 0.703383    0.35867876 -0.07453065]
  [ 0.5869289   0.48444924 -0.07453065]
  [ 0.6009034   0.33072975 -0.10247964]
  [ 0.6009034   0.22359195 -0.11645414]
  [ 0.5962452   0.13042864 -0.12577048]
  [ 0.4891074   0.52637273 -0.08384699]
  [ 0.43786758  0.3540206  -0.11179598]
  [ 0.3819696   0.23756646 -0.12577048]
  [ 0.3260716   0.1490613  -0.14440313]
  [ 0.41457677  0.5869289  -0.08384699]
  [ 0.34470424  0.45184207 -0.11645414]
  [ 0.28880626  0.33538795 -0.1350868 ]
  [ 0.23290828  0.23290828 -0.14440313]
  [ 0.35867876  0.67543405 -0.08384699]
  [ 0.25154096  0.6102198  -0.10713781]
  [ 0.1909848   0.5636381  -0.12111231]
  [ 0.13042864  0.51239824 -0.13042864]]

 [[ 0.33538795  0.8244953   0.        ]
  [ 0.26551545  0.71269935 -0.03726533]
  [ 0.22359195  0.5869289  -0.06521432]
  [ 0.21893379  0.4891074  -0.08850515]
  [ 0.20961747  0.3959441  -0.11179598]
  [ 0.34470424  0.49376556 -0.06987248]
  [ 0.37265328  0.33538795 -0.09316332]
  [ 0.3959441   0.24222462 -0.10713781]
  [ 0.41457677  0.1490613  -0.12111231]
  [ 0.43786758  0.53568906 -0.06055615]
  [ 0.5077401   0.36333695 -0.08384699]
  [ 0.5543217   0.26085728 -0.10247964]
  [ 0.5962452   0.18166848 -0.11645414]
  [ 0.51239824  0.5869289  -0.05589799]
  [ 0.5822707   0.44252577 -0.07918882]
  [ 0.63351053  0.33538795 -0.09782148]
  [ 0.6847504   0.23756646 -0.10713781]
  [ 0.5543217   0.6521432  -0.05589799]
  [ 0.60556155  0.5403472  -0.06987248]
  [ 0.6241942   0.48444924 -0.08384699]
  [ 0.6474851   0.42855126 -0.08850515]]]
flags: [[0.12515254]
 [0.67660594]]
normalized_landmarks: [[[ 0.5543217   0.8058627   0.        ]
  [ 0.65680134  0.6894085  -0.00931633]
  [ 0.69872487  0.55897987 -0.02329083]
  [ 0.69872487  0.44252577 -0.03726533]
  [ 0.6940667   0.34936243 -0.05123982]
  [ 0.5776125   0.45650026 -0.06521432]
  [ 0.60556155  0.30278078 -0.08384699]
  [ 0.60556155  0.1909848  -0.09316332]
  [ 0.6009034   0.09316332 -0.10247964]
  [ 0.4751329   0.49376556 -0.06987248]
  [ 0.44252577  0.30743894 -0.09316332]
  [ 0.3959441   0.1909848  -0.09782148]
  [ 0.3540206   0.09782148 -0.10713781]
  [ 0.40060228  0.5450054  -0.06987248]
  [ 0.33072975  0.40060228 -0.09316332]
  [ 0.28880626  0.27948993 -0.10247964]
  [ 0.24688278  0.1770103  -0.10247964]
  [ 0.33538795  0.63351053 -0.06521432]
  [ 0.22359195  0.5496636  -0.08384699]
  [ 0.16769397  0.49842376 -0.08850515]
  [ 0.12111231  0.44252577 -0.08850515]]

 [[ 0.39128593  0.843128    0.        ]
  [ 0.28414813  0.74530655 -0.03726533]
  [ 0.23756646  0.60556155 -0.05589799]
  [ 0.23756646  0.49842376 -0.07453065]
  [ 0.23290828  0.40060228 -0.09316332]
  [ 0.37731144  0.49842376 -0.06521432]
  [ 0.37731144  0.3260716  -0.08850515]
  [ 0.39128593  0.22359195 -0.09782148]
  [ 0.3959441   0.12577048 -0.11179598]
  [ 0.48444924  0.5170564  -0.05589799]
  [ 0.52171457  0.33072975 -0.07453065]
  [ 0.5636381   0.21893379 -0.09316332]
  [ 0.5962452   0.13974497 -0.10713781]
  [ 0.5636381   0.55897987 -0.04658166]
  [ 0.6009034   0.38662776 -0.06521432]
  [ 0.6428269   0.2701736  -0.08384699]
  [ 0.6800922   0.1770103  -0.09316332]
  [ 0.60556155  0.6102198  -0.03726533]
  [ 0.62885237  0.4891074  -0.04658166]
  [ 0.6428269   0.42855126 -0.06055615]
  [ 0.65680134  0.3819696  -0.06521432]]]
flags: [[0.21901695]
 [0.1134195 ]]
normalized_landmarks: [[[ 0.5543217   0.81983715  0.        ]
  [ 0.65680134  0.71269935 -0.00931633]
  [ 0.69872487  0.5822707  -0.01863266]
  [ 0.6940667   0.46581656 -0.02794899]
  [ 0.6940667   0.37265328 -0.03726533]
  [ 0.57295436  0.4751329  -0.04192349]
  [ 0.5962452   0.3260716  -0.05589799]
  [ 0.6009034   0.22825013 -0.06521432]
  [ 0.6009034   0.13974497 -0.06987248]
  [ 0.48444924  0.49842376 -0.04658166]
  [ 0.46581656  0.3260716  -0.06521432]
  [ 0.42855126  0.22359195 -0.06521432]
  [ 0.38662776  0.14440313 -0.07453065]
  [ 0.41923493  0.5450054  -0.04658166]
  [ 0.37265328  0.40991858 -0.06521432]
  [ 0.33538795  0.2981226  -0.07453065]
  [ 0.29346445  0.20495929 -0.07918882]
  [ 0.35867876  0.6241942  -0.04658166]
  [ 0.2701736   0.5403472  -0.06055615]
  [ 0.22359195  0.4891074  -0.06987248]
  [ 0.18166848  0.42855126 -0.06987248]]

 [[ 0.40060228  0.8338117   0.        ]
  [ 0.30743894  0.7406483  -0.03726533]
  [ 0.25619912  0.6009034  -0.05589799]
  [ 0.26551545  0.4891074  -0.07453065]
  [ 0.26085728  0.39128593 -0.09782148]
  [ 0.3819696   0.4751329  -0.04658166]
  [ 0.3819696   0.3120971  -0.06521432]
  [ 0.3959441   0.21893379 -0.07918882]
  [ 0.40060228  0.12111231 -0.09316332]
  [ 0.48444924  0.4891074  -0.03726533]
  [ 0.5170564   0.32141346 -0.05589799]
  [ 0.5496636   0.22359195 -0.07453065]
  [ 0.5776125   0.1490613  -0.09316332]
  [ 0.56829625  0.5310309  -0.03726533]
  [ 0.6009034   0.37265328 -0.05123982]
  [ 0.63816875  0.2701736  -0.07918882]
  [ 0.6707759   0.1770103  -0.09316332]
  [ 0.6148779   0.5962452  -0.03726533]
  [ 0.6428269   0.4891074  -0.05123982]
  [ 0.6661177   0.43786758 -0.06521432]
  [ 0.6800922   0.39128593 -0.07453065]]]
flags: [[0.74309325]
 [0.07039831]]
normalized_landmarks: [[[ 0.5496636   0.8105208   0.        ]
  [ 0.6521432   0.703383   -0.00931633]
  [ 0.6894085   0.56829625 -0.0139745 ]
  [ 0.6800922   0.45184207 -0.02329083]
  [ 0.6800922   0.3540206  -0.03260716]
  [ 0.5636381   0.4471839  -0.01863266]
  [ 0.59158707  0.30278078 -0.02794899]
  [ 0.6009034   0.21427563 -0.03260716]
  [ 0.6009034   0.13042864 -0.03726533]
  [ 0.48444924  0.46581656 -0.02329083]
  [ 0.47047475  0.3120971  -0.03260716]
  [ 0.43320942  0.21893379 -0.03726533]
  [ 0.39128593  0.14440313 -0.04658166]
  [ 0.42389306  0.51239824 -0.02794899]
  [ 0.3819696   0.3819696  -0.04192349]
  [ 0.34470424  0.28414813 -0.05589799]
  [ 0.30278078  0.19564296 -0.06055615]
  [ 0.36333695  0.59158707 -0.03260716]
  [ 0.27948993  0.51239824 -0.04658166]
  [ 0.23756646  0.46581656 -0.05589799]
  [ 0.19564296  0.40991858 -0.05589799]]

 [[ 0.42855126  0.843128    0.        ]
  [ 0.3260716   0.75928104 -0.03726533]
  [ 0.2701736   0.61953604 -0.05123982]
  [ 0.2701736   0.5030819  -0.07453065]
  [ 0.26085728  0.40060228 -0.09782148]
  [ 0.3819696   0.4751329  -0.03726533]
  [ 0.35867876  0.31675526 -0.06055615]
  [ 0.36333695  0.22359195 -0.07918882]
  [ 0.35867876  0.1350868  -0.09316332]
  [ 0.48444924  0.48444924 -0.03726533]
  [ 0.49842376  0.31675526 -0.05589799]
  [ 0.52171457  0.22359195 -0.07453065]
  [ 0.5403472   0.1490613  -0.09316332]
  [ 0.56829625  0.52171457 -0.03726533]
  [ 0.5869289   0.3540206  -0.05589799]
  [ 0.6148779   0.26085728 -0.07918882]
  [ 0.6241942   0.18166848 -0.09316332]
  [ 0.62885237  0.5776125  -0.04192349]
  [ 0.6661177   0.46115842 -0.05589799]
  [ 0.6894085   0.3959441  -0.06987248]
  [ 0.7080412   0.33538795 -0.07918882]]]
flags: [[0.79393643]
 [0.07822034]]
normalized_landmarks: [[[ 0.5543217   0.815179    0.        ]
  [ 0.65680134  0.71269935 -0.01863266]
  [ 0.6894085   0.5776125  -0.02329083]
  [ 0.67543405  0.45650026 -0.03260716]
  [ 0.6707759   0.35867876 -0.04658166]
  [ 0.55897987  0.44252577 -0.0139745 ]
  [ 0.5822707   0.30743894 -0.02329083]
  [ 0.59158707  0.21427563 -0.02794899]
  [ 0.59158707  0.1350868  -0.03726533]
  [ 0.47979107  0.46581656 -0.01863266]
  [ 0.46115842  0.31675526 -0.02794899]
  [ 0.42855126  0.22825013 -0.03260716]
  [ 0.39128593  0.15371947 -0.04192349]
  [ 0.41923493  0.5170564  -0.02329083]
  [ 0.3819696   0.3819696  -0.03726533]
  [ 0.3400461   0.28414813 -0.05123982]
  [ 0.2981226   0.20030114 -0.05589799]
  [ 0.36333695  0.5962452  -0.02794899]
  [ 0.28414813  0.5170564  -0.04192349]
  [ 0.23756646  0.4751329  -0.05123982]
  [ 0.20030114  0.41923493 -0.05589799]]

 [[ 0.47979107  0.8244953   0.        ]
  [ 0.36333695  0.7499647  -0.03260716]
  [ 0.2981226   0.6102198  -0.05123982]
  [ 0.28880626  0.49842376 -0.06987248]
  [ 0.2701736   0.40060228 -0.09316332]
  [ 0.40991858  0.46115842 -0.02329083]
  [ 0.37265328  0.3120971  -0.04658166]
  [ 0.36333695  0.21893379 -0.06521432]
  [ 0.34936243  0.13974497 -0.07918882]
  [ 0.5030819   0.46115842 -0.02794899]
  [ 0.51239824  0.30743894 -0.03726533]
  [ 0.52171457  0.22359195 -0.06055615]
  [ 0.52171457  0.15837763 -0.07918882]
  [ 0.59158707  0.4891074  -0.02794899]
  [ 0.6009034   0.33538795 -0.04192349]
  [ 0.6148779   0.25154096 -0.06521432]
  [ 0.6148779   0.18166848 -0.07918882]
  [ 0.65680134  0.5450054  -0.03726533]
  [ 0.6894085   0.43786758 -0.05123982]
  [ 0.71269935  0.37731144 -0.06521432]
  [ 0.7266739   0.31675526 -0.07453065]]]
flags: [[0.90735596]
 [0.1838178 ]]
normalized_landmarks: [[[ 0.5496636   0.815179    0.        ]
  [ 0.6474851   0.71269935 -0.01863266]
  [ 0.6847504   0.5776125  -0.02794899]
  [ 0.6707759   0.46115842 -0.04192349]
  [ 0.6661177   0.37265328 -0.05589799]
  [ 0.5636381   0.4471839  -0.00931633]
  [ 0.5869289   0.31675526 -0.01863266]
  [ 0.59158707  0.23290828 -0.03260716]
  [ 0.5869289   0.15837763 -0.03726533]
  [ 0.4891074   0.46581656 -0.0139745 ]
  [ 0.4751329   0.33072975 -0.02329083]
  [ 0.4471839   0.25154096 -0.03260716]
  [ 0.41457677  0.1909848  -0.04192349]
  [ 0.42855126  0.5077401  -0.01863266]
  [ 0.39128593  0.39128593 -0.03260716]
  [ 0.35867876  0.30743894 -0.04658166]
  [ 0.32141346  0.23756646 -0.05589799]
  [ 0.36333695  0.5776125  -0.02794899]
  [ 0.29346445  0.49842376 -0.04192349]
  [ 0.26085728  0.45650026 -0.05123982]
  [ 0.22359195  0.40060228 -0.05589799]]

 [[ 0.5077401   0.8571025   0.        ]
  [ 0.38662776  0.78723    -0.03260716]
  [ 0.3120971   0.6521432  -0.04192349]
  [ 0.30278078  0.5403472  -0.06055615]
  [ 0.28880626  0.45650026 -0.07453065]
  [ 0.42389306  0.49842376 -0.00931633]
  [ 0.37265328  0.37265328 -0.02794899]
  [ 0.3540206   0.2981226  -0.04192349]
  [ 0.3260716   0.22825013 -0.05589799]
  [ 0.51239824  0.49376556 -0.00931633]
  [ 0.5030819   0.34470424 -0.01863266]
  [ 0.49842376  0.2748318  -0.03726533]
  [ 0.4891074   0.21893379 -0.05589799]
  [ 0.59158707  0.5077401  -0.0139745 ]
  [ 0.59158707  0.36799508 -0.02329083]
  [ 0.5962452   0.2981226  -0.04658166]
  [ 0.59158707  0.23756646 -0.05589799]
  [ 0.65680134  0.5450054  -0.02329083]
  [ 0.6894085   0.4471839  -0.03260716]
  [ 0.7080412   0.38662776 -0.04192349]
  [ 0.7173575   0.32141346 -0.05123982]]]
flags: [[0.94255507]
 [0.08995339]]
normalized_landmarks: [[[ 0.5496636   0.81983715  0.        ]
  [ 0.6474851   0.71269935 -0.01863266]
  [ 0.6800922   0.5776125  -0.02794899]
  [ 0.6707759   0.46115842 -0.04192349]
  [ 0.6661177   0.36799508 -0.05589799]
  [ 0.55897987  0.44252577 -0.00931633]
  [ 0.5776125   0.31675526 -0.01863266]
  [ 0.5869289   0.23290828 -0.03260716]
  [ 0.5822707   0.15837763 -0.04192349]
  [ 0.47979107  0.46581656 -0.0139745 ]
  [ 0.47047475  0.33072975 -0.02329083]
  [ 0.44252577  0.26085728 -0.03260716]
  [ 0.40991858  0.19564296 -0.04658166]
  [ 0.41923493  0.5077401  -0.02329083]
  [ 0.3819696   0.39128593 -0.03726533]
  [ 0.3540206   0.30743894 -0.05123982]
  [ 0.31675526  0.23290828 -0.06055615]
  [ 0.3540206   0.5822707  -0.02794899]
  [ 0.28414813  0.5030819  -0.04192349]
  [ 0.24688278  0.45650026 -0.05589799]
  [ 0.21427563  0.3959441  -0.06055615]]

 [[ 0.46581656  0.8617607   0.        ]
  [ 0.3540206   0.78257185 -0.02794899]
  [ 0.28880626  0.6474851  -0.04192349]
  [ 0.28880626  0.5403472  -0.06055615]
  [ 0.28414813  0.45184207 -0.07918882]
  [ 0.41457677  0.5030819  -0.00931633]
  [ 0.37731144  0.37265328 -0.02794899]
  [ 0.36333695  0.30278078 -0.04658166]
  [ 0.34470424  0.23290828 -0.05589799]
  [ 0.5030819   0.5030819  -0.0139745 ]
  [ 0.5030819   0.35867876 -0.02329083]
  [ 0.5077401   0.28880626 -0.04192349]
  [ 0.5077401   0.23290828 -0.05589799]
  [ 0.5869289   0.52637273 -0.01863266]
  [ 0.59158707  0.38662776 -0.02794899]
  [ 0.60556155  0.3120971  -0.05123982]
  [ 0.6009034   0.24688278 -0.06055615]
  [ 0.6428269   0.56829625 -0.03260716]
  [ 0.6847504   0.4751329  -0.04192349]
  [ 0.71269935  0.40991858 -0.05123982]
  [ 0.72201574  0.3400461  -0.05589799]]]
flags: [[0.94255507]
 [0.12906356]]
normalized_landmarks: [[[ 0.53568906  0.82915354  0.        ]
  [ 0.6428269   0.7266739  -0.02329083]
  [ 0.6800922   0.59158707 -0.03260716]
  [ 0.67543405  0.4751329  -0.04658166]
  [ 0.6707759   0.3819696  -0.06055615]
  [ 0.55897987  0.45650026 -0.00931633]
  [ 0.5822707   0.33072975 -0.02329083]
  [ 0.59158707  0.24688278 -0.03726533]
  [ 0.5962452   0.17235212 -0.04658166]
  [ 0.47979107  0.4751329  -0.0139745 ]
  [ 0.4751329   0.3400461  -0.02329083]
  [ 0.45650026  0.26551545 -0.03726533]
  [ 0.42855126  0.20030114 -0.04658166]
  [ 0.41923493  0.51239824 -0.02329083]
  [ 0.3819696   0.3959441  -0.03726533]
  [ 0.3540206   0.31675526 -0.05123982]
  [ 0.32141346  0.24222462 -0.06055615]
  [ 0.3540206   0.5822707  -0.02794899]
  [ 0.28414813  0.5030819  -0.04192349]
  [ 0.25154096  0.45650026 -0.05123982]
  [ 0.21427563  0.40060228 -0.05589799]]

 [[ 0.49842376  0.8617607   0.        ]
  [ 0.37731144  0.78723    -0.02794899]
  [ 0.30743894  0.6521432  -0.04192349]
  [ 0.2981226   0.5403472  -0.05589799]
  [ 0.28880626  0.45650026 -0.07453065]
  [ 0.41923493  0.49842376 -0.00931633]
  [ 0.37265328  0.37265328 -0.02329083]
  [ 0.3540206   0.30278078 -0.03726533]
  [ 0.33072975  0.23756646 -0.05123982]
  [ 0.51239824  0.49376556 -0.00931633]
  [ 0.5030819   0.34936243 -0.01863266]
  [ 0.5030819   0.27948993 -0.03726533]
  [ 0.49376556  0.22825013 -0.05123982]
  [ 0.59158707  0.51239824 -0.0139745 ]
  [ 0.5962452   0.36799508 -0.02329083]
  [ 0.60556155  0.2981226  -0.04658166]
  [ 0.5962452   0.23756646 -0.05123982]
  [ 0.65680134  0.5543217  -0.02329083]
  [ 0.6940667   0.45650026 -0.03726533]
  [ 0.7173575   0.39128593 -0.04658166]
  [ 0.72201574  0.3260716  -0.05123982]]]
flags: [[0.9464661 ]
 [0.18772882]]
normalized_landmarks: [[[ 0.5543217   0.8244953   0.        ]
  [ 0.6521432   0.72201574 -0.01863266]
  [ 0.6894085   0.5869289  -0.03260716]
  [ 0.6800922   0.47047475 -0.04658166]
  [ 0.6707759   0.37731144 -0.06055615]
  [ 0.5636381   0.45650026 -0.0139745 ]
  [ 0.5869289   0.3260716  -0.02794899]
  [ 0.5962452   0.24222462 -0.04192349]
  [ 0.6009034   0.16769397 -0.05123982]
  [ 0.48444924  0.4751329  -0.01863266]
  [ 0.4751329   0.3400461  -0.02794899]
  [ 0.4471839   0.26085728 -0.04192349]
  [ 0.41457677  0.1909848  -0.05123982]
  [ 0.42855126  0.52171457 -0.02794899]
  [ 0.38662776  0.4052604  -0.03726533]
  [ 0.3540206   0.32141346 -0.05589799]
  [ 0.32141346  0.24688278 -0.06055615]
  [ 0.36333695  0.5962452  -0.03260716]
  [ 0.28880626  0.5170564  -0.04658166]
  [ 0.25154096  0.46581656 -0.05589799]
  [ 0.21427563  0.4052604  -0.06521432]]

 [[ 0.4891074   0.871077    0.        ]
  [ 0.37265328  0.79654634 -0.02794899]
  [ 0.30743894  0.6614595  -0.03726533]
  [ 0.30278078  0.5496636  -0.05589799]
  [ 0.29346445  0.45650026 -0.06987248]
  [ 0.42389306  0.52171457 -0.00931633]
  [ 0.39128593  0.39128593 -0.02329083]
  [ 0.37265328  0.32141346 -0.03726533]
  [ 0.35867876  0.26085728 -0.04658166]
  [ 0.51239824  0.5170564  -0.00931633]
  [ 0.51239824  0.37731144 -0.01863266]
  [ 0.51239824  0.30743894 -0.03260716]
  [ 0.5077401   0.25619912 -0.04658166]
  [ 0.59158707  0.5403472  -0.01863266]
  [ 0.6009034   0.40060228 -0.02329083]
  [ 0.6102198   0.33072975 -0.04192349]
  [ 0.60556155  0.2701736  -0.04658166]
  [ 0.6521432   0.5822707  -0.02794899]
  [ 0.6894085   0.4891074  -0.03726533]
  [ 0.71269935  0.42855126 -0.04192349]
  [ 0.72201574  0.36333695 -0.04658166]]]
flags: [[0.93473303]
 [0.10950848]]
normalized_landmarks: [[[ 0.55897987  0.815179    0.        ]
  [ 0.6614595   0.7080412  -0.01863266]
  [ 0.6940667   0.56829625 -0.02794899]
  [ 0.6800922   0.45184207 -0.04192349]
  [ 0.6707759   0.3540206  -0.05589799]
  [ 0.55897987  0.43786758 -0.00931633]
  [ 0.5776125   0.30743894 -0.01863266]
  [ 0.5869289   0.22359195 -0.02794899]
  [ 0.5869289   0.1490613  -0.03726533]
  [ 0.47979107  0.46115842 -0.0139745 ]
  [ 0.46115842  0.3260716  -0.02329083]
  [ 0.43320942  0.25154096 -0.02794899]
  [ 0.40060228  0.18632664 -0.04192349]
  [ 0.41923493  0.5030819  -0.02329083]
  [ 0.3819696   0.38662776 -0.03260716]
  [ 0.34936243  0.30278078 -0.04658166]
  [ 0.30743894  0.22359195 -0.05589799]
  [ 0.35867876  0.5822707  -0.02794899]
  [ 0.28414813  0.5030819  -0.04192349]
  [ 0.24222462  0.45650026 -0.05123982]
  [ 0.20495929  0.39128593 -0.05589799]]

 [[ 0.5077401   0.87573516  0.        ]
  [ 0.39128593  0.8105208  -0.02794899]
  [ 0.32141346  0.67543405 -0.03726533]
  [ 0.3120971   0.56829625 -0.05589799]
  [ 0.30278078  0.48444924 -0.06987248]
  [ 0.42855126  0.52637273 -0.00465817]
  [ 0.3819696   0.40991858 -0.02329083]
  [ 0.36333695  0.34470424 -0.03726533]
  [ 0.3400461   0.28414813 -0.04658166]
  [ 0.51239824  0.52171457 -0.00931633]
  [ 0.5077401   0.3819696  -0.01863266]
  [ 0.5030819   0.31675526 -0.03260716]
  [ 0.49376556  0.26551545 -0.05123982]
  [ 0.59158707  0.5403472  -0.01863266]
  [ 0.6009034   0.40060228 -0.02794899]
  [ 0.60556155  0.33072975 -0.04658166]
  [ 0.5962452   0.2701736  -0.05589799]
  [ 0.6521432   0.5776125  -0.02794899]
  [ 0.6894085   0.48444924 -0.03726533]
  [ 0.7080412   0.42389306 -0.04658166]
  [ 0.71269935  0.36333695 -0.05123982]]]
flags: [[0.93864405]
 [0.24639407]]
normalized_landmarks: [[[ 0.5496636   0.815179    0.        ]
  [ 0.6474851   0.71269935 -0.01863266]
  [ 0.6800922   0.57295436 -0.02794899]
  [ 0.6707759   0.45650026 -0.04658166]
  [ 0.6614595   0.35867876 -0.06055615]
  [ 0.5543217   0.4471839  -0.00931633]
  [ 0.5776125   0.3120971  -0.02329083]
  [ 0.5822707   0.23290828 -0.03260716]
  [ 0.5869289   0.15837763 -0.04192349]
  [ 0.4751329   0.46581656 -0.0139745 ]
  [ 0.46115842  0.33072975 -0.02329083]
  [ 0.43786758  0.25619912 -0.03260716]
  [ 0.40991858  0.1909848  -0.04658166]
  [ 0.41923493  0.5077401  -0.02329083]
  [ 0.37731144  0.39128593 -0.03726533]
  [ 0.34470424  0.30278078 -0.05123982]
  [ 0.30743894  0.22359195 -0.06055615]
  [ 0.3540206   0.5822707  -0.03260716]
  [ 0.27948993  0.5030819  -0.04658166]
  [ 0.24222462  0.45650026 -0.05589799]
  [ 0.20495929  0.3959441  -0.06055615]]

 [[ 0.52171457  0.8617607   0.        ]
  [ 0.40060228  0.79654634 -0.02794899]
  [ 0.33072975  0.6614595  -0.04192349]
  [ 0.3120971   0.5543217  -0.05589799]
  [ 0.29346445  0.46581656 -0.07453065]
  [ 0.43320942  0.5030819  -0.00465817]
  [ 0.38662776  0.3819696  -0.02329083]
  [ 0.36799508  0.31675526 -0.03726533]
  [ 0.34470424  0.25619912 -0.04658166]
  [ 0.52171457  0.49842376 -0.00931633]
  [ 0.52171457  0.3540206  -0.0139745 ]
  [ 0.5170564   0.28880626 -0.03260716]
  [ 0.5077401   0.24222462 -0.04658166]
  [ 0.60556155  0.51239824 -0.0139745 ]
  [ 0.6102198   0.37731144 -0.01863266]
  [ 0.6148779   0.30743894 -0.03726533]
  [ 0.60556155  0.25619912 -0.04658166]
  [ 0.6707759   0.5496636  -0.01863266]
  [ 0.69872487  0.45184207 -0.02794899]
  [ 0.71269935  0.3959441  -0.03726533]
  [ 0.71269935  0.33538795 -0.04192349]]]
flags: [[0.930822  ]
 [0.23857203]]
normalized_landmarks: [[[ 0.5543217   0.8244953   0.        ]
  [ 0.6474851   0.7173575  -0.01863266]
  [ 0.6800922   0.5776125  -0.02794899]
  [ 0.6707759   0.46115842 -0.03726533]
  [ 0.6661177   0.36799508 -0.05589799]
  [ 0.5543217   0.45650026 -0.00465817]
  [ 0.56829625  0.3260716  -0.01863266]
  [ 0.57295436  0.25154096 -0.02794899]
  [ 0.56829625  0.18166848 -0.03726533]
  [ 0.4751329   0.4751329  -0.00931633]
  [ 0.46581656  0.34470424 -0.01863266]
  [ 0.4471839   0.2701736  -0.02794899]
  [ 0.41457677  0.20961747 -0.04192349]
  [ 0.41923493  0.5170564  -0.01863266]
  [ 0.37731144  0.40060228 -0.02794899]
  [ 0.34470424  0.31675526 -0.04658166]
  [ 0.30743894  0.24222462 -0.05123982]
  [ 0.3540206   0.5869289  -0.02794899]
  [ 0.28414813  0.5077401  -0.03726533]
  [ 0.24222462  0.46115842 -0.04658166]
  [ 0.20495929  0.3959441  -0.05123982]]

 [[ 0.49842376  0.8571025   0.        ]
  [ 0.3819696   0.78257185 -0.02794899]
  [ 0.31675526  0.6428269  -0.04192349]
  [ 0.30743894  0.5310309  -0.05589799]
  [ 0.2981226   0.43786758 -0.07453065]
  [ 0.42855126  0.49376556 -0.00465817]
  [ 0.38662776  0.37265328 -0.01863266]
  [ 0.36799508  0.30278078 -0.03726533]
  [ 0.34936243  0.23756646 -0.04658166]
  [ 0.52171457  0.48444924 -0.00465817]
  [ 0.5170564   0.34470424 -0.0139745 ]
  [ 0.51239824  0.27948993 -0.02794899]
  [ 0.5030819   0.23756646 -0.04192349]
  [ 0.6009034   0.5077401  -0.00931633]
  [ 0.6102198   0.37265328 -0.01863266]
  [ 0.61953604  0.30278078 -0.03726533]
  [ 0.6148779   0.24688278 -0.04658166]
  [ 0.6707759   0.5496636  -0.02329083]
  [ 0.69872487  0.45184207 -0.03260716]
  [ 0.72201574  0.3959441  -0.03726533]
  [ 0.7266739   0.33072975 -0.04658166]]]
flags: [[0.91908896]
 [0.16426271]]
normalized_landmarks: [[[ 0.5450054   0.82915354  0.        ]
  [ 0.6474851   0.7266739  -0.01863266]
  [ 0.6847504   0.5822707  -0.02794899]
  [ 0.67543405  0.46115842 -0.04192349]
  [ 0.6707759   0.36799508 -0.05589799]
  [ 0.5543217   0.45184207 -0.00931633]
  [ 0.5776125   0.32141346 -0.01863266]
  [ 0.5869289   0.24222462 -0.02794899]
  [ 0.5869289   0.16769397 -0.03726533]
  [ 0.4751329   0.47047475 -0.0139745 ]
  [ 0.46115842  0.33538795 -0.02329083]
  [ 0.43320942  0.26085728 -0.03260716]
  [ 0.3959441   0.19564296 -0.04658166]
  [ 0.41457677  0.51239824 -0.01863266]
  [ 0.37731144  0.3959441  -0.03260716]
  [ 0.34470424  0.30743894 -0.05123982]
  [ 0.30743894  0.22825013 -0.05589799]
  [ 0.3540206   0.5869289  -0.02794899]
  [ 0.27948993  0.5030819  -0.04192349]
  [ 0.24222462  0.45184207 -0.05123982]
  [ 0.20495929  0.39128593 -0.05589799]]

 [[ 0.4751329   0.871077    0.        ]
  [ 0.36333695  0.7918882  -0.02794899]
  [ 0.30278078  0.6521432  -0.03726533]
  [ 0.30278078  0.5403472  -0.05589799]
  [ 0.2981226   0.45184207 -0.07453065]
  [ 0.42389306  0.51239824 -0.00931633]
  [ 0.38662776  0.38662776 -0.02329083]
  [ 0.37265328  0.31675526 -0.03726533]
  [ 0.3540206   0.25154096 -0.04658166]
  [ 0.51239824  0.5170564  -0.00931633]
  [ 0.52171457  0.37265328 -0.01863266]
  [ 0.52171457  0.30743894 -0.03260716]
  [ 0.52171457  0.26085728 -0.04658166]
  [ 0.59158707  0.5403472  -0.01863266]
  [ 0.6102198   0.40991858 -0.02794899]
  [ 0.6241942   0.3400461  -0.04192349]
  [ 0.6241942   0.28414813 -0.04658166]
  [ 0.6521432   0.5869289  -0.02794899]
  [ 0.6940667   0.49376556 -0.03726533]
  [ 0.7173575   0.43786758 -0.04192349]
  [ 0.731332    0.37265328 -0.04658166]]]
flags: [[0.93864405]
 [0.19555084]]
normalized_landmarks: [[[ 0.5310309   0.81983715  0.        ]
  [ 0.63816875  0.72201574 -0.01863266]
  [ 0.67543405  0.5869289  -0.02794899]
  [ 0.6661177   0.46581656 -0.04658166]
  [ 0.6614595   0.37265328 -0.06055615]
  [ 0.5543217   0.4471839  -0.0139745 ]
  [ 0.5822707   0.3120971  -0.02329083]
  [ 0.5962452   0.22825013 -0.03726533]
  [ 0.5962452   0.1490613  -0.04658166]
  [ 0.4751329   0.46581656 -0.01863266]
  [ 0.46115842  0.33072975 -0.02794899]
  [ 0.42855126  0.25619912 -0.03726533]
  [ 0.3959441   0.19564296 -0.05123982]
  [ 0.40991858  0.5077401  -0.02329083]
  [ 0.37731144  0.3819696  -0.03726533]
  [ 0.34936243  0.29346445 -0.05589799]
  [ 0.3120971   0.21427563 -0.06521432]
  [ 0.34470424  0.5776125  -0.03260716]
  [ 0.27948993  0.4891074  -0.04658166]
  [ 0.24222462  0.43786758 -0.05589799]
  [ 0.20961747  0.37265328 -0.06521432]]

 [[ 0.47979107  0.871077    0.        ]
  [ 0.36333695  0.79654634 -0.02794899]
  [ 0.2981226   0.6521432  -0.04192349]
  [ 0.29346445  0.5403472  -0.05589799]
  [ 0.28414813  0.45184207 -0.07453065]
  [ 0.41923493  0.5077401  -0.00931633]
  [ 0.37731144  0.37731144 -0.02329083]
  [ 0.36333695  0.30743894 -0.03726533]
  [ 0.3400461   0.24222462 -0.04658166]
  [ 0.51239824  0.5030819  -0.00931633]
  [ 0.5077401   0.35867876 -0.01863266]
  [ 0.5077401   0.28880626 -0.02794899]
  [ 0.5030819   0.24222462 -0.04192349]
  [ 0.59158707  0.52637273 -0.0139745 ]
  [ 0.6009034   0.3819696  -0.02329083]
  [ 0.6102198   0.3120971  -0.03726533]
  [ 0.60556155  0.25619912 -0.04658166]
  [ 0.65680134  0.56829625 -0.02329083]
  [ 0.6940667   0.47047475 -0.03260716]
  [ 0.7173575   0.4052604  -0.03726533]
  [ 0.72201574  0.3400461  -0.04658166]]]
flags: [[0.95819914]
 [0.1603517 ]]
normalized_landmarks: [[[ 0.5496636   0.8338117   0.        ]
  [ 0.6474851   0.73599017 -0.02329083]
  [ 0.6800922   0.5962452  -0.03260716]
  [ 0.6707759   0.4751329  -0.04658166]
  [ 0.6707759   0.37731144 -0.06521432]
  [ 0.5543217   0.46115842 -0.0139745 ]
  [ 0.5822707   0.32141346 -0.02794899]
  [ 0.59158707  0.23290828 -0.04192349]
  [ 0.5962452   0.15371947 -0.05589799]
  [ 0.4751329   0.47979107 -0.02329083]
  [ 0.45650026  0.33538795 -0.03260716]
  [ 0.42855126  0.25619912 -0.04658166]
  [ 0.38662776  0.18632664 -0.06055615]
  [ 0.41457677  0.52171457 -0.02794899]
  [ 0.37731144  0.3959441  -0.04658166]
  [ 0.3400461   0.2981226  -0.06521432]
  [ 0.2981226   0.21427563 -0.07918882]
  [ 0.34936243  0.5962452  -0.03726533]
  [ 0.27948993  0.5077401  -0.05589799]
  [ 0.23756646  0.45650026 -0.06987248]
  [ 0.20030114  0.39128593 -0.07453065]]

 [[ 0.51239824  0.8524443   0.        ]
  [ 0.39128593  0.78723    -0.03260716]
  [ 0.31675526  0.6521432  -0.04658166]
  [ 0.2981226   0.5403472  -0.06521432]
  [ 0.27948993  0.45184207 -0.08384699]
  [ 0.41923493  0.49376556 -0.0139745 ]
  [ 0.36799508  0.36799508 -0.03726533]
  [ 0.34470424  0.2981226  -0.05123982]
  [ 0.31675526  0.23290828 -0.06521432]
  [ 0.51239824  0.48444924 -0.0139745 ]
  [ 0.51239824  0.3400461  -0.02794899]
  [ 0.5077401   0.2748318  -0.04658166]
  [ 0.49842376  0.22359195 -0.06055615]
  [ 0.5962452   0.5030819  -0.01863266]
  [ 0.60556155  0.36333695 -0.03260716]
  [ 0.6102198   0.29346445 -0.05123982]
  [ 0.5962452   0.23756646 -0.06055615]
  [ 0.6661177   0.5450054  -0.02794899]
  [ 0.6940667   0.4471839  -0.03726533]
  [ 0.7080412   0.38662776 -0.05123982]
  [ 0.7080412   0.3260716  -0.05589799]]]
flags: [[0.930822  ]
 [0.08604237]]
normalized_landmarks: [[[ 0.5450054   0.8244953   0.        ]
  [ 0.6521432   0.7266739  -0.01863266]
  [ 0.6894085   0.59158707 -0.03260716]
  [ 0.67543405  0.4751329  -0.04658166]
  [ 0.6800922   0.3819696  -0.06055615]
  [ 0.55897987  0.45184207 -0.01863266]
  [ 0.59158707  0.3120971  -0.03260716]
  [ 0.60556155  0.22359195 -0.04658166]
  [ 0.6102198   0.13974497 -0.05589799]
  [ 0.47979107  0.47047475 -0.02329083]
  [ 0.47047475  0.32141346 -0.03726533]
  [ 0.44252577  0.24222462 -0.04658166]
  [ 0.40991858  0.17235212 -0.06055615]
  [ 0.42389306  0.51239824 -0.03260716]
  [ 0.38662776  0.3819696  -0.04658166]
  [ 0.34936243  0.28414813 -0.06521432]
  [ 0.3120971   0.19564296 -0.07453065]
  [ 0.35867876  0.5869289  -0.03726533]
  [ 0.28880626  0.49842376 -0.05589799]
  [ 0.25154096  0.44252577 -0.06521432]
  [ 0.21427563  0.37731144 -0.07453065]]

 [[ 0.48444924  0.8571025   0.        ]
  [ 0.37265328  0.7779137  -0.03260716]
  [ 0.30743894  0.63816875 -0.04192349]
  [ 0.2981226   0.52637273 -0.06055615]
  [ 0.28880626  0.43786758 -0.07918882]
  [ 0.41923493  0.48444924 -0.00931633]
  [ 0.37265328  0.36333695 -0.02794899]
  [ 0.3540206   0.2981226  -0.04658166]
  [ 0.33072975  0.23290828 -0.06055615]
  [ 0.51239824  0.48444924 -0.0139745 ]
  [ 0.5170564   0.34936243 -0.02329083]
  [ 0.5170564   0.28414813 -0.04192349]
  [ 0.51239824  0.23290828 -0.05589799]
  [ 0.5962452   0.51239824 -0.01863266]
  [ 0.60556155  0.37731144 -0.03260716]
  [ 0.61953604  0.30743894 -0.05123982]
  [ 0.6148779   0.24688278 -0.06055615]
  [ 0.6521432   0.55897987 -0.02794899]
  [ 0.6847504   0.46581656 -0.04192349]
  [ 0.703383    0.40991858 -0.05123982]
  [ 0.7080412   0.34936243 -0.05589799]]]
flags: [[0.96211016]
 [0.08995339]]
normalized_landmarks: [[[ 0.5310309   0.8244953   0.        ]
  [ 0.63816875  0.73599017 -0.02794899]
  [ 0.67543405  0.6102198  -0.04658166]
  [ 0.6661177   0.4891074  -0.06521432]
  [ 0.6661177   0.39128593 -0.08384699]
  [ 0.5543217   0.45650026 -0.02794899]
  [ 0.5869289   0.31675526 -0.04658166]
  [ 0.6009034   0.22359195 -0.06521432]
  [ 0.60556155  0.13974497 -0.07453065]
  [ 0.47047475  0.4751329  -0.03260716]
  [ 0.46581656  0.32141346 -0.05123982]
  [ 0.43786758  0.23756646 -0.06521432]
  [ 0.40991858  0.1630358  -0.08384699]
  [ 0.41457677  0.51239824 -0.03726533]
  [ 0.3819696   0.3819696  -0.06055615]
  [ 0.34470424  0.27948993 -0.08384699]
  [ 0.3120971   0.18166848 -0.09782148]
  [ 0.34470424  0.5869289  -0.04658166]
  [ 0.28414813  0.49376556 -0.06521432]
  [ 0.24688278  0.43320942 -0.08384699]
  [ 0.21427563  0.36799508 -0.09316332]]

 [[ 0.48444924  0.8571025   0.        ]
  [ 0.37265328  0.7779137  -0.03260716]
  [ 0.30743894  0.6428269  -0.04658166]
  [ 0.2981226   0.5310309  -0.06987248]
  [ 0.28880626  0.44252577 -0.08850515]
  [ 0.41923493  0.48444924 -0.0139745 ]
  [ 0.37731144  0.36333695 -0.03260716]
  [ 0.35867876  0.29346445 -0.05123982]
  [ 0.3400461   0.22825013 -0.06521432]
  [ 0.51239824  0.48444924 -0.0139745 ]
  [ 0.5170564   0.34470424 -0.02794899]
  [ 0.5170564   0.2748318  -0.04658166]
  [ 0.5077401   0.22359195 -0.06521432]
  [ 0.5962452   0.51239824 -0.01863266]
  [ 0.60556155  0.37265328 -0.03260716]
  [ 0.6148779   0.2981226  -0.05589799]
  [ 0.60556155  0.23756646 -0.06521432]
  [ 0.65680134  0.55897987 -0.02794899]
  [ 0.6847504   0.46115842 -0.04192349]
  [ 0.703383    0.40060228 -0.05123982]
  [ 0.7080412   0.33538795 -0.06055615]]]
flags: [[0.9699322 ]
 [0.10168644]]
normalized_landmarks: [[[ 0.5450054   0.8338117   0.        ]
  [ 0.6428269   0.74530655 -0.03726533]
  [ 0.67543405  0.61953604 -0.06055615]
  [ 0.6474851   0.51239824 -0.08384699]
  [ 0.63351053  0.41923493 -0.10713781]
  [ 0.55897987  0.46115842 -0.03260716]
  [ 0.5822707   0.31675526 -0.05589799]
  [ 0.5822707   0.22359195 -0.06987248]
  [ 0.5776125   0.13974497 -0.08384699]
  [ 0.4751329   0.48444924 -0.03260716]
  [ 0.45650026  0.3400461  -0.05123982]
  [ 0.42855126  0.25154096 -0.06987248]
  [ 0.39128593  0.17235212 -0.08850515]
  [ 0.41457677  0.5310309  -0.03726533]
  [ 0.37265328  0.4052604  -0.06055615]
  [ 0.33538795  0.3120971  -0.08384699]
  [ 0.2981226   0.22359195 -0.09316332]
  [ 0.34936243  0.6102198  -0.04658166]
  [ 0.27948993  0.5170564  -0.06521432]
  [ 0.24222462  0.46581656 -0.07918882]
  [ 0.20495929  0.40060228 -0.08850515]]

 [[ 0.5030819   0.8571025   0.        ]
  [ 0.39128593  0.7918882  -0.03726533]
  [ 0.3260716   0.6614595  -0.05589799]
  [ 0.31675526  0.55897987 -0.07453065]
  [ 0.30743894  0.47047475 -0.10247964]
  [ 0.42855126  0.49842376 -0.01863266]
  [ 0.37731144  0.37731144 -0.04192349]
  [ 0.3540206   0.30743894 -0.06055615]
  [ 0.3260716   0.24688278 -0.07453065]
  [ 0.5170564   0.49376556 -0.01863266]
  [ 0.51239824  0.34936243 -0.03260716]
  [ 0.5077401   0.28414813 -0.05123982]
  [ 0.49842376  0.23290828 -0.06987248]
  [ 0.5962452   0.51239824 -0.02329083]
  [ 0.6009034   0.37265328 -0.03726533]
  [ 0.6148779   0.30278078 -0.05589799]
  [ 0.6148779   0.23756646 -0.06987248]
  [ 0.65680134  0.55897987 -0.03260716]
  [ 0.6800922   0.45184207 -0.04658166]
  [ 0.69872487  0.39128593 -0.05589799]
  [ 0.703383    0.32141346 -0.06521432]]]
flags: [[0.98166525]
 [0.        ]]
normalized_landmarks: [[[ 0.5776125   0.8105208   0.        ]
  [ 0.6661177   0.72201574 -0.02329083]
  [ 0.6894085   0.61953604 -0.04192349]
  [ 0.63816875  0.5496636  -0.06521432]
  [ 0.57295436  0.5030819  -0.08850515]
  [ 0.5962452   0.42389306 -0.02794899]
  [ 0.61953604  0.26551545 -0.05123982]
  [ 0.63351053  0.15837763 -0.06987248]
  [ 0.6428269   0.06055615 -0.08850515]
  [ 0.5077401   0.45650026 -0.03726533]
  [ 0.47047475  0.28880626 -0.06055615]
  [ 0.42855126  0.1770103  -0.08384699]
  [ 0.40060228  0.09316332 -0.10247964]
  [ 0.43786758  0.51239824 -0.04658166]
  [ 0.3819696   0.37731144 -0.06987248]
  [ 0.3819696   0.3400461  -0.08384699]
  [ 0.39128593  0.33072975 -0.09316332]
  [ 0.3819696   0.6009034  -0.06055615]
  [ 0.30743894  0.48444924 -0.08384699]
  [ 0.2981226   0.44252577 -0.09316332]
  [ 0.2981226   0.40991858 -0.09782148]]

 [[ 0.46115842  0.8244953   0.        ]
  [ 0.36799508  0.7546229  -0.03726533]
  [ 0.3260716   0.6241942  -0.05589799]
  [ 0.36333695  0.5310309  -0.07918882]
  [ 0.4471839   0.47047475 -0.10713781]
  [ 0.41923493  0.43786758 -0.02329083]
  [ 0.3959441   0.28880626 -0.04658166]
  [ 0.3959441   0.18632664 -0.06521432]
  [ 0.39128593  0.10247964 -0.07918882]
  [ 0.52171457  0.4471839  -0.02794899]
  [ 0.5450054   0.29346445 -0.05123982]
  [ 0.5496636   0.21427563 -0.06987248]
  [ 0.55897987  0.1630358  -0.08850515]
  [ 0.6148779   0.5030819  -0.04192349]
  [ 0.63816875  0.36799508 -0.06987248]
  [ 0.5962452   0.43320942 -0.08384699]
  [ 0.55897987  0.49842376 -0.08384699]
  [ 0.6707759   0.5776125  -0.05589799]
  [ 0.6894085   0.49842376 -0.08850515]
  [ 0.6241942   0.5543217  -0.09782148]
  [ 0.56829625  0.6102198  -0.09782148]]]
flags: [[0.97775424]
 [0.        ]]
normalized_landmarks: [[[ 0.51239824  0.82915354  0.        ]
  [ 0.61953604  0.75928104 -0.02794899]
  [ 0.6707759   0.6800922  -0.04658166]
  [ 0.6241942   0.6102198  -0.06521432]
  [ 0.55897987  0.56829625 -0.08850515]
  [ 0.5822707   0.44252577 -0.02329083]
  [ 0.62885237  0.30278078 -0.04192349]
  [ 0.65680134  0.20961747 -0.06521432]
  [ 0.6707759   0.11645414 -0.08384699]
  [ 0.49376556  0.46115842 -0.03260716]
  [ 0.49376556  0.30743894 -0.06055615]
  [ 0.46581656  0.19564296 -0.08384699]
  [ 0.42855126  0.11179598 -0.11179598]
  [ 0.42855126  0.51239824 -0.04658166]
  [ 0.39128593  0.39128593 -0.08384699]
  [ 0.42855126  0.44252577 -0.10247964]
  [ 0.45650026  0.5030819  -0.11179598]
  [ 0.36333695  0.5869289  -0.06521432]
  [ 0.32141346  0.47979107 -0.09782148]
  [ 0.34936243  0.4891074  -0.11645414]
  [ 0.3819696   0.5077401  -0.12111231]]

 [[ 0.47047475  0.82915354  0.        ]
  [ 0.36333695  0.7685973  -0.03726533]
  [ 0.3120971   0.63816875 -0.06055615]
  [ 0.36799508  0.5450054  -0.09316332]
  [ 0.4751329   0.49376556 -0.12577048]
  [ 0.3959441   0.44252577 -0.03726533]
  [ 0.36333695  0.26551545 -0.07453065]
  [ 0.3540206   0.14440313 -0.09316332]
  [ 0.34470424  0.03726533 -0.11645414]
  [ 0.5077401   0.4471839  -0.04658166]
  [ 0.5030819   0.25619912 -0.07918882]
  [ 0.5030819   0.15371947 -0.10247964]
  [ 0.5030819   0.09316332 -0.12577048]
  [ 0.60556155  0.49842376 -0.05589799]
  [ 0.6148779   0.34936243 -0.08850515]
  [ 0.57295436  0.43320942 -0.09782148]
  [ 0.53568906  0.52171457 -0.09316332]
  [ 0.67543405  0.57295436 -0.06987248]
  [ 0.6707759   0.4891074  -0.10247964]
  [ 0.60556155  0.5636381  -0.10713781]
  [ 0.5496636   0.63351053 -0.10247964]]]
flags: [[0.9933983]
 [0.       ]]
normalized_landmarks: [[[ 0.55897987  0.81983715  0.        ]
  [ 0.6521432   0.74530655 -0.04192349]
  [ 0.69872487  0.67543405 -0.06521432]
  [ 0.6428269   0.61953604 -0.09316332]
  [ 0.56829625  0.5776125  -0.12111231]
  [ 0.6148779   0.43786758 -0.04658166]
  [ 0.6614595   0.28414813 -0.07918882]
  [ 0.6707759   0.1770103  -0.10713781]
  [ 0.67543405  0.07453065 -0.13042864]
  [ 0.52171457  0.46115842 -0.05123982]
  [ 0.5030819   0.28414813 -0.08850515]
  [ 0.45650026  0.1630358  -0.12577048]
  [ 0.41923493  0.07453065 -0.15371947]
  [ 0.4471839   0.5170564  -0.05589799]
  [ 0.40060228  0.40060228 -0.09782148]
  [ 0.43786758  0.45184207 -0.12577048]
  [ 0.47047475  0.5030819  -0.1350868 ]
  [ 0.37731144  0.59158707 -0.06987248]
  [ 0.32141346  0.4891074  -0.10713781]
  [ 0.34470424  0.49376556 -0.12577048]
  [ 0.37731144  0.5030819  -0.1350868 ]]

 [[ 0.44252577  0.8244953   0.        ]
  [ 0.34936243  0.7779137  -0.06055615]
  [ 0.30743894  0.6614595  -0.09782148]
  [ 0.37265328  0.5776125  -0.1350868 ]
  [ 0.4751329   0.52171457 -0.1770103 ]
  [ 0.3819696   0.4471839  -0.07918882]
  [ 0.3400461   0.26085728 -0.12111231]
  [ 0.33072975  0.13042864 -0.1490613 ]
  [ 0.31675526  0.03260716 -0.1770103 ]
  [ 0.49842376  0.46581656 -0.07453065]
  [ 0.52637273  0.24222462 -0.12111231]
  [ 0.51239824  0.12577048 -0.15371947]
  [ 0.5030819   0.05589799 -0.18166848]
  [ 0.5962452   0.52171457 -0.07918882]
  [ 0.6102198   0.37731144 -0.12111231]
  [ 0.5496636   0.47047475 -0.13042864]
  [ 0.49842376  0.5636381  -0.13042864]
  [ 0.6614595   0.5962452  -0.08850515]
  [ 0.6661177   0.51239824 -0.12577048]
  [ 0.5962452   0.59158707 -0.13042864]
  [ 0.5403472   0.6661177  -0.1350868 ]]]
flags: [[0.9738432]]
normalized_landmarks: [[[ 0.2701736   0.8803933   0.        ]
  [ 0.36333695  0.871077   -0.06055615]
  [ 0.43786758  0.8477861  -0.09782148]
  [ 0.44252577  0.78257185 -0.13974497]
  [ 0.42389306  0.6894085  -0.1770103 ]
  [ 0.5030819   0.61953604 -0.07918882]
  [ 0.63351053  0.49376556 -0.12111231]
  [ 0.71269935  0.42855126 -0.1490613 ]
  [ 0.7732555   0.3540206  -0.16769397]
  [ 0.41457677  0.5776125  -0.07453065]
  [ 0.49842376  0.39128593 -0.12577048]
  [ 0.5310309   0.2981226  -0.16769397]
  [ 0.55897987  0.22825013 -0.19564296]
  [ 0.3260716   0.57295436 -0.07453065]
  [ 0.36799508  0.47979107 -0.12111231]
  [ 0.40060228  0.56829625 -0.14440313]
  [ 0.41923493  0.6428269  -0.15371947]
  [ 0.23290828  0.6148779  -0.08384699]
  [ 0.22359195  0.5170564  -0.12577048]
  [ 0.24222462  0.5450054  -0.14440313]
  [ 0.26551545  0.5776125  -0.1490613 ]]]
flags: [[0.9855763]]
normalized_landmarks: [[[ 0.25619912  0.87573516  0.        ]
  [ 0.36799508  0.8524443  -0.05589799]
  [ 0.44252577  0.815179   -0.08850515]
  [ 0.43320942  0.7499647  -0.12577048]
  [ 0.4052604   0.6614595  -0.15837763]
  [ 0.47979107  0.6009034  -0.07453065]
  [ 0.6102198   0.46115842 -0.10713781]
  [ 0.6847504   0.39128593 -0.1350868 ]
  [ 0.74530655  0.31675526 -0.1490613 ]
  [ 0.3819696   0.56829625 -0.07453065]
  [ 0.45650026  0.3819696  -0.11645414]
  [ 0.48444924  0.27948993 -0.1490613 ]
  [ 0.51239824  0.20495929 -0.1770103 ]
  [ 0.2981226   0.5776125  -0.06987248]
  [ 0.33072975  0.46115842 -0.11179598]
  [ 0.36333695  0.5310309  -0.13042864]
  [ 0.38662776  0.59158707 -0.1350868 ]
  [ 0.20495929  0.62885237 -0.07918882]
  [ 0.18632664  0.51239824 -0.11645414]
  [ 0.21427563  0.52171457 -0.1350868 ]
  [ 0.25154096  0.5403472  -0.1350868 ]]]
flags: [[0.98166525]]
normalized_landmarks: [[[ 0.2748318   0.87573516  0.        ]
  [ 0.3819696   0.8571025  -0.04658166]
  [ 0.46581656  0.8244953  -0.07453065]
  [ 0.45650026  0.7639392  -0.10713781]
  [ 0.41923493  0.6707759  -0.13974497]
  [ 0.51239824  0.6148779  -0.05589799]
  [ 0.6474851   0.48444924 -0.08384699]
  [ 0.7266739   0.41923493 -0.11179598]
  [ 0.78723     0.3400461  -0.12577048]
  [ 0.41923493  0.5776125  -0.05589799]
  [ 0.5030819   0.39128593 -0.09316332]
  [ 0.53568906  0.29346445 -0.12577048]
  [ 0.56829625  0.21893379 -0.15371947]
  [ 0.33538795  0.57295436 -0.06055615]
  [ 0.37265328  0.46581656 -0.09782148]
  [ 0.4052604   0.5310309  -0.11645414]
  [ 0.42389306  0.5869289  -0.12111231]
  [ 0.24688278  0.6102198  -0.06521432]
  [ 0.22359195  0.49842376 -0.10247964]
  [ 0.25154096  0.5077401  -0.12111231]
  [ 0.27948993  0.52171457 -0.12577048]]]
flags: [[0.9699322]]
normalized_landmarks: [[[ 0.2748318   0.8571025   0.        ]
  [ 0.36799508  0.8338117  -0.04658166]
  [ 0.44252577  0.79654634 -0.07918882]
  [ 0.43786758  0.731332   -0.11179598]
  [ 0.41457677  0.6428269  -0.13974497]
  [ 0.49376556  0.5962452  -0.05123982]
  [ 0.6241942   0.47047475 -0.08384699]
  [ 0.703383    0.40991858 -0.10713781]
  [ 0.7639392   0.34470424 -0.12111231]
  [ 0.40991858  0.5543217  -0.05589799]
  [ 0.49376556  0.37265328 -0.09316332]
  [ 0.5310309   0.28414813 -0.12111231]
  [ 0.55897987  0.21427563 -0.14440313]
  [ 0.33538795  0.5543217  -0.05589799]
  [ 0.37731144  0.44252577 -0.09316332]
  [ 0.40060228  0.51239824 -0.10713781]
  [ 0.40991858  0.57295436 -0.11179598]
  [ 0.25154096  0.59158707 -0.06521432]
  [ 0.23756646  0.47047475 -0.09782148]
  [ 0.25154096  0.48444924 -0.11179598]
  [ 0.26551545  0.51239824 -0.11645414]]]
flags: [[0.9855763]]
normalized_landmarks: [[[ 0.29346445  0.88505155  0.        ]
  [ 0.42855126  0.871077   -0.04658166]
  [ 0.52637273  0.8477861  -0.07918882]
  [ 0.52171457  0.78257185 -0.11179598]
  [ 0.45650026  0.6894085  -0.14440313]
  [ 0.52637273  0.6009034  -0.05589799]
  [ 0.6521432   0.45650026 -0.08850515]
  [ 0.7173575   0.37265328 -0.11645414]
  [ 0.7639392   0.28880626 -0.1350868 ]
  [ 0.43320942  0.57295436 -0.06055615]
  [ 0.48444924  0.37731144 -0.10247964]
  [ 0.49376556  0.2701736  -0.13974497]
  [ 0.49842376  0.18632664 -0.16769397]
  [ 0.34936243  0.5776125  -0.06521432]
  [ 0.38662776  0.46115842 -0.10713781]
  [ 0.42389306  0.5450054  -0.12577048]
  [ 0.44252577  0.61953604 -0.1350868 ]
  [ 0.26085728  0.6241942  -0.07453065]
  [ 0.24688278  0.5077401  -0.11179598]
  [ 0.2701736   0.53568906 -0.13042864]
  [ 0.2981226   0.5822707  -0.13042864]]]
flags: [[0.9660212]]
normalized_landmarks: [[[ 0.2701736   0.8617607   0.        ]
  [ 0.37731144  0.843128   -0.04658166]
  [ 0.46115842  0.81983715 -0.07918882]
  [ 0.46115842  0.7499647  -0.11179598]
  [ 0.42855126  0.6521432  -0.13974497]
  [ 0.51239824  0.6102198  -0.05123982]
  [ 0.6428269   0.48444924 -0.08384699]
  [ 0.7266739   0.41923493 -0.11179598]
  [ 0.79654634  0.34470424 -0.12577048]
  [ 0.42855126  0.55897987 -0.05589799]
  [ 0.5170564   0.37265328 -0.09316332]
  [ 0.55897987  0.27948993 -0.13042864]
  [ 0.5962452   0.20495929 -0.15837763]
  [ 0.34470424  0.5450054  -0.05589799]
  [ 0.40060228  0.43320942 -0.09782148]
  [ 0.41457677  0.51239824 -0.11645414]
  [ 0.42855126  0.5822707  -0.12577048]
  [ 0.25619912  0.5776125  -0.06521432]
  [ 0.25619912  0.46115842 -0.10247964]
  [ 0.2701736   0.49376556 -0.12111231]
  [ 0.28880626  0.5310309  -0.12577048]]]
flags: [[0.9660212]]
normalized_landmarks: [[[ 0.2701736   0.8571025   0.        ]
  [ 0.36333695  0.8338117  -0.04192349]
  [ 0.44252577  0.80120456 -0.07453065]
  [ 0.44252577  0.731332   -0.10247964]
  [ 0.41457677  0.6428269  -0.13042864]
  [ 0.5030819   0.60556155 -0.04658166]
  [ 0.62885237  0.48444924 -0.07453065]
  [ 0.71269935  0.41923493 -0.09782148]
  [ 0.7732555   0.34936243 -0.11179598]
  [ 0.41457677  0.5543217  -0.04658166]
  [ 0.5077401   0.37265328 -0.08384699]
  [ 0.5496636   0.28414813 -0.11179598]
  [ 0.59158707  0.20961747 -0.1350868 ]
  [ 0.33538795  0.5450054  -0.05123982]
  [ 0.37731144  0.43320942 -0.08850515]
  [ 0.40060228  0.5030819  -0.10247964]
  [ 0.40991858  0.55897987 -0.10713781]
  [ 0.25154096  0.5776125  -0.06055615]
  [ 0.24222462  0.45184207 -0.09316332]
  [ 0.25154096  0.4751329  -0.10713781]
  [ 0.26551545  0.5077401  -0.10713781]]]
flags: [[0.98166525]]
normalized_landmarks: [[[ 0.34936243  0.871077    0.        ]
  [ 0.46581656  0.8524443  -0.04658166]
  [ 0.5496636   0.81983715 -0.07918882]
  [ 0.5310309   0.7546229  -0.11645414]
  [ 0.47047475  0.6707759  -0.1490613 ]
  [ 0.53568906  0.5822707  -0.05589799]
  [ 0.63351053  0.44252577 -0.09316332]
  [ 0.6894085   0.36799508 -0.12111231]
  [ 0.7266739   0.28880626 -0.13974497]
  [ 0.44252577  0.5543217  -0.06055615]
  [ 0.47979107  0.37731144 -0.10247964]
  [ 0.47979107  0.2701736  -0.1350868 ]
  [ 0.47979107  0.1909848  -0.16769397]
  [ 0.36333695  0.56829625 -0.06521432]
  [ 0.37731144  0.46115842 -0.10713781]
  [ 0.41923493  0.5403472  -0.12111231]
  [ 0.44252577  0.6102198  -0.13042864]
  [ 0.27948993  0.61953604 -0.07453065]
  [ 0.25619912  0.5170564  -0.11179598]
  [ 0.28414813  0.5450054  -0.12577048]
  [ 0.30743894  0.5869289  -0.12577048]]]
flags: [[0.9933983]]
normalized_landmarks: [[[ 0.3540206   0.871077    0.        ]
  [ 0.47047475  0.8477861  -0.04658166]
  [ 0.55897987  0.8105208  -0.07918882]
  [ 0.5403472   0.74530655 -0.11645414]
  [ 0.47979107  0.6614595  -0.1490613 ]
  [ 0.53568906  0.57295436 -0.05589799]
  [ 0.63351053  0.44252577 -0.08850515]
  [ 0.6894085   0.36333695 -0.11645414]
  [ 0.731332    0.28414813 -0.13974497]
  [ 0.4471839   0.5496636  -0.05589799]
  [ 0.4751329   0.37265328 -0.10247964]
  [ 0.47979107  0.26551545 -0.1350868 ]
  [ 0.4751329   0.18166848 -0.1630358 ]
  [ 0.36799508  0.5636381  -0.06055615]
  [ 0.3819696   0.45184207 -0.10247964]
  [ 0.42855126  0.5310309  -0.12111231]
  [ 0.45184207  0.60556155 -0.12577048]
  [ 0.28414813  0.61953604 -0.07453065]
  [ 0.26551545  0.5077401  -0.10713781]
  [ 0.29346445  0.53568906 -0.12111231]
  [ 0.32141346  0.5869289  -0.12577048]]]
flags: [[0.9894873]]
normalized_landmarks: [[[ 0.28880626  0.8617607   0.        ]
  [ 0.4052604   0.843128   -0.04658166]
  [ 0.49376556  0.815179   -0.07918882]
  [ 0.49376556  0.7499647  -0.11179598]
  [ 0.43786758  0.6614595  -0.13974497]
  [ 0.5030819   0.5962452  -0.05123982]
  [ 0.6148779   0.46581656 -0.08384699]
  [ 0.6800922   0.3959441  -0.10713781]
  [ 0.731332    0.31675526 -0.12577048]
  [ 0.41923493  0.55897987 -0.05589799]
  [ 0.4751329   0.37731144 -0.09316332]
  [ 0.49842376  0.28414813 -0.12577048]
  [ 0.5170564   0.20961747 -0.1490613 ]
  [ 0.3400461   0.55897987 -0.06055615]
  [ 0.37265328  0.43786758 -0.10247964]
  [ 0.4052604   0.5170564  -0.11179598]
  [ 0.42389306  0.5869289  -0.12111231]
  [ 0.25619912  0.5962452  -0.06987248]
  [ 0.25154096  0.47979107 -0.10713781]
  [ 0.2748318   0.52637273 -0.11645414]
  [ 0.28880626  0.5822707  -0.11645414]]]
flags: [[0.9933983]]
normalized_landmarks: [[[ 0.34936243  0.87573516  0.        ]
  [ 0.47047475  0.8524443  -0.04192349]
  [ 0.5496636   0.8105208  -0.07453065]
  [ 0.53568906  0.7406483  -0.10713781]
  [ 0.47047475  0.65680134 -0.13974497]
  [ 0.5310309   0.5869289  -0.04658166]
  [ 0.62885237  0.45184207 -0.07918882]
  [ 0.6847504   0.37731144 -0.10247964]
  [ 0.7266739   0.2981226  -0.12111231]
  [ 0.44252577  0.55897987 -0.05123982]
  [ 0.4751329   0.3819696  -0.08850515]
  [ 0.48444924  0.27948993 -0.12111231]
  [ 0.47979107  0.19564296 -0.1490613 ]
  [ 0.36799508  0.56829625 -0.05589799]
  [ 0.38662776  0.45184207 -0.09782148]
  [ 0.42855126  0.5310309  -0.11179598]
  [ 0.4471839   0.60556155 -0.11645414]
  [ 0.28414813  0.61953604 -0.06987248]
  [ 0.2701736   0.5077401  -0.10247964]
  [ 0.30278078  0.5450054  -0.11645414]
  [ 0.3260716   0.5962452  -0.11645414]]]
flags: [[0.9973093]]
normalized_landmarks: [[[ 0.3959441   0.871077    0.        ]
  [ 0.5077401   0.83846986 -0.04658166]
  [ 0.5822707   0.78257185 -0.07453065]
  [ 0.5543217   0.71269935 -0.11179598]
  [ 0.48444924  0.63816875 -0.13974497]
  [ 0.5450054   0.55897987 -0.04658166]
  [ 0.61953604  0.42389306 -0.07918882]
  [ 0.6661177   0.3400461  -0.10713781]
  [ 0.69872487  0.25154096 -0.12577048]
  [ 0.45650026  0.5450054  -0.05123982]
  [ 0.47047475  0.3819696  -0.08384699]
  [ 0.45650026  0.2748318  -0.11645414]
  [ 0.43786758  0.18632664 -0.14440313]
  [ 0.3819696   0.56829625 -0.05589799]
  [ 0.37731144  0.46115842 -0.09316332]
  [ 0.42389306  0.52171457 -0.11179598]
  [ 0.45184207  0.5869289  -0.11645414]
  [ 0.30743894  0.6241942  -0.06521432]
  [ 0.27948993  0.52637273 -0.10247964]
  [ 0.31675526  0.5496636  -0.11179598]
  [ 0.34470424  0.5962452  -0.11645414]]]
flags: [[0.9855763]]
normalized_landmarks: [[[ 0.3260716   0.8571025   0.        ]
  [ 0.43786758  0.83846986 -0.04658166]
  [ 0.52637273  0.8058627  -0.07918882]
  [ 0.51239824  0.73599017 -0.11179598]
  [ 0.45650026  0.6521432  -0.14440313]
  [ 0.52637273  0.57295436 -0.05123982]
  [ 0.62885237  0.44252577 -0.08384699]
  [ 0.6894085   0.36799508 -0.11179598]
  [ 0.731332    0.28414813 -0.13042864]
  [ 0.43786758  0.5450054  -0.05589799]
  [ 0.48444924  0.36799508 -0.09316332]
  [ 0.4891074   0.2701736  -0.12577048]
  [ 0.49376556  0.18632664 -0.15371947]
  [ 0.36333695  0.5543217  -0.06055615]
  [ 0.38662776  0.44252577 -0.09782148]
  [ 0.41923493  0.5170564  -0.11645414]
  [ 0.43786758  0.5822707  -0.12111231]
  [ 0.27948993  0.60556155 -0.06987248]
  [ 0.26551545  0.49376556 -0.10713781]
  [ 0.29346445  0.52171457 -0.12111231]
  [ 0.31675526  0.5636381  -0.12111231]]]
flags: [[0.9894873]]
normalized_landmarks: [[[ 0.31675526  0.8571025   0.        ]
  [ 0.43320942  0.8338117  -0.04658166]
  [ 0.51239824  0.80120456 -0.07453065]
  [ 0.49842376  0.7266739  -0.10713781]
  [ 0.44252577  0.63816875 -0.13974497]
  [ 0.52171457  0.5776125  -0.04658166]
  [ 0.62885237  0.44252577 -0.07918882]
  [ 0.6894085   0.36333695 -0.10247964]
  [ 0.731332    0.27948993 -0.12111231]
  [ 0.43320942  0.5450054  -0.05123982]
  [ 0.48444924  0.36333695 -0.08850515]
  [ 0.49376556  0.26085728 -0.12111231]
  [ 0.5030819   0.1770103  -0.1490613 ]
  [ 0.3540206   0.5450054  -0.05589799]
  [ 0.38662776  0.43320942 -0.09782148]
  [ 0.41457677  0.5170564  -0.11179598]
  [ 0.43320942  0.59158707 -0.11645414]
  [ 0.2748318   0.59158707 -0.06521432]
  [ 0.26551545  0.47047475 -0.10247964]
  [ 0.28414813  0.51239824 -0.11645414]
  [ 0.30743894  0.56829625 -0.11645414]]]
flags: [[0.9933983]]
normalized_landmarks: [[[ 0.37265328  0.871077    0.        ]
  [ 0.4891074   0.8477861  -0.04658166]
  [ 0.5636381   0.8058627  -0.07918882]
  [ 0.5450054   0.73599017 -0.11179598]
  [ 0.4751329   0.6614595  -0.14440313]
  [ 0.5403472   0.5776125  -0.04658166]
  [ 0.6241942   0.44252577 -0.07918882]
  [ 0.6800922   0.36799508 -0.10713781]
  [ 0.7173575   0.28880626 -0.12577048]
  [ 0.45184207  0.55897987 -0.05123982]
  [ 0.4751329   0.38662776 -0.08850515]
  [ 0.47047475  0.28414813 -0.12111231]
  [ 0.46581656  0.20495929 -0.1490613 ]
  [ 0.37731144  0.57295436 -0.05589799]
  [ 0.3959441   0.46115842 -0.09782148]
  [ 0.42855126  0.53568906 -0.11179598]
  [ 0.4471839   0.60556155 -0.11645414]
  [ 0.2981226   0.6241942  -0.06987248]
  [ 0.28414813  0.51239824 -0.10247964]
  [ 0.31675526  0.5450054  -0.11179598]
  [ 0.33538795  0.5962452  -0.11645414]]]
flags: [[0.97775424]]
normalized_landmarks: [[[ 0.27948993  0.8477861   0.        ]
  [ 0.37265328  0.82915354 -0.04658166]
  [ 0.45184207  0.7918882  -0.07453065]
  [ 0.4471839   0.7266739  -0.10713781]
  [ 0.41457677  0.63816875 -0.13974497]
  [ 0.4891074   0.60556155 -0.05123982]
  [ 0.5962452   0.4891074  -0.08384699]
  [ 0.6614595   0.42855126 -0.11179598]
  [ 0.7080412   0.36333695 -0.12577048]
  [ 0.40991858  0.5636381  -0.05589799]
  [ 0.48444924  0.3959441  -0.09782148]
  [ 0.5170564   0.31675526 -0.12577048]
  [ 0.5496636   0.25619912 -0.1490613 ]
  [ 0.3400461   0.55897987 -0.06055615]
  [ 0.37731144  0.44252577 -0.10247964]
  [ 0.40060228  0.52171457 -0.11179598]
  [ 0.40991858  0.5869289  -0.12111231]
  [ 0.26085728  0.59158707 -0.06987248]
  [ 0.26551545  0.4751329  -0.10247964]
  [ 0.2748318   0.5170564  -0.11645414]
  [ 0.27948993  0.5636381  -0.11645414]]]
flags: [[0.9973093]]
normalized_landmarks: [[[ 0.41923493  0.871077    0.        ]
  [ 0.52637273  0.82915354 -0.04192349]
  [ 0.5962452   0.78257185 -0.06987248]
  [ 0.5636381   0.71269935 -0.10247964]
  [ 0.49376556  0.6474851  -0.13042864]
  [ 0.5403472   0.55897987 -0.03726533]
  [ 0.6148779   0.43320942 -0.06521432]
  [ 0.6521432   0.35867876 -0.08850515]
  [ 0.6800922   0.27948993 -0.10713781]
  [ 0.45184207  0.5496636  -0.04192349]
  [ 0.45650026  0.39128593 -0.07453065]
  [ 0.43786758  0.28880626 -0.10247964]
  [ 0.41457677  0.20495929 -0.12577048]
  [ 0.3819696   0.57295436 -0.04658166]
  [ 0.3819696   0.4751329  -0.08384699]
  [ 0.42389306  0.5496636  -0.09316332]
  [ 0.4471839   0.6241942  -0.09782148]
  [ 0.3120971   0.63351053 -0.06055615]
  [ 0.28414813  0.5403472  -0.08850515]
  [ 0.31675526  0.57295436 -0.09782148]
  [ 0.33538795  0.61953604 -0.09782148]]]
flags: [[0.8134915]]
normalized_landmarks: [[[ 0.2701736   0.82915354  0.        ]
  [ 0.34470424  0.80120456 -0.05123982]
  [ 0.40991858  0.7639392  -0.07453065]
  [ 0.4052604   0.6894085  -0.10247964]
  [ 0.39128593  0.6009034  -0.12577048]
  [ 0.46115842  0.5822707  -0.04658166]
  [ 0.57295436  0.46115842 -0.06987248]
  [ 0.6521432   0.4052604  -0.08850515]
  [ 0.71269935  0.3540206  -0.10247964]
  [ 0.3959441   0.5310309  -0.04192349]
  [ 0.4751329   0.36333695 -0.07453065]
  [ 0.5170564   0.27948993 -0.10247964]
  [ 0.5543217   0.22359195 -0.12577048]
  [ 0.3260716   0.52171457 -0.04192349]
  [ 0.36799508  0.42855126 -0.07918882]
  [ 0.3819696   0.5030819  -0.09782148]
  [ 0.38662776  0.55897987 -0.10713781]
  [ 0.25154096  0.5450054  -0.04658166]
  [ 0.25154096  0.4471839  -0.08384699]
  [ 0.26085728  0.4751329  -0.10247964]
  [ 0.26551545  0.5030819  -0.10713781]]]
flags: [[0.9894873]]
normalized_landmarks: [[[ 0.3400461   0.8477861   0.        ]
  [ 0.44252577  0.8105208  -0.03726533]
  [ 0.5077401   0.7639392  -0.06987248]
  [ 0.4891074   0.69872487 -0.10247964]
  [ 0.45184207  0.61953604 -0.13042864]
  [ 0.49842376  0.56829625 -0.04192349]
  [ 0.5962452   0.43786758 -0.07453065]
  [ 0.6521432   0.37265328 -0.09782148]
  [ 0.69872487  0.2981226  -0.11645414]
  [ 0.41457677  0.5450054  -0.04658166]
  [ 0.45184207  0.37265328 -0.08384699]
  [ 0.46115842  0.28414813 -0.11645414]
  [ 0.4751329   0.21427563 -0.13974497]
  [ 0.34470424  0.55897987 -0.05589799]
  [ 0.36333695  0.4471839  -0.09316332]
  [ 0.40991858  0.51239824 -0.10713781]
  [ 0.42855126  0.5776125  -0.11179598]
  [ 0.2701736   0.60556155 -0.06521432]
  [ 0.25619912  0.49842376 -0.09782148]
  [ 0.28414813  0.52637273 -0.11179598]
  [ 0.30278078  0.56829625 -0.11179598]]]
flags: [[0.9933983]]
normalized_landmarks: [[[ 0.33538795  0.8571025   0.        ]
  [ 0.43786758  0.815179   -0.03726533]
  [ 0.5030819   0.75928104 -0.06521432]
  [ 0.47979107  0.6894085  -0.09316332]
  [ 0.43786758  0.6102198  -0.12111231]
  [ 0.49376556  0.56829625 -0.03726533]
  [ 0.59158707  0.44252577 -0.06521432]
  [ 0.6474851   0.37265328 -0.08850515]
  [ 0.6894085   0.30278078 -0.10247964]
  [ 0.41457677  0.5450054  -0.04658166]
  [ 0.45650026  0.36799508 -0.07918882]
  [ 0.47047475  0.27948993 -0.10247964]
  [ 0.47979107  0.20495929 -0.12577048]
  [ 0.34936243  0.55897987 -0.05123982]
  [ 0.37265328  0.43786758 -0.08850515]
  [ 0.41923493  0.51239824 -0.09782148]
  [ 0.43786758  0.57295436 -0.09782148]
  [ 0.27948993  0.6102198  -0.06521432]
  [ 0.2701736   0.49376556 -0.09316332]
  [ 0.2981226   0.52637273 -0.10247964]
  [ 0.32141346  0.5636381  -0.10247964]]]
flags: [[0.9973093]]
normalized_landmarks: [[[ 0.35867876  0.8803933   0.        ]
  [ 0.47047475  0.843128   -0.03726533]
  [ 0.5450054   0.78257185 -0.06521432]
  [ 0.52171457  0.71269935 -0.09782148]
  [ 0.46581656  0.63351053 -0.12577048]
  [ 0.52171457  0.5776125  -0.04658166]
  [ 0.6102198   0.44252577 -0.07453065]
  [ 0.6614595   0.37265328 -0.09316332]
  [ 0.6940667   0.2981226  -0.10713781]
  [ 0.43320942  0.5636381  -0.05123982]
  [ 0.46115842  0.3819696  -0.08384699]
  [ 0.45650026  0.27948993 -0.11179598]
  [ 0.4471839   0.20030114 -0.13042864]
  [ 0.36333695  0.5869289  -0.05589799]
  [ 0.38662776  0.47047475 -0.09316332]
  [ 0.43320942  0.5403472  -0.09782148]
  [ 0.45184207  0.60556155 -0.10247964]
  [ 0.28880626  0.6428269  -0.06987248]
  [ 0.27948993  0.5403472  -0.09782148]
  [ 0.31675526  0.55897987 -0.10713781]
  [ 0.34470424  0.5869289  -0.10713781]]]
flags: [[0.9973093]]
normalized_landmarks: [[[ 0.32141346  0.843128    0.        ]
  [ 0.42855126  0.815179   -0.03726533]
  [ 0.49842376  0.7639392  -0.06521432]
  [ 0.47979107  0.69872487 -0.09782148]
  [ 0.43320942  0.6148779  -0.12577048]
  [ 0.4891074   0.5543217  -0.04192349]
  [ 0.5822707   0.42855126 -0.07453065]
  [ 0.63351053  0.35867876 -0.09316332]
  [ 0.6707759   0.28414813 -0.11179598]
  [ 0.4052604   0.5310309  -0.05123982]
  [ 0.4471839   0.3540206  -0.08384699]
  [ 0.46115842  0.26085728 -0.11179598]
  [ 0.46581656  0.18166848 -0.1350868 ]
  [ 0.3400461   0.5450054  -0.05589799]
  [ 0.37265328  0.43786758 -0.09316332]
  [ 0.41457677  0.51239824 -0.10247964]
  [ 0.42855126  0.5776125  -0.10247964]
  [ 0.26551545  0.6009034  -0.07453065]
  [ 0.2701736   0.49842376 -0.10247964]
  [ 0.2981226   0.5310309  -0.11179598]
  [ 0.31675526  0.57295436 -0.11179598]]]
flags: [[0.9855763]]
normalized_landmarks: [[[ 0.2748318   0.82915354  0.        ]
  [ 0.37731144  0.7918882  -0.03260716]
  [ 0.44252577  0.74530655 -0.05589799]
  [ 0.43320942  0.6707759  -0.07918882]
  [ 0.4052604   0.59158707 -0.10247964]
  [ 0.45184207  0.5636381  -0.02794899]
  [ 0.5496636   0.44252577 -0.05123982]
  [ 0.6148779   0.39128593 -0.06521432]
  [ 0.6614595   0.3260716  -0.07453065]
  [ 0.37265328  0.52637273 -0.03260716]
  [ 0.43320942  0.3540206  -0.06055615]
  [ 0.46115842  0.2701736  -0.08384699]
  [ 0.48444924  0.20030114 -0.10247964]
  [ 0.3120971   0.5310309  -0.04192349]
  [ 0.34936243  0.42389306 -0.06987248]
  [ 0.3819696   0.49842376 -0.07918882]
  [ 0.40060228  0.5543217  -0.07918882]
  [ 0.24222462  0.57295436 -0.05123982]
  [ 0.24222462  0.47047475 -0.07918882]
  [ 0.26551545  0.5077401  -0.08850515]
  [ 0.27948993  0.5403472  -0.08850515]]]
flags: [[0.9699322]]
normalized_landmarks: [[[ 0.22825013  0.7918882   0.        ]
  [ 0.33538795  0.7546229  -0.03726533]
  [ 0.4052604   0.7080412  -0.05123982]
  [ 0.38662776  0.6241942  -0.07453065]
  [ 0.35867876  0.5450054  -0.08850515]
  [ 0.42389306  0.5403472  -0.02329083]
  [ 0.52171457  0.42389306 -0.04658166]
  [ 0.5869289   0.37265328 -0.06055615]
  [ 0.63816875  0.30743894 -0.06987248]
  [ 0.34936243  0.49376556 -0.02794899]
  [ 0.41457677  0.3260716  -0.05589799]
  [ 0.4471839   0.24688278 -0.07918882]
  [ 0.47979107  0.1770103  -0.10247964]
  [ 0.27948993  0.48444924 -0.03726533]
  [ 0.31675526  0.3959441  -0.06987248]
  [ 0.34470424  0.46581656 -0.08384699]
  [ 0.36333695  0.5170564  -0.09316332]
  [ 0.20961747  0.5170564  -0.04658166]
  [ 0.20495929  0.43320942 -0.07453065]
  [ 0.22359195  0.4751329  -0.09316332]
  [ 0.24222462  0.51239824 -0.09782148]]]
flags: [[0.96211016]]
normalized_landmarks: [[[ 0.20961747  0.75928104  0.        ]
  [ 0.3260716   0.71269935 -0.01863266]
  [ 0.40060228  0.6661177  -0.02794899]
  [ 0.3959441   0.5822707  -0.03726533]
  [ 0.37265328  0.5077401  -0.04658166]
  [ 0.40060228  0.52637273  0.        ]
  [ 0.4891074   0.41923493 -0.0139745 ]
  [ 0.5543217   0.3819696  -0.02329083]
  [ 0.6009034   0.3260716  -0.02794899]
  [ 0.33538795  0.47979107 -0.00931633]
  [ 0.38662776  0.32141346 -0.02794899]
  [ 0.42389306  0.24688278 -0.04658166]
  [ 0.45650026  0.18632664 -0.06521432]
  [ 0.2701736   0.46581656 -0.01863266]
  [ 0.30278078  0.38662776 -0.04658166]
  [ 0.3260716   0.45184207 -0.06521432]
  [ 0.33538795  0.48444924 -0.07453065]
  [ 0.20030114  0.48444924 -0.02794899]
  [ 0.20495929  0.41457677 -0.05589799]
  [ 0.22359195  0.45650026 -0.07453065]
  [ 0.24222462  0.4751329  -0.07918882]]]
flags: [[0.9894873]]
normalized_landmarks: [[[ 0.31675526  0.815179    0.        ]
  [ 0.43786758  0.7732555  -0.02794899]
  [ 0.49842376  0.7173575  -0.04658166]
  [ 0.49376556  0.6428269  -0.06987248]
  [ 0.46115842  0.56829625 -0.09316332]
  [ 0.45650026  0.5310309  -0.01863266]
  [ 0.5403472   0.42855126 -0.04192349]
  [ 0.59158707  0.37265328 -0.06055615]
  [ 0.62885237  0.30278078 -0.06987248]
  [ 0.3819696   0.51239824 -0.02329083]
  [ 0.40991858  0.35867876 -0.05123982]
  [ 0.41923493  0.2748318  -0.07453065]
  [ 0.42389306  0.19564296 -0.09782148]
  [ 0.3260716   0.52637273 -0.03260716]
  [ 0.34936243  0.42389306 -0.06521432]
  [ 0.37731144  0.47979107 -0.07453065]
  [ 0.39128593  0.52171457 -0.07453065]
  [ 0.26085728  0.57295436 -0.04658166]
  [ 0.24688278  0.46581656 -0.07453065]
  [ 0.2748318   0.45650026 -0.08384699]
  [ 0.30743894  0.45184207 -0.08384699]]]
flags: [[0.97775424]]
normalized_landmarks: [[[ 0.43320942  0.81983715  0.        ]
  [ 0.5403472   0.75928104 -0.03260716]
  [ 0.5962452   0.6847504  -0.05589799]
  [ 0.5962452   0.60556155 -0.08384699]
  [ 0.56829625  0.52637273 -0.11179598]
  [ 0.5310309   0.49842376 -0.03260716]
  [ 0.6009034   0.37265328 -0.05589799]
  [ 0.6428269   0.2981226  -0.08384699]
  [ 0.6707759   0.22359195 -0.09782148]
  [ 0.4471839   0.49842376 -0.03726533]
  [ 0.45650026  0.3400461  -0.06521432]
  [ 0.44252577  0.23756646 -0.09316332]
  [ 0.41923493  0.14440313 -0.12111231]
  [ 0.3819696   0.52637273 -0.04658166]
  [ 0.37265328  0.4052604  -0.07453065]
  [ 0.3959441   0.36333695 -0.09782148]
  [ 0.4052604   0.3400461  -0.11179598]
  [ 0.31675526  0.5822707  -0.06055615]
  [ 0.28414813  0.4751329  -0.08850515]
  [ 0.28414813  0.41923493 -0.10247964]
  [ 0.29346445  0.36799508 -0.11179598]]]
flags: [[0.9738432]]
normalized_landmarks: [[[ 0.5310309   0.8244953   0.        ]
  [ 0.6148779   0.73599017 -0.02329083]
  [ 0.6521432   0.6428269  -0.04658166]
  [ 0.63351053  0.55897987 -0.06987248]
  [ 0.6148779   0.4891074  -0.09782148]
  [ 0.5403472   0.48444924 -0.02794899]
  [ 0.56829625  0.35867876 -0.05123982]
  [ 0.5822707   0.27948993 -0.07453065]
  [ 0.59158707  0.20495929 -0.08850515]
  [ 0.47047475  0.5030819  -0.03726533]
  [ 0.43786758  0.3540206  -0.06055615]
  [ 0.3959441   0.25619912 -0.08384699]
  [ 0.34936243  0.17235212 -0.10247964]
  [ 0.41457677  0.5450054  -0.05123982]
  [ 0.37265328  0.41923493 -0.07918882]
  [ 0.34470424  0.32141346 -0.09782148]
  [ 0.3120971   0.23756646 -0.11179598]
  [ 0.35867876  0.6241942  -0.06521432]
  [ 0.29346445  0.5310309  -0.08850515]
  [ 0.2701736   0.47979107 -0.10247964]
  [ 0.25154096  0.42389306 -0.11179598]]]
flags: [[0.9660212 ]
 [0.03911017]]
normalized_landmarks: [[[ 0.57295436  0.8244953   0.        ]
  [ 0.6474851   0.7173575  -0.02794899]
  [ 0.6707759   0.6009034  -0.04658166]
  [ 0.6474851   0.5030819  -0.06987248]
  [ 0.63816875  0.42855126 -0.09316332]
  [ 0.53568906  0.46581656 -0.03726533]
  [ 0.53568906  0.33538795 -0.06521432]
  [ 0.53568906  0.25619912 -0.08850515]
  [ 0.5310309   0.17235212 -0.10247964]
  [ 0.46115842  0.5030819  -0.04658166]
  [ 0.40060228  0.3540206  -0.07918882]
  [ 0.3400461   0.2701736  -0.09782148]
  [ 0.28414813  0.19564296 -0.12111231]
  [ 0.40991858  0.5636381  -0.06055615]
  [ 0.33072975  0.4471839  -0.09316332]
  [ 0.2701736   0.36799508 -0.11645414]
  [ 0.21427563  0.29346445 -0.12577048]
  [ 0.36799508  0.65680134 -0.06987248]
  [ 0.2748318   0.5869289  -0.09782148]
  [ 0.23290828  0.5450054  -0.11179598]
  [ 0.18632664  0.4891074  -0.12111231]]

 [[ 0.53568906  0.8338117   0.        ]
  [ 0.40991858  0.78723    -0.05123982]
  [ 0.32141346  0.6707759  -0.08384699]
  [ 0.28880626  0.5776125  -0.11645414]
  [ 0.25619912  0.4891074  -0.15371947]
  [ 0.45184207  0.45184207 -0.05123982]
  [ 0.3959441   0.29346445 -0.08384699]
  [ 0.37265328  0.18632664 -0.11179598]
  [ 0.34936243  0.09316332 -0.13974497]
  [ 0.55897987  0.4471839  -0.05123982]
  [ 0.5496636   0.25619912 -0.07453065]
  [ 0.5496636   0.13042864 -0.10713781]
  [ 0.5450054   0.03260716 -0.1350868 ]
  [ 0.65680134  0.4751329  -0.05589799]
  [ 0.6521432   0.27948993 -0.07453065]
  [ 0.65680134  0.1630358  -0.10713781]
  [ 0.6428269   0.06521432 -0.13042864]
  [ 0.73599017  0.5310309  -0.06521432]
  [ 0.7779137   0.40060228 -0.08850515]
  [ 0.8105208   0.3120971  -0.10713781]
  [ 0.81983715  0.22359195 -0.12111231]]]
flags: [[0.93864405]
 [0.06648729]]
normalized_landmarks: [[[ 0.5636381   0.82915354  0.        ]
  [ 0.6428269   0.7173575  -0.02329083]
  [ 0.6707759   0.5822707  -0.03726533]
  [ 0.65680134  0.4751329  -0.05589799]
  [ 0.6428269   0.3959441  -0.07453065]
  [ 0.5310309   0.46581656 -0.03726533]
  [ 0.5310309   0.33072975 -0.06055615]
  [ 0.5310309   0.24222462 -0.07918882]
  [ 0.52171457  0.15837763 -0.09316332]
  [ 0.45650026  0.5077401  -0.04658166]
  [ 0.39128593  0.3540206  -0.07453065]
  [ 0.33072975  0.2701736  -0.08850515]
  [ 0.2701736   0.19564296 -0.10713781]
  [ 0.4052604   0.56829625 -0.05589799]
  [ 0.31675526  0.45184207 -0.08384699]
  [ 0.24688278  0.37265328 -0.10713781]
  [ 0.18632664  0.2981226  -0.11645414]
  [ 0.35867876  0.6614595  -0.06521432]
  [ 0.26085728  0.5962452  -0.08850515]
  [ 0.20495929  0.5636381  -0.10247964]
  [ 0.15371947  0.51239824 -0.11179598]]

 [[ 0.5543217   0.83846986  0.        ]
  [ 0.42855126  0.78723    -0.03726533]
  [ 0.34470424  0.67543405 -0.06055615]
  [ 0.30743894  0.5822707  -0.08384699]
  [ 0.25619912  0.5030819  -0.11645414]
  [ 0.47047475  0.4751329  -0.03726533]
  [ 0.40060228  0.33072975 -0.06521432]
  [ 0.3819696   0.23756646 -0.08850515]
  [ 0.3540206   0.15371947 -0.10713781]
  [ 0.56829625  0.46581656 -0.04192349]
  [ 0.5543217   0.28880626 -0.06055615]
  [ 0.5496636   0.18166848 -0.08850515]
  [ 0.5403472   0.09316332 -0.11179598]
  [ 0.6614595   0.48444924 -0.04658166]
  [ 0.65680134  0.30278078 -0.06521432]
  [ 0.6614595   0.20030114 -0.09316332]
  [ 0.6521432   0.11179598 -0.10713781]
  [ 0.731332    0.53568906 -0.05589799]
  [ 0.7685973   0.40991858 -0.07453065]
  [ 0.80120456  0.33072975 -0.08850515]
  [ 0.8105208   0.24688278 -0.10247964]]]
flags: [[0.930822  ]
 [0.09386441]]
normalized_landmarks: [[[ 0.56829625  0.8244953   0.        ]
  [ 0.6474851   0.71269935 -0.01863266]
  [ 0.6661177   0.5822707  -0.03260716]
  [ 0.6474851   0.47979107 -0.05123982]
  [ 0.6428269   0.40060228 -0.07453065]
  [ 0.53568906  0.47979107 -0.03260716]
  [ 0.5310309   0.3540206  -0.05589799]
  [ 0.52637273  0.2748318  -0.07453065]
  [ 0.5170564   0.19564296 -0.08850515]
  [ 0.46115842  0.52171457 -0.04658166]
  [ 0.40060228  0.37731144 -0.06987248]
  [ 0.3400461   0.2981226  -0.08850515]
  [ 0.28414813  0.22825013 -0.10247964]
  [ 0.41457677  0.5822707  -0.05589799]
  [ 0.33072975  0.47047475 -0.08384699]
  [ 0.26551545  0.3959441  -0.10247964]
  [ 0.20495929  0.3260716  -0.11179598]
  [ 0.3819696   0.6707759  -0.06521432]
  [ 0.28880626  0.60556155 -0.09316332]
  [ 0.24222462  0.5776125  -0.10247964]
  [ 0.1909848   0.53568906 -0.11179598]]

 [[ 0.5776125   0.8477861   0.        ]
  [ 0.45650026  0.80120456 -0.03260716]
  [ 0.36799508  0.6940667  -0.05123982]
  [ 0.32141346  0.60556155 -0.07918882]
  [ 0.26551545  0.5403472  -0.10247964]
  [ 0.46581656  0.5077401  -0.03726533]
  [ 0.39128593  0.37265328 -0.06521432]
  [ 0.36333695  0.29346445 -0.08850515]
  [ 0.33072975  0.21893379 -0.10713781]
  [ 0.55897987  0.4891074  -0.04192349]
  [ 0.5310309   0.32141346 -0.06521432]
  [ 0.52171457  0.22359195 -0.08850515]
  [ 0.5077401   0.13974497 -0.11179598]
  [ 0.6428269   0.5030819  -0.05123982]
  [ 0.63351053  0.33072975 -0.06987248]
  [ 0.63816875  0.23756646 -0.09316332]
  [ 0.61953604  0.15371947 -0.10713781]
  [ 0.7080412   0.5450054  -0.06055615]
  [ 0.74530655  0.42389306 -0.07918882]
  [ 0.7685973   0.3540206  -0.09316332]
  [ 0.7732555   0.2748318  -0.10247964]]]
flags: [[0.90735596]
 [0.04693221]]
normalized_landmarks: [[[ 0.5869289   0.8338117   0.        ]
  [ 0.6661177   0.7173575  -0.02329083]
  [ 0.6894085   0.5776125  -0.03726533]
  [ 0.6707759   0.46581656 -0.05589799]
  [ 0.6614595   0.37731144 -0.07918882]
  [ 0.5496636   0.46581656 -0.04192349]
  [ 0.5450054   0.33538795 -0.06521432]
  [ 0.5403472   0.24688278 -0.08850515]
  [ 0.5310309   0.1630358  -0.10247964]
  [ 0.47047475  0.51239824 -0.05123982]
  [ 0.4052604   0.35867876 -0.07918882]
  [ 0.3400461   0.2701736  -0.09782148]
  [ 0.27948993  0.19564296 -0.12111231]
  [ 0.41923493  0.5776125  -0.06055615]
  [ 0.33072975  0.46115842 -0.09316332]
  [ 0.26085728  0.37731144 -0.11645414]
  [ 0.19564296  0.2981226  -0.12577048]
  [ 0.37731144  0.6707759  -0.06987248]
  [ 0.27948993  0.60556155 -0.09782148]
  [ 0.22359195  0.56829625 -0.11179598]
  [ 0.17235212  0.52171457 -0.12111231]]

 [[ 0.5030819   0.8571025   0.        ]
  [ 0.40060228  0.78257185 -0.03260716]
  [ 0.33072975  0.6614595  -0.05589799]
  [ 0.30278078  0.5636381  -0.07918882]
  [ 0.26085728  0.48444924 -0.10713781]
  [ 0.46115842  0.49376556 -0.03260716]
  [ 0.41457677  0.34936243 -0.06055615]
  [ 0.4052604   0.26551545 -0.08384699]
  [ 0.39128593  0.18632664 -0.10247964]
  [ 0.5543217   0.49376556 -0.04192349]
  [ 0.55897987  0.3260716  -0.06055615]
  [ 0.5776125   0.23290828 -0.08384699]
  [ 0.59158707  0.15371947 -0.10713781]
  [ 0.63351053  0.52637273 -0.04658166]
  [ 0.6428269   0.3540206  -0.06521432]
  [ 0.6661177   0.25619912 -0.09316332]
  [ 0.67543405  0.17235212 -0.10713781]
  [ 0.6940667   0.5822707  -0.06055615]
  [ 0.74530655  0.47047475 -0.07918882]
  [ 0.78257185  0.3959441  -0.09316332]
  [ 0.8105208   0.32141346 -0.10247964]]]
flags: [[0.930822  ]
 [0.08213136]]
normalized_landmarks: [[[ 0.5776125   0.83846986  0.        ]
  [ 0.6614595   0.731332   -0.01863266]
  [ 0.6847504   0.5962452  -0.03260716]
  [ 0.6661177   0.4891074  -0.05123982]
  [ 0.65680134  0.4052604  -0.07453065]
  [ 0.5496636   0.4891074  -0.03726533]
  [ 0.55897987  0.3540206  -0.06055615]
  [ 0.5636381   0.2701736  -0.07918882]
  [ 0.55897987  0.1909848  -0.09316332]
  [ 0.4751329   0.52171457 -0.04658166]
  [ 0.42855126  0.37265328 -0.07453065]
  [ 0.36799508  0.28414813 -0.08850515]
  [ 0.3120971   0.20495929 -0.10713781]
  [ 0.42855126  0.5822707  -0.05589799]
  [ 0.34936243  0.46581656 -0.08850515]
  [ 0.28880626  0.37731144 -0.10713781]
  [ 0.22825013  0.2981226  -0.11645414]
  [ 0.3819696   0.6707759  -0.06521432]
  [ 0.29346445  0.5962452  -0.09316332]
  [ 0.24688278  0.55897987 -0.10713781]
  [ 0.20030114  0.5030819  -0.11645414]]

 [[ 0.5776125   0.8477861   0.        ]
  [ 0.45650026  0.80120456 -0.03260716]
  [ 0.36799508  0.69872487 -0.05123982]
  [ 0.31675526  0.6102198  -0.07918882]
  [ 0.26085728  0.5403472  -0.10713781]
  [ 0.46581656  0.5170564  -0.03726533]
  [ 0.38662776  0.38662776 -0.06521432]
  [ 0.3540206   0.30743894 -0.08850515]
  [ 0.32141346  0.23290828 -0.10713781]
  [ 0.5543217   0.49376556 -0.04192349]
  [ 0.52637273  0.33072975 -0.06521432]
  [ 0.51239824  0.23290828 -0.08850515]
  [ 0.49376556  0.1490613  -0.11179598]
  [ 0.63351053  0.5077401  -0.05123982]
  [ 0.6241942   0.33538795 -0.06987248]
  [ 0.62885237  0.24222462 -0.09782148]
  [ 0.60556155  0.15837763 -0.11179598]
  [ 0.703383    0.5496636  -0.06055615]
  [ 0.73599017  0.42855126 -0.08384699]
  [ 0.7639392   0.35867876 -0.09316332]
  [ 0.7639392   0.28414813 -0.10713781]]]
flags: [[0.8878009 ]
 [0.07430932]]
normalized_landmarks: [[[ 0.6009034   0.815179    0.        ]
  [ 0.6800922   0.69872487 -0.01863266]
  [ 0.6940667   0.5543217  -0.02794899]
  [ 0.6707759   0.43786758 -0.04192349]
  [ 0.6474851   0.3540206  -0.06055615]
  [ 0.5543217   0.45184207 -0.03726533]
  [ 0.5450054   0.31675526 -0.05589799]
  [ 0.53568906  0.22825013 -0.07453065]
  [ 0.52637273  0.14440313 -0.08384699]
  [ 0.48444924  0.49376556 -0.04658166]
  [ 0.41457677  0.34470424 -0.06521432]
  [ 0.34936243  0.25154096 -0.08384699]
  [ 0.28414813  0.1770103  -0.10247964]
  [ 0.43320942  0.5636381  -0.05123982]
  [ 0.34470424  0.4471839  -0.07918882]
  [ 0.2748318   0.35867876 -0.10247964]
  [ 0.20495929  0.27948993 -0.11179598]
  [ 0.3959441   0.65680134 -0.06055615]
  [ 0.29346445  0.59158707 -0.08384699]
  [ 0.23756646  0.55897987 -0.10247964]
  [ 0.18166848  0.5030819  -0.11179598]]

 [[ 0.53568906  0.8524443   0.        ]
  [ 0.41923493  0.7918882  -0.03260716]
  [ 0.33538795  0.6707759  -0.05589799]
  [ 0.30278078  0.57295436 -0.07918882]
  [ 0.25154096  0.49376556 -0.10713781]
  [ 0.46115842  0.49376556 -0.03726533]
  [ 0.40060228  0.34470424 -0.06521432]
  [ 0.3819696   0.25154096 -0.08850515]
  [ 0.36333695  0.16769397 -0.10247964]
  [ 0.55897987  0.48444924 -0.04192349]
  [ 0.5450054   0.3120971  -0.06521432]
  [ 0.5496636   0.20495929 -0.08384699]
  [ 0.5496636   0.12111231 -0.10713781]
  [ 0.6428269   0.51239824 -0.04658166]
  [ 0.6428269   0.33538795 -0.06521432]
  [ 0.65680134  0.23756646 -0.09316332]
  [ 0.6521432   0.1490613  -0.10247964]
  [ 0.71269935  0.5636381  -0.06055615]
  [ 0.7546229   0.44252577 -0.07918882]
  [ 0.78723     0.36799508 -0.09316332]
  [ 0.80120456  0.28880626 -0.10247964]]]
flags: [[0.915178  ]
 [0.05866525]]
normalized_landmarks: [[[ 0.5822707   0.8338117   0.        ]
  [ 0.6614595   0.7173575  -0.01863266]
  [ 0.6800922   0.5776125  -0.03726533]
  [ 0.6521432   0.46581656 -0.05589799]
  [ 0.63816875  0.3819696  -0.07453065]
  [ 0.5450054   0.47047475 -0.03726533]
  [ 0.5403472   0.3400461  -0.06055615]
  [ 0.5403472   0.25154096 -0.07918882]
  [ 0.53568906  0.17235212 -0.09316332]
  [ 0.47047475  0.51239824 -0.04658166]
  [ 0.40991858  0.36333695 -0.07453065]
  [ 0.34936243  0.2748318  -0.08850515]
  [ 0.29346445  0.19564296 -0.10713781]
  [ 0.41923493  0.5776125  -0.05589799]
  [ 0.33538795  0.45650026 -0.08850515]
  [ 0.2701736   0.37265328 -0.10713781]
  [ 0.20961747  0.29346445 -0.11645414]
  [ 0.3819696   0.6707759  -0.06521432]
  [ 0.28414813  0.6009034  -0.09316332]
  [ 0.23290828  0.5636381  -0.10713781]
  [ 0.18166848  0.51239824 -0.11645414]]

 [[ 0.52171457  0.8571025   0.        ]
  [ 0.40991858  0.78723    -0.03260716]
  [ 0.33072975  0.6661177  -0.05589799]
  [ 0.30278078  0.56829625 -0.07918882]
  [ 0.26085728  0.48444924 -0.10713781]
  [ 0.46115842  0.49842376 -0.03726533]
  [ 0.40991858  0.34936243 -0.06521432]
  [ 0.39128593  0.26085728 -0.08384699]
  [ 0.36799508  0.1770103  -0.10247964]
  [ 0.5543217   0.49376556 -0.04192349]
  [ 0.5496636   0.32141346 -0.06521432]
  [ 0.55897987  0.21893379 -0.08384699]
  [ 0.55897987  0.1350868  -0.10713781]
  [ 0.63816875  0.52171457 -0.04658166]
  [ 0.6428269   0.34470424 -0.06521432]
  [ 0.6614595   0.25154096 -0.09316332]
  [ 0.6614595   0.15837763 -0.10713781]
  [ 0.69872487  0.57295436 -0.06055615]
  [ 0.74530655  0.45650026 -0.07918882]
  [ 0.78257185  0.3819696  -0.09316332]
  [ 0.80120456  0.30278078 -0.10247964]]]
flags: [[0.93473303]
 [0.09386441]]
normalized_landmarks: [[[ 0.5776125   0.843128    0.        ]
  [ 0.6614595   0.7266739  -0.02329083]
  [ 0.6800922   0.5869289  -0.03726533]
  [ 0.65680134  0.4751329  -0.05589799]
  [ 0.63816875  0.39128593 -0.07453065]
  [ 0.5450054   0.47979107 -0.03726533]
  [ 0.5450054   0.34470424 -0.06521432]
  [ 0.5403472   0.26085728 -0.08384699]
  [ 0.53568906  0.1770103  -0.09782148]
  [ 0.47047475  0.52171457 -0.04658166]
  [ 0.40991858  0.36799508 -0.07453065]
  [ 0.34936243  0.27948993 -0.09316332]
  [ 0.28880626  0.20495929 -0.11179598]
  [ 0.41923493  0.5869289  -0.05589799]
  [ 0.3400461   0.46581656 -0.08850515]
  [ 0.2748318   0.37731144 -0.10713781]
  [ 0.20961747  0.2981226  -0.12111231]
  [ 0.3819696   0.67543405 -0.06521432]
  [ 0.28880626  0.60556155 -0.09316332]
  [ 0.23290828  0.56829625 -0.10713781]
  [ 0.18166848  0.51239824 -0.11645414]]

 [[ 0.5822707   0.8338117   0.        ]
  [ 0.45650026  0.7918882  -0.03726533]
  [ 0.35867876  0.6800922  -0.05589799]
  [ 0.30743894  0.5869289  -0.08384699]
  [ 0.24688278  0.51239824 -0.11179598]
  [ 0.47047475  0.48444924 -0.03726533]
  [ 0.3819696   0.34470424 -0.06521432]
  [ 0.3540206   0.26085728 -0.08850515]
  [ 0.31675526  0.18166848 -0.10713781]
  [ 0.5636381   0.46581656 -0.04192349]
  [ 0.52637273  0.29346445 -0.06521432]
  [ 0.51239824  0.18632664 -0.08850515]
  [ 0.49376556  0.09316332 -0.11179598]
  [ 0.6521432   0.47979107 -0.04658166]
  [ 0.62885237  0.2981226  -0.06521432]
  [ 0.63351053  0.20030114 -0.09316332]
  [ 0.6102198   0.11179598 -0.10713781]
  [ 0.72201574  0.52171457 -0.06055615]
  [ 0.7546229   0.3959441  -0.07918882]
  [ 0.7779137   0.31675526 -0.09316332]
  [ 0.78257185  0.23290828 -0.10247964]]]
flags: [[0.93473303]
 [0.07039831]]
normalized_landmarks: [[[ 0.5776125   0.8524443   0.        ]
  [ 0.65680134  0.73599017 -0.01863266]
  [ 0.67543405  0.5962452  -0.03260716]
  [ 0.65680134  0.48444924 -0.05123982]
  [ 0.6474851   0.40060228 -0.06987248]
  [ 0.5403472   0.48444924 -0.03726533]
  [ 0.5450054   0.3540206  -0.05589799]
  [ 0.5496636   0.2701736  -0.07453065]
  [ 0.5450054   0.18632664 -0.08850515]
  [ 0.47047475  0.52637273 -0.04658166]
  [ 0.41457677  0.37265328 -0.06987248]
  [ 0.35867876  0.28414813 -0.08850515]
  [ 0.30278078  0.20495929 -0.10247964]
  [ 0.41923493  0.59158707 -0.05589799]
  [ 0.3400461   0.46581656 -0.08384699]
  [ 0.27948993  0.3819696  -0.10247964]
  [ 0.22359195  0.2981226  -0.11179598]
  [ 0.3819696   0.6800922  -0.06521432]
  [ 0.28880626  0.6102198  -0.09316332]
  [ 0.23756646  0.56829625 -0.10247964]
  [ 0.18632664  0.51239824 -0.11179598]]

 [[ 0.53568906  0.8617607   0.        ]
  [ 0.41923493  0.80120456 -0.03260716]
  [ 0.3400461   0.6847504  -0.05123982]
  [ 0.30743894  0.5869289  -0.07453065]
  [ 0.26551545  0.51239824 -0.10247964]
  [ 0.45184207  0.51239824 -0.03726533]
  [ 0.38662776  0.37265328 -0.06055615]
  [ 0.36333695  0.28414813 -0.08384699]
  [ 0.3400461   0.20495929 -0.10247964]
  [ 0.5403472   0.5030819  -0.03726533]
  [ 0.52637273  0.33072975 -0.06055615]
  [ 0.52637273  0.22825013 -0.08384699]
  [ 0.52171457  0.14440313 -0.10713781]
  [ 0.6241942   0.52171457 -0.04658166]
  [ 0.6241942   0.34470424 -0.06521432]
  [ 0.63351053  0.24688278 -0.08850515]
  [ 0.6241942   0.1630358  -0.10247964]
  [ 0.6940667   0.56829625 -0.06055615]
  [ 0.73599017  0.4471839  -0.07453065]
  [ 0.7639392   0.37731144 -0.08850515]
  [ 0.7779137   0.2981226  -0.09782148]]]
flags: [[0.91908896]
 [0.07822034]]
normalized_landmarks: [[[ 0.5822707   0.843128    0.        ]
  [ 0.6614595   0.731332   -0.01863266]
  [ 0.6847504   0.5962452  -0.02794899]
  [ 0.6614595   0.4891074  -0.04658166]
  [ 0.6474851   0.4052604  -0.06521432]
  [ 0.5496636   0.48444924 -0.03260716]
  [ 0.55897987  0.3540206  -0.05123982]
  [ 0.5543217   0.2701736  -0.06987248]
  [ 0.5496636   0.1909848  -0.08384699]
  [ 0.47979107  0.52171457 -0.04192349]
  [ 0.43320942  0.37265328 -0.06521432]
  [ 0.37265328  0.28880626 -0.07918882]
  [ 0.31675526  0.20961747 -0.09782148]
  [ 0.43320942  0.5869289  -0.05123982]
  [ 0.35867876  0.46115842 -0.07918882]
  [ 0.2981226   0.37731144 -0.09782148]
  [ 0.23756646  0.2981226  -0.10713781]
  [ 0.39128593  0.67543405 -0.06055615]
  [ 0.2981226   0.6009034  -0.08850515]
  [ 0.25154096  0.55897987 -0.09782148]
  [ 0.20030114  0.5077401  -0.10713781]]

 [[ 0.5496636   0.8477861   0.        ]
  [ 0.42855126  0.7918882  -0.03260716]
  [ 0.34470424  0.6707759  -0.05589799]
  [ 0.30743894  0.57295436 -0.07918882]
  [ 0.26085728  0.49376556 -0.10713781]
  [ 0.46581656  0.49376556 -0.03726533]
  [ 0.40060228  0.34936243 -0.06521432]
  [ 0.37731144  0.25619912 -0.08850515]
  [ 0.3540206   0.17235212 -0.10247964]
  [ 0.5636381   0.48444924 -0.04192349]
  [ 0.5403472   0.30743894 -0.06521432]
  [ 0.5450054   0.20495929 -0.08384699]
  [ 0.5403472   0.11645414 -0.10713781]
  [ 0.6521432   0.5077401  -0.04658166]
  [ 0.6428269   0.33072975 -0.06521432]
  [ 0.6521432   0.23290828 -0.08850515]
  [ 0.6474851   0.13974497 -0.10247964]
  [ 0.72201574  0.5543217  -0.06055615]
  [ 0.75928104  0.43320942 -0.07453065]
  [ 0.78723     0.35867876 -0.08850515]
  [ 0.79654634  0.27948993 -0.09782148]]]
flags: [[0.911267  ]
 [0.03519915]]
normalized_landmarks: [[[ 0.5822707   0.82915354  0.        ]
  [ 0.65680134  0.7173575  -0.01863266]
  [ 0.6707759   0.5776125  -0.03260716]
  [ 0.6428269   0.4751329  -0.05123982]
  [ 0.6241942   0.39128593 -0.06987248]
  [ 0.5450054   0.47979107 -0.03260716]
  [ 0.53568906  0.34936243 -0.05589799]
  [ 0.5310309   0.2701736  -0.07453065]
  [ 0.52171457  0.1909848  -0.08850515]
  [ 0.4751329   0.52171457 -0.04658166]
  [ 0.41457677  0.37265328 -0.06987248]
  [ 0.3540206   0.28880626 -0.08384699]
  [ 0.2981226   0.21893379 -0.10247964]
  [ 0.42855126  0.5869289  -0.05589799]
  [ 0.34470424  0.46581656 -0.08384699]
  [ 0.27948993  0.3819696  -0.10247964]
  [ 0.22359195  0.30743894 -0.11179598]
  [ 0.39128593  0.67543405 -0.06521432]
  [ 0.2981226   0.60556155 -0.09316332]
  [ 0.24688278  0.56829625 -0.10247964]
  [ 0.19564296  0.5170564  -0.11179598]]

 [[ 0.52171457  0.843128    0.        ]
  [ 0.40060228  0.7779137  -0.03260716]
  [ 0.32141346  0.65680134 -0.05589799]
  [ 0.28880626  0.55897987 -0.07918882]
  [ 0.24688278  0.4751329  -0.10713781]
  [ 0.44252577  0.48444924 -0.03726533]
  [ 0.3819696   0.3400461  -0.06521432]
  [ 0.36333695  0.24688278 -0.08850515]
  [ 0.34470424  0.1630358  -0.10713781]
  [ 0.5403472   0.4751329  -0.04192349]
  [ 0.52637273  0.2981226  -0.06521432]
  [ 0.5310309   0.18632664 -0.08850515]
  [ 0.52637273  0.09782148 -0.11179598]
  [ 0.62885237  0.49842376 -0.05123982]
  [ 0.6241942   0.32141346 -0.06987248]
  [ 0.63816875  0.21893379 -0.09316332]
  [ 0.63351053  0.13042864 -0.10713781]
  [ 0.6894085   0.5496636  -0.06055615]
  [ 0.73599017  0.43320942 -0.07918882]
  [ 0.7685973   0.3540206  -0.09316332]
  [ 0.78723     0.27948993 -0.10247964]]]
flags: [[0.926911  ]
 [0.05866525]]
normalized_landmarks: [[[ 0.5776125   0.8477861   0.        ]
  [ 0.6521432   0.73599017 -0.01863266]
  [ 0.6800922   0.6009034  -0.03260716]
  [ 0.65680134  0.4891074  -0.05123982]
  [ 0.6428269   0.4052604  -0.07453065]
  [ 0.5450054   0.4891074  -0.03260716]
  [ 0.5543217   0.3540206  -0.05589799]
  [ 0.5543217   0.2701736  -0.07453065]
  [ 0.5496636   0.18632664 -0.08850515]
  [ 0.4751329   0.52171457 -0.04658166]
  [ 0.42389306  0.37265328 -0.06987248]
  [ 0.36799508  0.27948993 -0.08384699]
  [ 0.30743894  0.20030114 -0.10247964]
  [ 0.42389306  0.5869289  -0.05589799]
  [ 0.34936243  0.46115842 -0.08384699]
  [ 0.28880626  0.37265328 -0.10247964]
  [ 0.23290828  0.28880626 -0.11179598]
  [ 0.3819696   0.67543405 -0.06521432]
  [ 0.28880626  0.6009034  -0.09316332]
  [ 0.24222462  0.5543217  -0.10247964]
  [ 0.1909848   0.49842376 -0.11179598]]

 [[ 0.51239824  0.8571025   0.        ]
  [ 0.40060228  0.78723    -0.03260716]
  [ 0.3260716   0.6661177  -0.05589799]
  [ 0.2981226   0.5636381  -0.07918882]
  [ 0.26085728  0.47979107 -0.10713781]
  [ 0.45184207  0.49842376 -0.03726533]
  [ 0.3959441   0.34936243 -0.06521432]
  [ 0.3819696   0.26085728 -0.08384699]
  [ 0.36333695  0.1770103  -0.10247964]
  [ 0.5450054   0.49376556 -0.04192349]
  [ 0.53568906  0.32141346 -0.06055615]
  [ 0.5450054   0.21893379 -0.08384699]
  [ 0.5450054   0.13042864 -0.10713781]
  [ 0.62885237  0.5170564  -0.04658166]
  [ 0.63351053  0.34470424 -0.06521432]
  [ 0.6521432   0.24688278 -0.08850515]
  [ 0.6521432   0.15837763 -0.10247964]
  [ 0.6894085   0.56829625 -0.06055615]
  [ 0.73599017  0.45184207 -0.07453065]
  [ 0.7732555   0.3819696  -0.08850515]
  [ 0.7918882   0.30278078 -0.09782148]]]
flags: [[0.930822  ]
 [0.03519915]]
normalized_landmarks: [[[ 0.55897987  0.83846986  0.        ]
  [ 0.6474851   0.7266739  -0.01863266]
  [ 0.67543405  0.5962452  -0.03260716]
  [ 0.6614595   0.48444924 -0.05123982]
  [ 0.6521432   0.3959441  -0.06987248]
  [ 0.5450054   0.47979107 -0.03260716]
  [ 0.5636381   0.34470424 -0.05589799]
  [ 0.56829625  0.25619912 -0.06987248]
  [ 0.56829625  0.17235212 -0.08384699]
  [ 0.47047475  0.5077401  -0.04192349]
  [ 0.43320942  0.3540206  -0.06521432]
  [ 0.3819696   0.26085728 -0.07918882]
  [ 0.33072975  0.1770103  -0.09316332]
  [ 0.41923493  0.5636381  -0.05123982]
  [ 0.3540206   0.43786758 -0.07453065]
  [ 0.30278078  0.34936243 -0.09782148]
  [ 0.24688278  0.26085728 -0.10713781]
  [ 0.37265328  0.6521432  -0.06055615]
  [ 0.28414813  0.57295436 -0.08384699]
  [ 0.23756646  0.5310309  -0.09782148]
  [ 0.1909848   0.47047475 -0.10247964]]

 [[ 0.5030819   0.8617607   0.        ]
  [ 0.39128593  0.79654634 -0.04192349]
  [ 0.3120971   0.6707759  -0.06521432]
  [ 0.28880626  0.5636381  -0.09316332]
  [ 0.25154096  0.4751329  -0.12577048]
  [ 0.4471839   0.4891074  -0.04192349]
  [ 0.39128593  0.3400461  -0.07453065]
  [ 0.37731144  0.24688278 -0.09782148]
  [ 0.35867876  0.15371947 -0.11645414]
  [ 0.5496636   0.4891074  -0.04658166]
  [ 0.5403472   0.30743894 -0.06987248]
  [ 0.5496636   0.19564296 -0.09782148]
  [ 0.5543217   0.10247964 -0.12111231]
  [ 0.63351053  0.5170564  -0.05123982]
  [ 0.63816875  0.33538795 -0.07453065]
  [ 0.65680134  0.23290828 -0.10247964]
  [ 0.6614595   0.13974497 -0.11645414]
  [ 0.69872487  0.57295436 -0.06521432]
  [ 0.7499647   0.45184207 -0.08384699]
  [ 0.78257185  0.37265328 -0.10247964]
  [ 0.80120456  0.29346445 -0.11179598]]]
flags: [[0.90735596]
 [0.07430932]]
normalized_landmarks: [[[ 0.5869289   0.8244953   0.        ]
  [ 0.6614595   0.7080412  -0.01863266]
  [ 0.67543405  0.56829625 -0.03260716]
  [ 0.6474851   0.46115842 -0.05123982]
  [ 0.6241942   0.37731144 -0.06987248]
  [ 0.5450054   0.46115842 -0.03260716]
  [ 0.5403472   0.33072975 -0.05589799]
  [ 0.53568906  0.24222462 -0.07453065]
  [ 0.52637273  0.15837763 -0.08850515]
  [ 0.4751329   0.5030819  -0.04192349]
  [ 0.40991858  0.35867876 -0.06521432]
  [ 0.34936243  0.2701736  -0.08384699]
  [ 0.28880626  0.19564296 -0.10713781]
  [ 0.42389306  0.56829625 -0.05589799]
  [ 0.34470424  0.45184207 -0.08384699]
  [ 0.27948993  0.36799508 -0.10247964]
  [ 0.21893379  0.29346445 -0.11645414]
  [ 0.38662776  0.6614595  -0.06055615]
  [ 0.28880626  0.5962452  -0.08850515]
  [ 0.23756646  0.55897987 -0.10713781]
  [ 0.18166848  0.5030819  -0.11179598]]

 [[ 0.5543217   0.8338117   0.        ]
  [ 0.43786758  0.78257185 -0.03260716]
  [ 0.3540206   0.6707759  -0.05123982]
  [ 0.3120971   0.57295436 -0.07453065]
  [ 0.26551545  0.49842376 -0.10247964]
  [ 0.46115842  0.4891074  -0.03260716]
  [ 0.3819696   0.34936243 -0.06521432]
  [ 0.35867876  0.26085728 -0.08384699]
  [ 0.3260716   0.18166848 -0.10247964]
  [ 0.5496636   0.4751329  -0.04192349]
  [ 0.52171457  0.30278078 -0.06055615]
  [ 0.51239824  0.20030114 -0.08384699]
  [ 0.5030819   0.11179598 -0.10713781]
  [ 0.63351053  0.4891074  -0.04658166]
  [ 0.61953604  0.3120971  -0.06521432]
  [ 0.62885237  0.21427563 -0.09316332]
  [ 0.6148779   0.12577048 -0.10713781]
  [ 0.69872487  0.5310309  -0.06055615]
  [ 0.73599017  0.4052604  -0.07918882]
  [ 0.7639392   0.33072975 -0.09316332]
  [ 0.7732555   0.24688278 -0.10247964]]]
flags: [[0.930822  ]
 [0.03519915]]
normalized_landmarks: [[[ 0.5496636   0.80120456  0.        ]
  [ 0.6428269   0.7080412  -0.01863266]
  [ 0.6800922   0.5822707  -0.02794899]
  [ 0.6614595   0.47047475 -0.04658166]
  [ 0.6614595   0.3819696  -0.06521432]
  [ 0.5496636   0.44252577 -0.01863266]
  [ 0.5776125   0.30743894 -0.04192349]
  [ 0.59158707  0.22359195 -0.05589799]
  [ 0.6009034   0.14440313 -0.06987248]
  [ 0.4751329   0.46115842 -0.03260716]
  [ 0.45184207  0.3120971  -0.05123982]
  [ 0.41923493  0.22359195 -0.06987248]
  [ 0.3819696   0.14440313 -0.08384699]
  [ 0.41923493  0.51239824 -0.04658166]
  [ 0.37265328  0.3819696  -0.06987248]
  [ 0.33538795  0.27948993 -0.09316332]
  [ 0.2981226   0.1909848  -0.10247964]
  [ 0.35867876  0.5962452  -0.06055615]
  [ 0.28880626  0.5030819  -0.08384699]
  [ 0.25619912  0.4471839  -0.09782148]
  [ 0.22825013  0.38662776 -0.10713781]]

 [[ 0.4891074   0.8338117   0.        ]
  [ 0.3819696   0.75928104 -0.03726533]
  [ 0.32141346  0.61953604 -0.05589799]
  [ 0.31675526  0.5077401  -0.07918882]
  [ 0.2981226   0.41923493 -0.10247964]
  [ 0.4471839   0.47047475 -0.03726533]
  [ 0.40991858  0.32141346 -0.06055615]
  [ 0.40060228  0.23290828 -0.08384699]
  [ 0.39128593  0.14440313 -0.09782148]
  [ 0.5403472   0.4751329  -0.03726533]
  [ 0.53568906  0.30278078 -0.06055615]
  [ 0.5450054   0.20495929 -0.08384699]
  [ 0.5543217   0.12111231 -0.10247964]
  [ 0.61953604  0.5030819  -0.04658166]
  [ 0.61953604  0.33538795 -0.06521432]
  [ 0.63816875  0.23290828 -0.08850515]
  [ 0.6474851   0.14440313 -0.10247964]
  [ 0.6800922   0.55897987 -0.05589799]
  [ 0.71269935  0.43786758 -0.07453065]
  [ 0.7499647   0.36333695 -0.08850515]
  [ 0.7732555   0.28880626 -0.10247964]]]
flags: [[0.9973093]]
normalized_landmarks: [[[ 0.5403472   0.86641884  0.        ]
  [ 0.62885237  0.7546229   0.00465817]
  [ 0.6707759   0.6102198  -0.00931633]
  [ 0.6661177   0.5030819  -0.03726533]
  [ 0.63351053  0.41923493 -0.05123982]
  [ 0.52171457  0.51239824 -0.00931633]
  [ 0.5822707   0.40060228 -0.02794899]
  [ 0.6474851   0.45184207 -0.04192349]
  [ 0.69872487  0.52637273 -0.05123982]
  [ 0.43786758  0.5310309  -0.02794899]
  [ 0.5822707   0.53568906 -0.06055615]
  [ 0.61953604  0.65680134 -0.07918882]
  [ 0.61953604  0.7546229  -0.08850515]
  [ 0.3819696   0.5776125  -0.05123982]
  [ 0.53568906  0.5962452  -0.07453065]
  [ 0.57295436  0.69872487 -0.07918882]
  [ 0.57295436  0.7779137  -0.07918882]
  [ 0.33538795  0.63816875 -0.07453065]
  [ 0.44252577  0.6241942  -0.08850515]
  [ 0.47979107  0.6847504  -0.08384699]
  [ 0.4891074   0.7173575  -0.08384699]]]
flags: [[0.09386441]]
normalized_landmarks: [[[ 0.51239824  0.74530655  0.        ]
  [ 0.4052604   0.6428269  -0.00931633]
  [ 0.3400461   0.52171457 -0.00931633]
  [ 0.32141346  0.42389306 -0.01863266]
  [ 0.30743894  0.33538795 -0.02329083]
  [ 0.37731144  0.43320942 -0.02794899]
  [ 0.31675526  0.38662776 -0.02329083]
  [ 0.31675526  0.42855126 -0.02329083]
  [ 0.34470424  0.47979107 -0.02329083]
  [ 0.4052604   0.4891074  -0.02329083]
  [ 0.36799508  0.48444924 -0.01863266]
  [ 0.37265328  0.53568906 -0.01863266]
  [ 0.3959441   0.5822707  -0.02794899]
  [ 0.43786758  0.5496636  -0.01863266]
  [ 0.39128593  0.53568906 -0.0139745 ]
  [ 0.38662776  0.5450054  -0.01863266]
  [ 0.39128593  0.5450054  -0.02329083]
  [ 0.47047475  0.5869289  -0.00931633]
  [ 0.41923493  0.5869289  -0.00931633]
  [ 0.4052604   0.6102198  -0.00931633]
  [ 0.4052604   0.6102198  -0.00931633]]]
flags: [[0.97775424]]
normalized_landmarks: [[[ 0.61953604  0.8058627   0.        ]
  [ 0.7173575   0.6521432   0.        ]
  [ 0.7406483   0.5030819  -0.0139745 ]
  [ 0.74530655  0.40060228 -0.03726533]
  [ 0.74530655  0.2981226  -0.06055615]
  [ 0.56829625  0.39128593 -0.02329083]
  [ 0.65680134  0.33072975 -0.04658166]
  [ 0.731332    0.3120971  -0.06987248]
  [ 0.78723     0.30278078 -0.07918882]
  [ 0.51239824  0.44252577 -0.04192349]
  [ 0.6474851   0.4052604  -0.06521432]
  [ 0.7266739   0.42389306 -0.08384699]
  [ 0.7639392   0.4471839  -0.10247964]
  [ 0.48444924  0.5170564  -0.06521432]
  [ 0.6102198   0.49842376 -0.07918882]
  [ 0.6940667   0.49842376 -0.08850515]
  [ 0.7406483   0.5030819  -0.09316332]
  [ 0.47047475  0.60556155 -0.07918882]
  [ 0.56829625  0.5636381  -0.09316332]
  [ 0.6428269   0.5543217  -0.09782148]
  [ 0.6894085   0.5310309  -0.10247964]]]
flags: [[0.24248305]]
normalized_landmarks: [[[ 0.6614595   0.73599017  0.        ]
  [ 0.5403472   0.6102198   0.00931633]
  [ 0.48444924  0.47979107  0.00931633]
  [ 0.4891074   0.39128593  0.        ]
  [ 0.49376556  0.32141346 -0.00465817]
  [ 0.52637273  0.39128593  0.00465817]
  [ 0.5450054   0.27948993 -0.00465817]
  [ 0.57295436  0.20030114 -0.0139745 ]
  [ 0.5962452   0.12577048 -0.02329083]
  [ 0.5962452   0.42389306 -0.00931633]
  [ 0.6614595   0.3120971  -0.0139745 ]
  [ 0.7173575   0.23290828 -0.02329083]
  [ 0.7499647   0.1770103  -0.03260716]
  [ 0.67543405  0.46581656 -0.01863266]
  [ 0.7080412   0.33538795 -0.01863266]
  [ 0.7639392   0.24222462 -0.02794899]
  [ 0.7918882   0.1770103  -0.03260716]
  [ 0.7406483   0.5030819  -0.02794899]
  [ 0.74530655  0.40060228 -0.02794899]
  [ 0.7639392   0.34936243 -0.02794899]
  [ 0.7732555   0.30278078 -0.03260716]]]
flags: [[0.4615]]
normalized_landmarks: [[[0.65680134 0.6894085  0.        ]
  [0.5403472  0.57295436 0.00931633]
  [0.47047475 0.4471839  0.01863266]
  [0.46581656 0.34936243 0.02329083]
  [0.47047475 0.25619912 0.02329083]
  [0.51239824 0.33538795 0.03260716]
  [0.49376556 0.23756646 0.04192349]
  [0.48444924 0.16769397 0.04658166]
  [0.4751329  0.10247964 0.04192349]
  [0.57295436 0.34936243 0.02329083]
  [0.5822707  0.26085728 0.04192349]
  [0.5869289  0.20961747 0.04658166]
  [0.5869289  0.18166848 0.04658166]
  [0.63816875 0.37731144 0.01863266]
  [0.63351053 0.27948993 0.03726533]
  [0.6521432  0.22359195 0.04192349]
  [0.65680134 0.16769397 0.04658166]
  [0.703383   0.40991858 0.0139745 ]
  [0.6894085  0.33072975 0.02794899]
  [0.69872487 0.2981226  0.03260716]
  [0.69872487 0.26085728 0.03726533]]]
